/* ------------------------------------------------------------
   FILE:         C:\Documents and Settings\rolland\Desktop\kareo_data\data.sql
   
   DESCRIPTION:  Insert scripts for the following table(s)/view(s):

     [dbo].[SecurityGroupPermissions], [dbo].[SecurityGroup], [dbo].[SecurityGroup]
     [dbo].[UsersSecurityGroup], [dbo].[UserPassword], [dbo].[Users]
   
   AUTHOR:       Rolland Zeleznik                                       
   
   CREATED:      12/16/2004 17:22:55                                    
   ------------------------------------------------------------ */
--rollback
BEGIN TRAN

SET NOCOUNT ON

PRINT 'Deleting from table: [dbo].[SecurityGroupPermissions]'
DELETE FROM [dbo].[SecurityGroupPermissions] 

PRINT 'Deleting from table: [dbo].[UsersSecurityGroup]'
DELETE FROM [dbo].[UsersSecurityGroup] 

PRINT 'Deleting from table: [dbo].[SecurityGroup]'
DELETE FROM [dbo].[SecurityGroup] 

PRINT 'Deleting from table: [dbo].[UserPassword]'
DELETE FROM [dbo].[UserPassword] 

PRINT 'Deleting from table: [dbo].[Permissions]'
DELETE FROM [dbo].[Permissions]

PRINT 'Deleting from table: [dbo].[Customer]'
DELETE FROM [dbo].[Customer]

PRINT 'Deleting from table: [dbo].[SecurityGroup]'
DELETE FROM [dbo].[SecurityGroup]

PRINT 'Deleting from table: [dbo].[PermissionGroup]'
DELETE FROM [dbo].[PermissionGroup]

PRINT 'Deleting from table: [dbo].[SecuritySetting]'
DELETE FROM [dbo].[SecuritySetting]

PRINT 'Deleting from table: [dbo].[UsersSecurityGroup]'
DELETE FROM [dbo].[UsersSecurityGroup]

PRINT 'Deleting from table: [dbo].[Users]'
DELETE FROM [dbo].[Users]

PRINT 'Deleting from table: [dbo].[SubscriptionLastRun]'
DELETE FROM [dbo].[SubscriptionLastRun]

PRINT 'Deleting from table: [dbo].[SharedSystemPropertiesAndValues]'
DELETE FROM [dbo].[SharedSystemPropertiesAndValues]
   
PRINT 'Deleting from table: [dbo].[DemographicNumOfUsers]'
DELETE FROM [dbo].[DemographicNumOfUsers]

PRINT 'Deleting from table: [dbo].[DemographicNumOfPhysicians]'
DELETE FROM [dbo].[DemographicNumOfPhysicians]

PRINT 'Deleting from table: [dbo].[DemographicNumOfEmployees]'
DELETE FROM [dbo].[DemographicNumOfEmployees]

PRINT 'Deleting from table: [dbo].[DemographicMarketingSource]'
DELETE FROM [dbo].[DemographicMarketingSource]

PRINT 'Deleting from table: [dbo].[DemographicAnnualCompanyRevenue]'
DELETE FROM [dbo].[DemographicAnnualCompanyRevenue]

/* Insert scripts for table: [dbo].[DemographicAnnualCompanyRevenue] */
PRINT 'Inserting rows into table: [dbo].[DemographicAnnualCompanyRevenue]'

INSERT INTO [dbo].[DemographicAnnualCompanyRevenue] ([AnnualCompanyRevenueID], [AnnualCompanyRevenueCaption]) VALUES (0, 'Not Specified')
INSERT INTO [dbo].[DemographicAnnualCompanyRevenue] ([AnnualCompanyRevenueID], [AnnualCompanyRevenueCaption]) VALUES (1, 'Less than $100,000')
INSERT INTO [dbo].[DemographicAnnualCompanyRevenue] ([AnnualCompanyRevenueID], [AnnualCompanyRevenueCaption]) VALUES (2, '$101,000- $500,000')
INSERT INTO [dbo].[DemographicAnnualCompanyRevenue] ([AnnualCompanyRevenueID], [AnnualCompanyRevenueCaption]) VALUES (3, '$501,000 - $1 million')
INSERT INTO [dbo].[DemographicAnnualCompanyRevenue] ([AnnualCompanyRevenueID], [AnnualCompanyRevenueCaption]) VALUES (4, '$1 million - $5 million')
INSERT INTO [dbo].[DemographicAnnualCompanyRevenue] ([AnnualCompanyRevenueID], [AnnualCompanyRevenueCaption]) VALUES (5, '$5 million - $10 million')
INSERT INTO [dbo].[DemographicAnnualCompanyRevenue] ([AnnualCompanyRevenueID], [AnnualCompanyRevenueCaption]) VALUES (6, 'More than $10 million')

/* Insert scripts for table: [dbo].[DemographicMarketingSource] */
PRINT 'Inserting rows into table: [dbo].[DemographicMarketingSource]'

INSERT INTO [dbo].[DemographicMarketingSource] ([MarketingSourceID], [MarketingSourceCaption]) VALUES (0, 'Not Specified')
INSERT INTO [dbo].[DemographicMarketingSource] ([MarketingSourceID], [MarketingSourceCaption]) VALUES (1, 'Advertising')
INSERT INTO [dbo].[DemographicMarketingSource] ([MarketingSourceID], [MarketingSourceCaption]) VALUES (2, 'Direct Mail')
INSERT INTO [dbo].[DemographicMarketingSource] ([MarketingSourceID], [MarketingSourceCaption]) VALUES (3, 'Email')
INSERT INTO [dbo].[DemographicMarketingSource] ([MarketingSourceID], [MarketingSourceCaption]) VALUES (4, 'Kareo Partner')
INSERT INTO [dbo].[DemographicMarketingSource] ([MarketingSourceID], [MarketingSourceCaption]) VALUES (5, 'Press / Article')
INSERT INTO [dbo].[DemographicMarketingSource] ([MarketingSourceID], [MarketingSourceCaption]) VALUES (6, 'Event')
INSERT INTO [dbo].[DemographicMarketingSource] ([MarketingSourceID], [MarketingSourceCaption]) VALUES (7, 'Friend / Co-worker')
INSERT INTO [dbo].[DemographicMarketingSource] ([MarketingSourceID], [MarketingSourceCaption]) VALUES (8, 'Internet Search')
INSERT INTO [dbo].[DemographicMarketingSource] ([MarketingSourceID], [MarketingSourceCaption]) VALUES (9, 'Online Advertisement')
INSERT INTO [dbo].[DemographicMarketingSource] ([MarketingSourceID], [MarketingSourceCaption]) VALUES (10, 'Other')

/* Insert scripts for table: [dbo].[DemographicNumOfEmployees] */
PRINT 'Inserting rows into table: [dbo].[DemographicNumOfEmployees]'

INSERT INTO [dbo].[DemographicNumOfEmployees] ([NumOfEmployeesID], [NumOfEmployeesCaption]) VALUES (0, 'Not Specified')
INSERT INTO [dbo].[DemographicNumOfEmployees] ([NumOfEmployeesID], [NumOfEmployeesCaption]) VALUES (1, '1 employee')
INSERT INTO [dbo].[DemographicNumOfEmployees] ([NumOfEmployeesID], [NumOfEmployeesCaption]) VALUES (2, '2-5 employees')
INSERT INTO [dbo].[DemographicNumOfEmployees] ([NumOfEmployeesID], [NumOfEmployeesCaption]) VALUES (3, '6-15 employees')
INSERT INTO [dbo].[DemographicNumOfEmployees] ([NumOfEmployeesID], [NumOfEmployeesCaption]) VALUES (4, '16-30 employees')
INSERT INTO [dbo].[DemographicNumOfEmployees] ([NumOfEmployeesID], [NumOfEmployeesCaption]) VALUES (5, '31-100 employees')
INSERT INTO [dbo].[DemographicNumOfEmployees] ([NumOfEmployeesID], [NumOfEmployeesCaption]) VALUES (6, 'More than 100')

/* Insert scripts for table: [dbo].[DemographicNumOfPhysicians] */
PRINT 'Inserting rows into table: [dbo].[DemographicNumOfPhysicians]'

INSERT INTO [dbo].[DemographicNumOfPhysicians] ([NumOfPhysiciansID], [NumOfPhysiciansCaption]) VALUES (0, 'Not Specified')
INSERT INTO [dbo].[DemographicNumOfPhysicians] ([NumOfPhysiciansID], [NumOfPhysiciansCaption]) VALUES (1, '1 physician/client')
INSERT INTO [dbo].[DemographicNumOfPhysicians] ([NumOfPhysiciansID], [NumOfPhysiciansCaption]) VALUES (2, '2-10 physicians/clients')
INSERT INTO [dbo].[DemographicNumOfPhysicians] ([NumOfPhysiciansID], [NumOfPhysiciansCaption]) VALUES (3, '11-25 physicians/clients')
INSERT INTO [dbo].[DemographicNumOfPhysicians] ([NumOfPhysiciansID], [NumOfPhysiciansCaption]) VALUES (4, '26-50 physicians/clients')
INSERT INTO [dbo].[DemographicNumOfPhysicians] ([NumOfPhysiciansID], [NumOfPhysiciansCaption]) VALUES (5, '51-100 physicians/clients')
INSERT INTO [dbo].[DemographicNumOfPhysicians] ([NumOfPhysiciansID], [NumOfPhysiciansCaption]) VALUES (6, '101-200 physicians/clients')
INSERT INTO [dbo].[DemographicNumOfPhysicians] ([NumOfPhysiciansID], [NumOfPhysiciansCaption]) VALUES (7, 'More than 200')

/* Insert scripts for table: [dbo].[DemographicNumOfUsers] */
PRINT 'Inserting rows into table: [dbo].[DemographicNumOfUsers]'

INSERT INTO [dbo].[DemographicNumOfUsers] ([NumOfUsersID], [NumOfUsersCaption]) VALUES (0, 'Not Specified')
INSERT INTO [dbo].[DemographicNumOfUsers] ([NumOfUsersID], [NumOfUsersCaption]) VALUES (1, '1 user')
INSERT INTO [dbo].[DemographicNumOfUsers] ([NumOfUsersID], [NumOfUsersCaption]) VALUES (2, '2-5 users')
INSERT INTO [dbo].[DemographicNumOfUsers] ([NumOfUsersID], [NumOfUsersCaption]) VALUES (3, '6-15 users')
INSERT INTO [dbo].[DemographicNumOfUsers] ([NumOfUsersID], [NumOfUsersCaption]) VALUES (4, '16-30 users')
INSERT INTO [dbo].[DemographicNumOfUsers] ([NumOfUsersID], [NumOfUsersCaption]) VALUES (5, '31-100 users')
INSERT INTO [dbo].[DemographicNumOfUsers] ([NumOfUsersID], [NumOfUsersCaption]) VALUES (6, 'More than 100')


/* Insert scripts for table: [dbo].[PermissionGroup] */
PRINT 'Inserting rows into table: [dbo].[PermissionGroup]'
SET IDENTITY_INSERT dbo.Users OFF

SET IDENTITY_INSERT [dbo].[PermissionGroup] ON

INSERT INTO [dbo].[PermissionGroup] ([PermissionGroupID], [Name], [Description]) VALUES (5, 'Signing On', 'Signing on to Kareo applications.')
INSERT INTO [dbo].[PermissionGroup] ([PermissionGroupID], [Name], [Description]) VALUES (6, 'Managing Patients', 'Managing patient records including adding and updating patient records.')
INSERT INTO [dbo].[PermissionGroup] ([PermissionGroupID], [Name], [Description]) VALUES (7, 'Scheduling Appointments', 'Scheduling appointments and viewing the calendars.')
INSERT INTO [dbo].[PermissionGroup] ([PermissionGroupID], [Name], [Description]) VALUES (8, 'Entering and Tracking Encounters', 'Entering and tracking encounters through each stage of the billing process.')
INSERT INTO [dbo].[PermissionGroup] ([PermissionGroupID], [Name], [Description]) VALUES (9, 'Managing the Billing Process', 'Sending claims, receiving payments, posting transactions, and issuing refunds.')
INSERT INTO [dbo].[PermissionGroup] ([PermissionGroupID], [Name], [Description]) VALUES (10, 'Generating Reports', 'Displaying, printing, and saving reports.')
INSERT INTO [dbo].[PermissionGroup] ([PermissionGroupID], [Name], [Description]) VALUES (11, 'Setting Up Practices', 'Configuring practice settings including providers, service locations, group numbers, and more.')
INSERT INTO [dbo].[PermissionGroup] ([PermissionGroupID], [Name], [Description]) VALUES (12, 'Managing Practices', 'Managing practices including adding and updating practice information.')
INSERT INTO [dbo].[PermissionGroup] ([PermissionGroupID], [Name], [Description]) VALUES (13, 'Administering Security', 'Setting up user accounts and security groups, and configuring security policies.')
INSERT INTO [dbo].[PermissionGroup] ([PermissionGroupID], [Name], [Description]) VALUES (14, 'Setting Up Payers', 'Maintaining the master list of insurance plans and configuring electronic claims settings.')
INSERT INTO [dbo].[PermissionGroup] ([PermissionGroupID], [Name], [Description]) VALUES (15, 'Managing Codes', 'Managing various codes including procedures, diagnoses, adjustment codes, and more.')
INSERT INTO [dbo].[PermissionGroup] ([PermissionGroupID], [Name], [Description]) VALUES (16, 'Managing Customers', 'Managing customers including adding and updating customer information.')

SET IDENTITY_INSERT [dbo].[PermissionGroup] OFF

/* Insert scripts for table: [dbo].[SecurityGroup] */
PRINT 'Inserting rows into table: [dbo].[SecurityGroup]'

SET IDENTITY_INSERT [dbo].[SecurityGroup] ON

/* Warning - TIMESTAMP datatype not supported for Insert scripts */
INSERT INTO [dbo].[SecurityGroup] ([SecurityGroupID], [CustomerID], [SecurityGroupName], [SecurityGroupDescription], [CreatedDate], [CreatedUserID], [ModifiedDate], [ModifiedUserID], [ViewInMedicalOffice], [ViewInBusinessManager], [ViewInAdministrator], [ViewInServiceManager]) VALUES (26, NULL, 'Kareo Admin', 'Global Superadmin Group', '20041214 20:21:47.853', 0, '20041214 20:21:47.853', 0, 0, 0, 0, 1)
INSERT INTO [dbo].[SecurityGroup] ([SecurityGroupID], [CustomerID], [SecurityGroupName], [SecurityGroupDescription], [CreatedDate], [CreatedUserID], [ModifiedDate], [ModifiedUserID], [ViewInMedicalOffice], [ViewInBusinessManager], [ViewInAdministrator], [ViewInServiceManager]) VALUES (27, NULL, 'Kareo User', 'Global User Group', '20041214 20:22:05.743', 0, '20041214 20:22:05.743', 0, 0, 0, 0, 1)

SET IDENTITY_INSERT [dbo].[SecurityGroup] OFF


/* Insert scripts for table: [dbo].[Customer] */
PRINT 'Inserting rows into table: [dbo].[Customer]'

SET IDENTITY_INSERT [dbo].[Customer] ON

INSERT INTO [dbo].[Customer] ([CustomerID], [CompanyName], [AddressLine1], [AddressLine2], [City], [State], [Zip], [NumOfEmployeesID], [NumOfUsersID], [NumOfPhysiciansID], [AnnualCompanyRevenueID], [ContactPrefix], [ContactFirstName], [ContactMiddleName], [ContactLastName], [ContactSuffix], [ContactTitle], [ContactPhone], [ContactPhoneExt], [ContactEmail], [MarketingSourceID], [CustomerType], [AccountLocked], [DatabaseServerName], [DatabaseName], [DatabaseUsername], [DatabasePassword], [Notes], [DBActive], [CreatedDate], [CreatedUserID], [Comments], [ModifiedDate], [ModifiedUserID]) VALUES (1, 'PM&R Resources', '1234 Test St.', NULL, 'Tustin', 'CA', '92222', 0, 0, 0, 0, 'Mr.', 'PM', 'And', 'R', 'III', 'Test Title', '7144445555', '4567', 'test@kareo.com', 0, 'N', 0, 'k0', 'superbill_0001_prod', 'dev', NULL, 'Test', 1, '20041109 00:00:00.000', 0, NULL, '20041116 13:06:46.017', 0)

SET IDENTITY_INSERT [dbo].[Customer] OFF


/* Insert scripts for table: [dbo].[Permissions] */
PRINT 'Inserting rows into table: [dbo].[Permissions]'

SET IDENTITY_INSERT [dbo].[Permissions] ON

/* Warning - TIMESTAMP datatype not supported for Insert scripts */
INSERT INTO [dbo].[Permissions] ([PermissionID], [Name], [Description], [CreatedDate], [CreatedUserID], [ModifiedDate], [ModifiedUserID], [ViewInMedicalOffice], [ViewInBusinessManager], [ViewInAdministrator], [ViewInServiceManager], [PermissionGroupID], [PermissionValue]) VALUES (107, 'Sign on to Practitioner', 'Sign on to Kareo Practioner.', '20041115 14:54:51.700', 0, '20041115 14:54:51.700', 0, 1, 1, 1, 1, 5, 'SignOnToPractitioner')
INSERT INTO [dbo].[Permissions] ([PermissionID], [Name], [Description], [CreatedDate], [CreatedUserID], [ModifiedDate], [ModifiedUserID], [ViewInMedicalOffice], [ViewInBusinessManager], [ViewInAdministrator], [ViewInServiceManager], [PermissionGroupID], [PermissionValue]) VALUES (108, 'Sign on to Medical Office', 'Sign on to Kareo Medical Office.', '20041115 14:56:03.467', 0, '20041115 14:56:03.467', 0, 1, 1, 1, 1, 5, 'SignOnToMedicalOffice')
INSERT INTO [dbo].[Permissions] ([PermissionID], [Name], [Description], [CreatedDate], [CreatedUserID], [ModifiedDate], [ModifiedUserID], [ViewInMedicalOffice], [ViewInBusinessManager], [ViewInAdministrator], [ViewInServiceManager], [PermissionGroupID], [PermissionValue]) VALUES (109, 'Sign on to Business Manager', 'Sign on to Kareo Business Manager.', '20041115 14:56:12.873', 0, '20041115 14:56:12.873', 0, 0, 1, 1, 1, 5, 'SignOnToBusinessManager')
INSERT INTO [dbo].[Permissions] ([PermissionID], [Name], [Description], [CreatedDate], [CreatedUserID], [ModifiedDate], [ModifiedUserID], [ViewInMedicalOffice], [ViewInBusinessManager], [ViewInAdministrator], [ViewInServiceManager], [PermissionGroupID], [PermissionValue]) VALUES (110, 'Sign on to Administrator', 'Sign on to Kareo Administrator.', '20041115 14:57:25.297', 0, '20041115 14:57:25.297', 0, 0, 0, 1, 1, 5, 'SignOnToAdministrator')
INSERT INTO [dbo].[Permissions] ([PermissionID], [Name], [Description], [CreatedDate], [CreatedUserID], [ModifiedDate], [ModifiedUserID], [ViewInMedicalOffice], [ViewInBusinessManager], [ViewInAdministrator], [ViewInServiceManager], [PermissionGroupID], [PermissionValue]) VALUES (111, 'Sign on to Service Manager', 'Sign on to Kareo Service Manager.', '20041115 14:57:48.440', 0, '20041115 14:57:48.440', 0, 0, 0, 0, 1, 5, 'SignOnToServiceManager')
INSERT INTO [dbo].[Permissions] ([PermissionID], [Name], [Description], [CreatedDate], [CreatedUserID], [ModifiedDate], [ModifiedUserID], [ViewInMedicalOffice], [ViewInBusinessManager], [ViewInAdministrator], [ViewInServiceManager], [PermissionGroupID], [PermissionValue]) VALUES (112, 'Find Patient', 'Display and search a list of patient records.', '20041115 14:58:18.957', 0, '20041115 14:58:18.957', 0, 1, 1, 1, 1, 6, 'FindPatient')
INSERT INTO [dbo].[Permissions] ([PermissionID], [Name], [Description], [CreatedDate], [CreatedUserID], [ModifiedDate], [ModifiedUserID], [ViewInMedicalOffice], [ViewInBusinessManager], [ViewInAdministrator], [ViewInServiceManager], [PermissionGroupID], [PermissionValue]) VALUES (113, 'New Patient', 'Create a new patient record.', '20041115 14:58:34.970', 0, '20041115 14:58:34.970', 0, 1, 1, 1, 1, 6, 'NewPatient')
INSERT INTO [dbo].[Permissions] ([PermissionID], [Name], [Description], [CreatedDate], [CreatedUserID], [ModifiedDate], [ModifiedUserID], [ViewInMedicalOffice], [ViewInBusinessManager], [ViewInAdministrator], [ViewInServiceManager], [PermissionGroupID], [PermissionValue]) VALUES (114, 'Read Patient', 'Show the details of a patient record.', '20041115 14:58:53.130', 0, '20041115 14:58:53.130', 0, 1, 1, 1, 1, 6, 'ReadPatient')
INSERT INTO [dbo].[Permissions] ([PermissionID], [Name], [Description], [CreatedDate], [CreatedUserID], [ModifiedDate], [ModifiedUserID], [ViewInMedicalOffice], [ViewInBusinessManager], [ViewInAdministrator], [ViewInServiceManager], [PermissionGroupID], [PermissionValue]) VALUES (115, 'Edit Patient', 'Modify the details of a patient record.', '20041115 14:59:09.490', 0, '20041115 14:59:09.490', 0, 1, 1, 1, 1, 6, 'EditPatient')
INSERT INTO [dbo].[Permissions] ([PermissionID], [Name], [Description], [CreatedDate], [CreatedUserID], [ModifiedDate], [ModifiedUserID], [ViewInMedicalOffice], [ViewInBusinessManager], [ViewInAdministrator], [ViewInServiceManager], [PermissionGroupID], [PermissionValue]) VALUES (116, 'Print Patient', 'Print the details of a patient record.', '20041115 14:59:25.473', 0, '20041115 14:59:25.473', 0, 1, 1, 1, 1, 6, 'PrintPatient')
INSERT INTO [dbo].[Permissions] ([PermissionID], [Name], [Description], [CreatedDate], [CreatedUserID], [ModifiedDate], [ModifiedUserID], [ViewInMedicalOffice], [ViewInBusinessManager], [ViewInAdministrator], [ViewInServiceManager], [PermissionGroupID], [PermissionValue]) VALUES (117, 'Delete Patient', 'Delete a patient record.', '20041115 14:59:41.130', 0, '20041115 14:59:41.130', 0, 1, 1, 1, 1, 6, 'DeletePatient')
INSERT INTO [dbo].[Permissions] ([PermissionID], [Name], [Description], [CreatedDate], [CreatedUserID], [ModifiedDate], [ModifiedUserID], [ViewInMedicalOffice], [ViewInBusinessManager], [ViewInAdministrator], [ViewInServiceManager], [PermissionGroupID], [PermissionValue]) VALUES (118, 'Find Appointment', 'Display and search a list of appointments.', '20041115 15:01:46.150', 0, '20041115 15:01:46.150', 0, 1, 1, 1, 1, 7, 'FindAppointment')
INSERT INTO [dbo].[Permissions] ([PermissionID], [Name], [Description], [CreatedDate], [CreatedUserID], [ModifiedDate], [ModifiedUserID], [ViewInMedicalOffice], [ViewInBusinessManager], [ViewInAdministrator], [ViewInServiceManager], [PermissionGroupID], [PermissionValue]) VALUES (119, 'New Appointment', 'Schedule a new appointment.', '20041115 15:01:49.213', 0, '20041115 15:01:49.213', 0, 1, 1, 1, 1, 7, 'NewAppointment')
INSERT INTO [dbo].[Permissions] ([PermissionID], [Name], [Description], [CreatedDate], [CreatedUserID], [ModifiedDate], [ModifiedUserID], [ViewInMedicalOffice], [ViewInBusinessManager], [ViewInAdministrator], [ViewInServiceManager], [PermissionGroupID], [PermissionValue]) VALUES (120, 'Read Appointment', 'Show the details of an appointment record.', '20041115 15:01:52.570', 0, '20041115 15:01:52.570', 0, 1, 1, 1, 1, 7, 'ReadAppointment')
INSERT INTO [dbo].[Permissions] ([PermissionID], [Name], [Description], [CreatedDate], [CreatedUserID], [ModifiedDate], [ModifiedUserID], [ViewInMedicalOffice], [ViewInBusinessManager], [ViewInAdministrator], [ViewInServiceManager], [PermissionGroupID], [PermissionValue]) VALUES (121, 'Edit Appointment', 'Modify the details of an appointment record.', '20041115 15:01:56.010', 0, '20041115 15:01:56.010', 0, 1, 1, 1, 1, 7, 'EditAppointment')
INSERT INTO [dbo].[Permissions] ([PermissionID], [Name], [Description], [CreatedDate], [CreatedUserID], [ModifiedDate], [ModifiedUserID], [ViewInMedicalOffice], [ViewInBusinessManager], [ViewInAdministrator], [ViewInServiceManager], [PermissionGroupID], [PermissionValue]) VALUES (122, 'Print Appointment', 'Print a list of appointments by date range.', '20041115 15:01:58.917', 0, '20041115 15:01:58.917', 0, 1, 1, 1, 1, 7, 'PrintAppointments')
INSERT INTO [dbo].[Permissions] ([PermissionID], [Name], [Description], [CreatedDate], [CreatedUserID], [ModifiedDate], [ModifiedUserID], [ViewInMedicalOffice], [ViewInBusinessManager], [ViewInAdministrator], [ViewInServiceManager], [PermissionGroupID], [PermissionValue]) VALUES (123, 'Delete Appointment', 'Delete an appointment record.', '20041115 15:02:02.197', 0, '20041115 15:02:02.197', 0, 1, 1, 1, 1, 7, 'DeleteAppointment')
INSERT INTO [dbo].[Permissions] ([PermissionID], [Name], [Description], [CreatedDate], [CreatedUserID], [ModifiedDate], [ModifiedUserID], [ViewInMedicalOffice], [ViewInBusinessManager], [ViewInAdministrator], [ViewInServiceManager], [PermissionGroupID], [PermissionValue]) VALUES (124, 'Read Daily Calendar', 'Display the daily calendar of appointments.', '20041115 15:02:05.260', 0, '20041115 15:02:05.260', 0, 1, 1, 1, 1, 7, 'ReadDailyCalendar')
INSERT INTO [dbo].[Permissions] ([PermissionID], [Name], [Description], [CreatedDate], [CreatedUserID], [ModifiedDate], [ModifiedUserID], [ViewInMedicalOffice], [ViewInBusinessManager], [ViewInAdministrator], [ViewInServiceManager], [PermissionGroupID], [PermissionValue]) VALUES (125, 'Read Weekly Calendar', 'Display the weekly calendar of appointments.', '20041115 15:02:08.057', 0, '20041115 15:02:08.057', 0, 1, 1, 1, 1, 7, 'ReadWeeklyCalendar')
INSERT INTO [dbo].[Permissions] ([PermissionID], [Name], [Description], [CreatedDate], [CreatedUserID], [ModifiedDate], [ModifiedUserID], [ViewInMedicalOffice], [ViewInBusinessManager], [ViewInAdministrator], [ViewInServiceManager], [PermissionGroupID], [PermissionValue]) VALUES (126, 'Read Monthly Calendar', 'Display the monthly calendar of appointments.', '20041115 15:02:11.057', 0, '20041115 15:02:11.057', 0, 1, 1, 1, 1, 7, 'ReadMonthlyCalendar')
INSERT INTO [dbo].[Permissions] ([PermissionID], [Name], [Description], [CreatedDate], [CreatedUserID], [ModifiedDate], [ModifiedUserID], [ViewInMedicalOffice], [ViewInBusinessManager], [ViewInAdministrator], [ViewInServiceManager], [PermissionGroupID], [PermissionValue]) VALUES (127, 'Find Resource', 'Display and search a list of resources.', '20041115 15:02:14.680', 0, '20041115 15:02:14.680', 0, 1, 1, 1, 1, 7, 'FindResource')
INSERT INTO [dbo].[Permissions] ([PermissionID], [Name], [Description], [CreatedDate], [CreatedUserID], [ModifiedDate], [ModifiedUserID], [ViewInMedicalOffice], [ViewInBusinessManager], [ViewInAdministrator], [ViewInServiceManager], [PermissionGroupID], [PermissionValue]) VALUES (128, 'New Resource', 'Create a new resource.', '20041115 15:02:18.340', 0, '20041115 15:02:18.340', 0, 1, 1, 1, 1, 7, 'NewResource')
INSERT INTO [dbo].[Permissions] ([PermissionID], [Name], [Description], [CreatedDate], [CreatedUserID], [ModifiedDate], [ModifiedUserID], [ViewInMedicalOffice], [ViewInBusinessManager], [ViewInAdministrator], [ViewInServiceManager], [PermissionGroupID], [PermissionValue]) VALUES (129, 'Read Resource', 'Show the details of a resource.', '20041115 15:02:21.667', 0, '20041115 15:02:21.667', 0, 1, 1, 1, 1, 7, 'ReadResource')
INSERT INTO [dbo].[Permissions] ([PermissionID], [Name], [Description], [CreatedDate], [CreatedUserID], [ModifiedDate], [ModifiedUserID], [ViewInMedicalOffice], [ViewInBusinessManager], [ViewInAdministrator], [ViewInServiceManager], [PermissionGroupID], [PermissionValue]) VALUES (130, 'Edit Resource', 'Modify the details of a resource.', '20041115 15:02:25.307', 0, '20041115 15:02:25.307', 0, 1, 1, 1, 1, 7, 'EditResource')
INSERT INTO [dbo].[Permissions] ([PermissionID], [Name], [Description], [CreatedDate], [CreatedUserID], [ModifiedDate], [ModifiedUserID], [ViewInMedicalOffice], [ViewInBusinessManager], [ViewInAdministrator], [ViewInServiceManager], [PermissionGroupID], [PermissionValue]) VALUES (131, 'Delete Resource', 'Delete a resource record.', '20041115 15:02:28.870', 0, '20041115 15:02:28.870', 0, 1, 1, 1, 1, 7, 'DeleteResource')
INSERT INTO [dbo].[Permissions] ([PermissionID], [Name], [Description], [CreatedDate], [CreatedUserID], [ModifiedDate], [ModifiedUserID], [ViewInMedicalOffice], [ViewInBusinessManager], [ViewInAdministrator], [ViewInServiceManager], [PermissionGroupID], [PermissionValue]) VALUES (132, 'Find Appointment Reason', 'Display and search a list of appointment reasons.', '20041115 15:02:32.637', 0, '20041115 15:02:32.637', 0, 1, 1, 1, 1, 7, 'FindAppointmentReason')
INSERT INTO [dbo].[Permissions] ([PermissionID], [Name], [Description], [CreatedDate], [CreatedUserID], [ModifiedDate], [ModifiedUserID], [ViewInMedicalOffice], [ViewInBusinessManager], [ViewInAdministrator], [ViewInServiceManager], [PermissionGroupID], [PermissionValue]) VALUES (133, 'New Appointment Reason', 'Create a new appointment reason.', '20041115 15:02:35.463', 0, '20041115 15:02:35.463', 0, 1, 1, 1, 1, 7, 'NewAppointmentReason')
INSERT INTO [dbo].[Permissions] ([PermissionID], [Name], [Description], [CreatedDate], [CreatedUserID], [ModifiedDate], [ModifiedUserID], [ViewInMedicalOffice], [ViewInBusinessManager], [ViewInAdministrator], [ViewInServiceManager], [PermissionGroupID], [PermissionValue]) VALUES (134, 'Read Appointment Reason', 'Show the details of an appointment reason.', '20041115 15:02:38.497', 0, '20041115 15:02:38.497', 0, 1, 1, 1, 1, 7, 'ReadAppointmentReason')
INSERT INTO [dbo].[Permissions] ([PermissionID], [Name], [Description], [CreatedDate], [CreatedUserID], [ModifiedDate], [ModifiedUserID], [ViewInMedicalOffice], [ViewInBusinessManager], [ViewInAdministrator], [ViewInServiceManager], [PermissionGroupID], [PermissionValue]) VALUES (135, 'Edit Appointment Reason', 'Modify the details of an appointment reason.', '20041115 15:02:41.450', 0, '20041115 15:02:41.450', 0, 1, 1, 1, 1, 7, 'EditAppointmentReason')
INSERT INTO [dbo].[Permissions] ([PermissionID], [Name], [Description], [CreatedDate], [CreatedUserID], [ModifiedDate], [ModifiedUserID], [ViewInMedicalOffice], [ViewInBusinessManager], [ViewInAdministrator], [ViewInServiceManager], [PermissionGroupID], [PermissionValue]) VALUES (136, 'Delete Appointment Reason', 'Delete an appointment reason.', '20041115 15:02:44.400', 0, '20041115 15:02:44.400', 0, 1, 1, 1, 1, 7, 'DeleteAppointmentReason')
INSERT INTO [dbo].[Permissions] ([PermissionID], [Name], [Description], [CreatedDate], [CreatedUserID], [ModifiedDate], [ModifiedUserID], [ViewInMedicalOffice], [ViewInBusinessManager], [ViewInAdministrator], [ViewInServiceManager], [PermissionGroupID], [PermissionValue]) VALUES (137, 'Edit Appointment Options', 'Change the appointment options.', '20041115 15:02:47.167', 0, '20041115 15:02:47.167', 0, 1, 1, 1, 1, 7, 'EditAppointmentOptions')
INSERT INTO [dbo].[Permissions] ([PermissionID], [Name], [Description], [CreatedDate], [CreatedUserID], [ModifiedDate], [ModifiedUserID], [ViewInMedicalOffice], [ViewInBusinessManager], [ViewInAdministrator], [ViewInServiceManager], [PermissionGroupID], [PermissionValue]) VALUES (138, 'Find Encounter', 'Display and search a list of encounters.Create a new encounter.', '20041115 15:21:51.433', 0, '20041115 15:21:51.433', 0, 1, 1, 1, 1, 8, 'FindEncounter')
INSERT INTO [dbo].[Permissions] ([PermissionID], [Name], [Description], [CreatedDate], [CreatedUserID], [ModifiedDate], [ModifiedUserID], [ViewInMedicalOffice], [ViewInBusinessManager], [ViewInAdministrator], [ViewInServiceManager], [PermissionGroupID], [PermissionValue]) VALUES (139, 'New Encounter', 'Create a new encounter.', '20041115 15:21:56.980', 0, '20041115 15:21:56.980', 0, 1, 1, 1, 1, 8, 'NewEncounter')
INSERT INTO [dbo].[Permissions] ([PermissionID], [Name], [Description], [CreatedDate], [CreatedUserID], [ModifiedDate], [ModifiedUserID], [ViewInMedicalOffice], [ViewInBusinessManager], [ViewInAdministrator], [ViewInServiceManager], [PermissionGroupID], [PermissionValue]) VALUES (140, 'Read Encounter', 'Show the details of an encounter.', '20041115 15:21:59.900', 0, '20041115 15:21:59.900', 0, 1, 1, 1, 1, 8, 'ReadEncounter')
INSERT INTO [dbo].[Permissions] ([PermissionID], [Name], [Description], [CreatedDate], [CreatedUserID], [ModifiedDate], [ModifiedUserID], [ViewInMedicalOffice], [ViewInBusinessManager], [ViewInAdministrator], [ViewInServiceManager], [PermissionGroupID], [PermissionValue]) VALUES (141, 'Edit Encounter', 'Modify the details of an encounter.', '20041115 15:22:02.823', 0, '20041115 15:22:02.823', 0, 1, 1, 1, 1, 8, 'EditEncounter')
INSERT INTO [dbo].[Permissions] ([PermissionID], [Name], [Description], [CreatedDate], [CreatedUserID], [ModifiedDate], [ModifiedUserID], [ViewInMedicalOffice], [ViewInBusinessManager], [ViewInAdministrator], [ViewInServiceManager], [PermissionGroupID], [PermissionValue]) VALUES (142, 'Print Encounter', 'Print the details of an encounter.', '20041115 15:22:08.183', 0, '20041115 15:22:08.183', 0, 1, 1, 1, 1, 8, 'PrintEncounter')
INSERT INTO [dbo].[Permissions] ([PermissionID], [Name], [Description], [CreatedDate], [CreatedUserID], [ModifiedDate], [ModifiedUserID], [ViewInMedicalOffice], [ViewInBusinessManager], [ViewInAdministrator], [ViewInServiceManager], [PermissionGroupID], [PermissionValue]) VALUES (143, 'Delete Encounter', 'Delete an encounter.', '20041115 15:22:11.120', 0, '20041115 15:22:11.120', 0, 1, 1, 1, 1, 8, 'DeleteEncounter')
INSERT INTO [dbo].[Permissions] ([PermissionID], [Name], [Description], [CreatedDate], [CreatedUserID], [ModifiedDate], [ModifiedUserID], [ViewInMedicalOffice], [ViewInBusinessManager], [ViewInAdministrator], [ViewInServiceManager], [PermissionGroupID], [PermissionValue]) VALUES (144, 'Approve Encounter', 'Approve and create claims from an encounter.', '20041115 15:22:14.167', 0, '20041115 15:22:14.167', 0, 0, 1, 1, 1, 8, 'ApproveEncounter')
INSERT INTO [dbo].[Permissions] ([PermissionID], [Name], [Description], [CreatedDate], [CreatedUserID], [ModifiedDate], [ModifiedUserID], [ViewInMedicalOffice], [ViewInBusinessManager], [ViewInAdministrator], [ViewInServiceManager], [PermissionGroupID], [PermissionValue]) VALUES (145, 'Submit Encounter', 'Submit encounter to the business office.', '20041115 15:22:16.760', 0, '20041115 15:22:16.760', 0, 1, 1, 1, 1, 8, 'SubmitEncounter')
INSERT INTO [dbo].[Permissions] ([PermissionID], [Name], [Description], [CreatedDate], [CreatedUserID], [ModifiedDate], [ModifiedUserID], [ViewInMedicalOffice], [ViewInBusinessManager], [ViewInAdministrator], [ViewInServiceManager], [PermissionGroupID], [PermissionValue]) VALUES (146, 'Reject Encounter', 'Reject an encounter back to the front office.', '20041115 15:22:19.667', 0, '20041115 15:22:19.667', 0, 0, 1, 1, 1, 8, 'RejectEncounter')
INSERT INTO [dbo].[Permissions] ([PermissionID], [Name], [Description], [CreatedDate], [CreatedUserID], [ModifiedDate], [ModifiedUserID], [ViewInMedicalOffice], [ViewInBusinessManager], [ViewInAdministrator], [ViewInServiceManager], [PermissionGroupID], [PermissionValue]) VALUES (147, 'Find Mobile Encounter', 'Display and search a list of mobile encounters.', '20041115 15:22:22.480', 0, '20041115 15:22:22.480', 0, 1, 1, 1, 1, 8, 'FindMobileEncounter')
INSERT INTO [dbo].[Permissions] ([PermissionID], [Name], [Description], [CreatedDate], [CreatedUserID], [ModifiedDate], [ModifiedUserID], [ViewInMedicalOffice], [ViewInBusinessManager], [ViewInAdministrator], [ViewInServiceManager], [PermissionGroupID], [PermissionValue]) VALUES (148, 'New Mobile Encounter', 'Create a new mobile encounter.', '20041115 15:22:25.463', 0, '20041115 15:22:25.463', 0, 1, 1, 1, 1, 8, 'NewMobileEncounter')
INSERT INTO [dbo].[Permissions] ([PermissionID], [Name], [Description], [CreatedDate], [CreatedUserID], [ModifiedDate], [ModifiedUserID], [ViewInMedicalOffice], [ViewInBusinessManager], [ViewInAdministrator], [ViewInServiceManager], [PermissionGroupID], [PermissionValue]) VALUES (149, 'Read Mobile Encounter', 'Show the details of a mobile encounter.', '20041115 15:22:28.933', 0, '20041115 15:22:28.933', 0, 1, 1, 1, 1, 8, 'ReadMobileEncounter')
INSERT INTO [dbo].[Permissions] ([PermissionID], [Name], [Description], [CreatedDate], [CreatedUserID], [ModifiedDate], [ModifiedUserID], [ViewInMedicalOffice], [ViewInBusinessManager], [ViewInAdministrator], [ViewInServiceManager], [PermissionGroupID], [PermissionValue]) VALUES (150, 'Edit Mobile Encounter', 'Modify the details of a mobile encounter.', '20041115 15:22:32.153', 0, '20041115 15:22:32.153', 0, 1, 1, 1, 1, 8, 'EditMobileEncounter')
INSERT INTO [dbo].[Permissions] ([PermissionID], [Name], [Description], [CreatedDate], [CreatedUserID], [ModifiedDate], [ModifiedUserID], [ViewInMedicalOffice], [ViewInBusinessManager], [ViewInAdministrator], [ViewInServiceManager], [PermissionGroupID], [PermissionValue]) VALUES (151, 'Delete Mobile Encounter', 'Delete a mobile encounter.', '20041115 15:22:35.213', 0, '20041115 15:22:35.213', 0, 1, 1, 1, 1, 8, 'DeleteMobileEncounter')
INSERT INTO [dbo].[Permissions] ([PermissionID], [Name], [Description], [CreatedDate], [CreatedUserID], [ModifiedDate], [ModifiedUserID], [ViewInMedicalOffice], [ViewInBusinessManager], [ViewInAdministrator], [ViewInServiceManager], [PermissionGroupID], [PermissionValue]) VALUES (152, 'Convert Mobile Encounter', 'Convert a mobile encounter into a normal encounter.', '20041115 15:22:37.903', 0, '20041115 15:22:37.903', 0, 1, 1, 1, 1, 8, 'ConvertMobileEncounter')
INSERT INTO [dbo].[Permissions] ([PermissionID], [Name], [Description], [CreatedDate], [CreatedUserID], [ModifiedDate], [ModifiedUserID], [ViewInMedicalOffice], [ViewInBusinessManager], [ViewInAdministrator], [ViewInServiceManager], [PermissionGroupID], [PermissionValue]) VALUES (153, 'Read Dashboard Reporting', 'Show the key indicators and charts on the dashboard.', '20041115 15:44:06.807', 0, '20041115 15:44:06.807', 0, 1, 1, 1, 1, 10, 'ReadDashboardReporting')
INSERT INTO [dbo].[Permissions] ([PermissionID], [Name], [Description], [CreatedDate], [CreatedUserID], [ModifiedDate], [ModifiedUserID], [ViewInMedicalOffice], [ViewInBusinessManager], [ViewInAdministrator], [ViewInServiceManager], [PermissionGroupID], [PermissionValue]) VALUES (154, 'Read Key Indicators Summary', 'Display, print, and save the Key Indicators Summary report.', '20041115 15:44:09.853', 0, '20041115 15:44:09.853', 0, 1, 1, 1, 1, 10, 'ReadKeyIndicatorsSummary')
INSERT INTO [dbo].[Permissions] ([PermissionID], [Name], [Description], [CreatedDate], [CreatedUserID], [ModifiedDate], [ModifiedUserID], [ViewInMedicalOffice], [ViewInBusinessManager], [ViewInAdministrator], [ViewInServiceManager], [PermissionGroupID], [PermissionValue]) VALUES (155, 'Read Key Indicators Summary Compare Prev Year', 'Display, print, and save the Key Indicators Summary Compare Previous Year report.', '20041115 15:44:12.340', 0, '20041115 15:44:12.340', 0, 1, 1, 1, 1, 10, 'ReadKeyIndicatorsSummaryComparePrevYear')
INSERT INTO [dbo].[Permissions] ([PermissionID], [Name], [Description], [CreatedDate], [CreatedUserID], [ModifiedDate], [ModifiedUserID], [ViewInMedicalOffice], [ViewInBusinessManager], [ViewInAdministrator], [ViewInServiceManager], [PermissionGroupID], [PermissionValue]) VALUES (156, 'Read Key Indicators Summary YTD Review', 'Display, print, and save the Key Indicators Summary YTD Review report.', '20041115 15:44:15.403', 0, '20041115 15:44:15.403', 0, 1, 1, 1, 1, 10, 'ReadKeyIndicatorsSummaryYTDReview')
INSERT INTO [dbo].[Permissions] ([PermissionID], [Name], [Description], [CreatedDate], [CreatedUserID], [ModifiedDate], [ModifiedUserID], [ViewInMedicalOffice], [ViewInBusinessManager], [ViewInAdministrator], [ViewInServiceManager], [PermissionGroupID], [PermissionValue]) VALUES (157, 'Read Key Indicators Detail', 'Display, print, and save the Key Indicators Detail report.', '20041115 15:44:18.353', 0, '20041115 15:44:18.353', 0, 1, 1, 1, 1, 10, 'ReadKeyIndicatorsDetail')
INSERT INTO [dbo].[Permissions] ([PermissionID], [Name], [Description], [CreatedDate], [CreatedUserID], [ModifiedDate], [ModifiedUserID], [ViewInMedicalOffice], [ViewInBusinessManager], [ViewInAdministrator], [ViewInServiceManager], [PermissionGroupID], [PermissionValue]) VALUES (158, 'Read Payments Summary', 'Display, print, and save the Payments Summary report.', '20041115 15:44:40.653', 0, '20041115 15:44:40.653', 0, 1, 1, 1, 1, 10, 'ReadPaymentsSummary')
INSERT INTO [dbo].[Permissions] ([PermissionID], [Name], [Description], [CreatedDate], [CreatedUserID], [ModifiedDate], [ModifiedUserID], [ViewInMedicalOffice], [ViewInBusinessManager], [ViewInAdministrator], [ViewInServiceManager], [PermissionGroupID], [PermissionValue]) VALUES (159, 'Read Payments Detail', 'Display, print, and save the Payments Detail report.', '20041115 15:44:43.433', 0, '20041115 15:44:43.433', 0, 1, 1, 1, 1, 10, 'ReadPaymentsDetail')
INSERT INTO [dbo].[Permissions] ([PermissionID], [Name], [Description], [CreatedDate], [CreatedUserID], [ModifiedDate], [ModifiedUserID], [ViewInMedicalOffice], [ViewInBusinessManager], [ViewInAdministrator], [ViewInServiceManager], [PermissionGroupID], [PermissionValue]) VALUES (160, 'Read Payment Application', 'Display, print, and save the Payment Application report.', '20041115 15:44:46.260', 0, '20041115 15:44:46.260', 0, 1, 1, 1, 1, 10, 'ReadPaymentApplication')
INSERT INTO [dbo].[Permissions] ([PermissionID], [Name], [Description], [CreatedDate], [CreatedUserID], [ModifiedDate], [ModifiedUserID], [ViewInMedicalOffice], [ViewInBusinessManager], [ViewInAdministrator], [ViewInServiceManager], [PermissionGroupID], [PermissionValue]) VALUES (161, 'Read A/R Aging Summary', 'Display, print, and save the A/R Aging Summary report.', '20041115 15:44:49.573', 0, '20041115 15:44:49.573', 0, 1, 1, 1, 1, 10, 'ReadARAgingSummary')
INSERT INTO [dbo].[Permissions] ([PermissionID], [Name], [Description], [CreatedDate], [CreatedUserID], [ModifiedDate], [ModifiedUserID], [ViewInMedicalOffice], [ViewInBusinessManager], [ViewInAdministrator], [ViewInServiceManager], [PermissionGroupID], [PermissionValue]) VALUES (162, 'Read A/R Aging Detail', 'Display, print, and save the A/R Aging Detail report.', '20041115 15:44:52.560', 0, '20041115 15:44:52.560', 0, 1, 1, 1, 1, 10, 'ReadARAgingDetail')
INSERT INTO [dbo].[Permissions] ([PermissionID], [Name], [Description], [CreatedDate], [CreatedUserID], [ModifiedDate], [ModifiedUserID], [ViewInMedicalOffice], [ViewInBusinessManager], [ViewInAdministrator], [ViewInServiceManager], [PermissionGroupID], [PermissionValue]) VALUES (163, 'Read Provider Productivity', 'Display, print, and save the Provider Productivity report.', '20041115 15:44:55.527', 0, '20041115 15:44:55.527', 0, 1, 1, 1, 1, 10, 'ReadProviderProductivity')
INSERT INTO [dbo].[Permissions] ([PermissionID], [Name], [Description], [CreatedDate], [CreatedUserID], [ModifiedDate], [ModifiedUserID], [ViewInMedicalOffice], [ViewInBusinessManager], [ViewInAdministrator], [ViewInServiceManager], [PermissionGroupID], [PermissionValue]) VALUES (164, 'Read Patient Transactions Summary', 'Display, print, and save the Patient Transactions Summary report.', '20041115 15:44:59.043', 0, '20041115 15:44:59.043', 0, 1, 1, 1, 1, 10, 'ReadPatientTransactionsSummary')
INSERT INTO [dbo].[Permissions] ([PermissionID], [Name], [Description], [CreatedDate], [CreatedUserID], [ModifiedDate], [ModifiedUserID], [ViewInMedicalOffice], [ViewInBusinessManager], [ViewInAdministrator], [ViewInServiceManager], [PermissionGroupID], [PermissionValue]) VALUES (165, 'Read Patient Transactions Detail', 'Display, print, and save the Patient Transactions Detail report.', '20041115 15:45:01.870', 0, '20041115 15:45:01.870', 0, 1, 1, 1, 1, 10, 'ReadPatientTransactionsDetail')
INSERT INTO [dbo].[Permissions] ([PermissionID], [Name], [Description], [CreatedDate], [CreatedUserID], [ModifiedDate], [ModifiedUserID], [ViewInMedicalOffice], [ViewInBusinessManager], [ViewInAdministrator], [ViewInServiceManager], [PermissionGroupID], [PermissionValue]) VALUES (166, 'Read Patient Referrals Summary', 'Display, print, and save the Referrals Summary report.', '20041115 15:45:04.620', 0, '20041115 15:45:04.620', 0, 1, 1, 1, 1, 10, 'ReadPatientReferralsSummary')
INSERT INTO [dbo].[Permissions] ([PermissionID], [Name], [Description], [CreatedDate], [CreatedUserID], [ModifiedDate], [ModifiedUserID], [ViewInMedicalOffice], [ViewInBusinessManager], [ViewInAdministrator], [ViewInServiceManager], [PermissionGroupID], [PermissionValue]) VALUES (167, 'Read Patient Referrals Detail', 'Display, print, and save the Referrals Detail report.', '20041115 15:45:08.293', 0, '20041115 15:45:08.293', 0, 1, 1, 1, 1, 10, 'ReadPatientReferralsDetail')
INSERT INTO [dbo].[Permissions] ([PermissionID], [Name], [Description], [CreatedDate], [CreatedUserID], [ModifiedDate], [ModifiedUserID], [ViewInMedicalOffice], [ViewInBusinessManager], [ViewInAdministrator], [ViewInServiceManager], [PermissionGroupID], [PermissionValue]) VALUES (168, 'Read Patient History', 'Display, print, and save the Patient History report.', '20041115 15:45:12.840', 0, '20041115 15:45:12.840', 0, 1, 1, 1, 1, 10, 'ReadPatientHistory')
INSERT INTO [dbo].[Permissions] ([PermissionID], [Name], [Description], [CreatedDate], [CreatedUserID], [ModifiedDate], [ModifiedUserID], [ViewInMedicalOffice], [ViewInBusinessManager], [ViewInAdministrator], [ViewInServiceManager], [PermissionGroupID], [PermissionValue]) VALUES (169, 'Read Refund Summary', 'Display, print, and save the Refund Summary report.', '20041115 15:45:17.607', 0, '20041115 15:45:17.607', 0, 1, 1, 1, 1, 10, 'ReadRefundSummary')
INSERT INTO [dbo].[Permissions] ([PermissionID], [Name], [Description], [CreatedDate], [CreatedUserID], [ModifiedDate], [ModifiedUserID], [ViewInMedicalOffice], [ViewInBusinessManager], [ViewInAdministrator], [ViewInServiceManager], [PermissionGroupID], [PermissionValue]) VALUES (170, 'Read Refund Detail', 'Display, print, and save the Refund Detail report.', '20041115 15:45:41.780', 0, '20041115 15:45:41.780', 0, 1, 1, 1, 1, 10, 'ReadRefundDetail')
INSERT INTO [dbo].[Permissions] ([PermissionID], [Name], [Description], [CreatedDate], [CreatedUserID], [ModifiedDate], [ModifiedUserID], [ViewInMedicalOffice], [ViewInBusinessManager], [ViewInAdministrator], [ViewInServiceManager], [PermissionGroupID], [PermissionValue]) VALUES (171, 'Edit Report Closing Date', 'Modify the report closing date.', '20041115 15:45:45.640', 0, '20041115 15:45:45.640', 0, 0, 1, 1, 1, 10, 'EditReportClosingDate')
INSERT INTO [dbo].[Permissions] ([PermissionID], [Name], [Description], [CreatedDate], [CreatedUserID], [ModifiedDate], [ModifiedUserID], [ViewInMedicalOffice], [ViewInBusinessManager], [ViewInAdministrator], [ViewInServiceManager], [PermissionGroupID], [PermissionValue]) VALUES (179, 'Edit Contact Information', 'Modify the contact information of a practice.', '20041115 16:16:12.270', 0, '20041115 16:16:12.270', 0, 1, 1, 1, 1, 11, 'EditContactInformation')
INSERT INTO [dbo].[Permissions] ([PermissionID], [Name], [Description], [CreatedDate], [CreatedUserID], [ModifiedDate], [ModifiedUserID], [ViewInMedicalOffice], [ViewInBusinessManager], [ViewInAdministrator], [ViewInServiceManager], [PermissionGroupID], [PermissionValue]) VALUES (180, 'Find Provider', 'Display and search a list of provider records.', '20041115 16:16:12.270', 0, '20041115 16:16:12.270', 0, 1, 1, 1, 1, 11, 'FindProvider')
INSERT INTO [dbo].[Permissions] ([PermissionID], [Name], [Description], [CreatedDate], [CreatedUserID], [ModifiedDate], [ModifiedUserID], [ViewInMedicalOffice], [ViewInBusinessManager], [ViewInAdministrator], [ViewInServiceManager], [PermissionGroupID], [PermissionValue]) VALUES (181, 'New Provider', 'Create a new provider record.', '20041115 16:16:12.270', 0, '20041115 16:16:12.270', 0, 1, 1, 1, 1, 11, 'NewProvider')
INSERT INTO [dbo].[Permissions] ([PermissionID], [Name], [Description], [CreatedDate], [CreatedUserID], [ModifiedDate], [ModifiedUserID], [ViewInMedicalOffice], [ViewInBusinessManager], [ViewInAdministrator], [ViewInServiceManager], [PermissionGroupID], [PermissionValue]) VALUES (182, 'Read Provider', 'Show the details of a provider record.', '20041115 16:16:12.270', 0, '20041115 16:16:12.270', 0, 1, 1, 1, 1, 11, 'ReadProvider')
INSERT INTO [dbo].[Permissions] ([PermissionID], [Name], [Description], [CreatedDate], [CreatedUserID], [ModifiedDate], [ModifiedUserID], [ViewInMedicalOffice], [ViewInBusinessManager], [ViewInAdministrator], [ViewInServiceManager], [PermissionGroupID], [PermissionValue]) VALUES (183, 'Edit Provider', 'Modify the details of a provider record.', '20041115 16:16:12.270', 0, '20041115 16:16:12.270', 0, 1, 1, 1, 1, 11, 'EditProvider')
INSERT INTO [dbo].[Permissions] ([PermissionID], [Name], [Description], [CreatedDate], [CreatedUserID], [ModifiedDate], [ModifiedUserID], [ViewInMedicalOffice], [ViewInBusinessManager], [ViewInAdministrator], [ViewInServiceManager], [PermissionGroupID], [PermissionValue]) VALUES (184, 'Delete Provider', 'Delete a provider record.', '20041115 16:16:12.270', 0, '20041115 16:16:12.270', 0, 1, 1, 1, 1, 11, 'DeleteProvider')
INSERT INTO [dbo].[Permissions] ([PermissionID], [Name], [Description], [CreatedDate], [CreatedUserID], [ModifiedDate], [ModifiedUserID], [ViewInMedicalOffice], [ViewInBusinessManager], [ViewInAdministrator], [ViewInServiceManager], [PermissionGroupID], [PermissionValue]) VALUES (185, 'Find Service Location', 'Display and search a list of service locations.', '20041115 16:16:12.270', 0, '20041115 16:16:12.270', 0, 1, 1, 1, 1, 11, 'FindServiceLocation')
INSERT INTO [dbo].[Permissions] ([PermissionID], [Name], [Description], [CreatedDate], [CreatedUserID], [ModifiedDate], [ModifiedUserID], [ViewInMedicalOffice], [ViewInBusinessManager], [ViewInAdministrator], [ViewInServiceManager], [PermissionGroupID], [PermissionValue]) VALUES (186, 'New Service Location', 'Create a new service location.', '20041115 16:16:12.270', 0, '20041115 16:16:12.270', 0, 1, 1, 1, 1, 11, 'NewServiceLocation')
INSERT INTO [dbo].[Permissions] ([PermissionID], [Name], [Description], [CreatedDate], [CreatedUserID], [ModifiedDate], [ModifiedUserID], [ViewInMedicalOffice], [ViewInBusinessManager], [ViewInAdministrator], [ViewInServiceManager], [PermissionGroupID], [PermissionValue]) VALUES (187, 'Edit Service Location', 'Show the details of a service location.', '20041115 16:16:12.270', 0, '20041115 16:16:12.270', 0, 1, 1, 1, 1, 11, 'EditServiceLocation')
INSERT INTO [dbo].[Permissions] ([PermissionID], [Name], [Description], [CreatedDate], [CreatedUserID], [ModifiedDate], [ModifiedUserID], [ViewInMedicalOffice], [ViewInBusinessManager], [ViewInAdministrator], [ViewInServiceManager], [PermissionGroupID], [PermissionValue]) VALUES (188, 'Read Service Location', 'Modify the details of a service location.', '20041115 16:16:12.270', 0, '20041115 16:16:12.270', 0, 1, 1, 1, 1, 11, 'ReadServiceLocation')
INSERT INTO [dbo].[Permissions] ([PermissionID], [Name], [Description], [CreatedDate], [CreatedUserID], [ModifiedDate], [ModifiedUserID], [ViewInMedicalOffice], [ViewInBusinessManager], [ViewInAdministrator], [ViewInServiceManager], [PermissionGroupID], [PermissionValue]) VALUES (189, 'Delete Service Location', 'Delete a service location.', '20041115 16:16:12.270', 0, '20041115 16:16:12.270', 0, 1, 1, 1, 1, 11, 'DeleteServiceLocation')
INSERT INTO [dbo].[Permissions] ([PermissionID], [Name], [Description], [CreatedDate], [CreatedUserID], [ModifiedDate], [ModifiedUserID], [ViewInMedicalOffice], [ViewInBusinessManager], [ViewInAdministrator], [ViewInServiceManager], [PermissionGroupID], [PermissionValue]) VALUES (190, 'Find Group Number', 'Display and search a list of group numbers.', '20041115 16:16:12.283', 0, '20041115 16:16:12.283', 0, 1, 1, 1, 1, 11, 'FindGroupNumber')
INSERT INTO [dbo].[Permissions] ([PermissionID], [Name], [Description], [CreatedDate], [CreatedUserID], [ModifiedDate], [ModifiedUserID], [ViewInMedicalOffice], [ViewInBusinessManager], [ViewInAdministrator], [ViewInServiceManager], [PermissionGroupID], [PermissionValue]) VALUES (191, 'New Group Number', 'Create a new group number.', '20041115 16:16:12.283', 0, '20041115 16:16:12.283', 0, 1, 1, 1, 1, 11, 'NewGroupNumber')
INSERT INTO [dbo].[Permissions] ([PermissionID], [Name], [Description], [CreatedDate], [CreatedUserID], [ModifiedDate], [ModifiedUserID], [ViewInMedicalOffice], [ViewInBusinessManager], [ViewInAdministrator], [ViewInServiceManager], [PermissionGroupID], [PermissionValue]) VALUES (192, 'Read Group Number', 'Show the details of a group number.', '20041115 16:16:12.283', 0, '20041115 16:16:12.283', 0, 1, 1, 1, 1, 11, 'ReadGroupNumber')
INSERT INTO [dbo].[Permissions] ([PermissionID], [Name], [Description], [CreatedDate], [CreatedUserID], [ModifiedDate], [ModifiedUserID], [ViewInMedicalOffice], [ViewInBusinessManager], [ViewInAdministrator], [ViewInServiceManager], [PermissionGroupID], [PermissionValue]) VALUES (193, 'Edit Group Number', 'Modify the details of a group number.', '20041115 16:16:12.283', 0, '20041115 16:16:12.283', 0, 1, 1, 1, 1, 11, 'EditGroupNumber')
INSERT INTO [dbo].[Permissions] ([PermissionID], [Name], [Description], [CreatedDate], [CreatedUserID], [ModifiedDate], [ModifiedUserID], [ViewInMedicalOffice], [ViewInBusinessManager], [ViewInAdministrator], [ViewInServiceManager], [PermissionGroupID], [PermissionValue]) VALUES (194, 'Delete Group Number', 'Delete a group number.', '20041115 16:16:12.283', 0, '20041115 16:16:12.283', 0, 1, 1, 1, 1, 11, 'DeleteGroupNumber')
INSERT INTO [dbo].[Permissions] ([PermissionID], [Name], [Description], [CreatedDate], [CreatedUserID], [ModifiedDate], [ModifiedUserID], [ViewInMedicalOffice], [ViewInBusinessManager], [ViewInAdministrator], [ViewInServiceManager], [PermissionGroupID], [PermissionValue]) VALUES (195, 'Find Fee Schedule', 'Display and search a list of fee schedules.', '20041115 16:16:12.283', 0, '20041115 16:16:12.283', 0, 1, 1, 1, 1, 11, 'FindFeeSchedule')
INSERT INTO [dbo].[Permissions] ([PermissionID], [Name], [Description], [CreatedDate], [CreatedUserID], [ModifiedDate], [ModifiedUserID], [ViewInMedicalOffice], [ViewInBusinessManager], [ViewInAdministrator], [ViewInServiceManager], [PermissionGroupID], [PermissionValue]) VALUES (196, 'New Fee Schedule', 'Create a new fee schedule.', '20041115 16:16:12.283', 0, '20041115 16:16:12.283', 0, 1, 1, 1, 1, 11, 'NewFeeSchedule')
INSERT INTO [dbo].[Permissions] ([PermissionID], [Name], [Description], [CreatedDate], [CreatedUserID], [ModifiedDate], [ModifiedUserID], [ViewInMedicalOffice], [ViewInBusinessManager], [ViewInAdministrator], [ViewInServiceManager], [PermissionGroupID], [PermissionValue]) VALUES (197, 'Read Fee Schedule', 'Show the details of a fee schedule.', '20041115 16:16:12.283', 0, '20041115 16:16:12.283', 0, 1, 1, 1, 1, 11, 'ReadFeeSchedule')
INSERT INTO [dbo].[Permissions] ([PermissionID], [Name], [Description], [CreatedDate], [CreatedUserID], [ModifiedDate], [ModifiedUserID], [ViewInMedicalOffice], [ViewInBusinessManager], [ViewInAdministrator], [ViewInServiceManager], [PermissionGroupID], [PermissionValue]) VALUES (198, 'Edit Fee Schedule', 'Modify the details of a fee schedule.', '20041115 16:16:12.283', 0, '20041115 16:16:12.283', 0, 1, 1, 1, 1, 11, 'EditFeeSchedule')
INSERT INTO [dbo].[Permissions] ([PermissionID], [Name], [Description], [CreatedDate], [CreatedUserID], [ModifiedDate], [ModifiedUserID], [ViewInMedicalOffice], [ViewInBusinessManager], [ViewInAdministrator], [ViewInServiceManager], [PermissionGroupID], [PermissionValue]) VALUES (199, 'Delete Fee Schedule', 'Delete a fee schedule.', '20041115 16:16:12.283', 0, '20041115 16:16:12.283', 0, 1, 1, 1, 1, 11, 'DeleteFeeSchedule')
INSERT INTO [dbo].[Permissions] ([PermissionID], [Name], [Description], [CreatedDate], [CreatedUserID], [ModifiedDate], [ModifiedUserID], [ViewInMedicalOffice], [ViewInBusinessManager], [ViewInAdministrator], [ViewInServiceManager], [PermissionGroupID], [PermissionValue]) VALUES (205, 'Find Referring Physician', 'Display and search a list of referring physician records.', '20041115 16:16:12.283', 0, '20041115 16:16:12.283', 0, 1, 1, 1, 1, 11, 'FindReferringPhysician')
INSERT INTO [dbo].[Permissions] ([PermissionID], [Name], [Description], [CreatedDate], [CreatedUserID], [ModifiedDate], [ModifiedUserID], [ViewInMedicalOffice], [ViewInBusinessManager], [ViewInAdministrator], [ViewInServiceManager], [PermissionGroupID], [PermissionValue]) VALUES (206, 'New Referring Physician', 'Create a new referring physician record.', '20041115 16:16:12.283', 0, '20041115 16:16:12.283', 0, 1, 1, 1, 1, 11, 'NewReferringPhysician')
INSERT INTO [dbo].[Permissions] ([PermissionID], [Name], [Description], [CreatedDate], [CreatedUserID], [ModifiedDate], [ModifiedUserID], [ViewInMedicalOffice], [ViewInBusinessManager], [ViewInAdministrator], [ViewInServiceManager], [PermissionGroupID], [PermissionValue]) VALUES (207, 'Read Referring Physician', 'Show the details of a referring physician record.', '20041115 16:16:12.283', 0, '20041115 16:16:12.283', 0, 1, 1, 1, 1, 11, 'ReadReferringPhysician')
INSERT INTO [dbo].[Permissions] ([PermissionID], [Name], [Description], [CreatedDate], [CreatedUserID], [ModifiedDate], [ModifiedUserID], [ViewInMedicalOffice], [ViewInBusinessManager], [ViewInAdministrator], [ViewInServiceManager], [PermissionGroupID], [PermissionValue]) VALUES (208, 'Edit Referring Physician', 'Modify the details of a referring physician record.', '20041115 16:16:12.283', 0, '20041115 16:16:12.283', 0, 1, 1, 1, 1, 11, 'EditReferringPhysician')
INSERT INTO [dbo].[Permissions] ([PermissionID], [Name], [Description], [CreatedDate], [CreatedUserID], [ModifiedDate], [ModifiedUserID], [ViewInMedicalOffice], [ViewInBusinessManager], [ViewInAdministrator], [ViewInServiceManager], [PermissionGroupID], [PermissionValue]) VALUES (209, 'Delete Referring Physician', 'Delete a referring physician record.', '20041115 16:16:12.283', 0, '20041115 16:16:12.283', 0, 1, 1, 1, 1, 11, 'DeleteReferringPhysician')
INSERT INTO [dbo].[Permissions] ([PermissionID], [Name], [Description], [CreatedDate], [CreatedUserID], [ModifiedDate], [ModifiedUserID], [ViewInMedicalOffice], [ViewInBusinessManager], [ViewInAdministrator], [ViewInServiceManager], [PermissionGroupID], [PermissionValue]) VALUES (210, 'Find Coding Form', 'Display and search a list of coding forms.', '20041115 16:16:12.300', 0, '20041115 16:16:12.300', 0, 1, 1, 1, 1, 11, 'FindCodingForm')
INSERT INTO [dbo].[Permissions] ([PermissionID], [Name], [Description], [CreatedDate], [CreatedUserID], [ModifiedDate], [ModifiedUserID], [ViewInMedicalOffice], [ViewInBusinessManager], [ViewInAdministrator], [ViewInServiceManager], [PermissionGroupID], [PermissionValue]) VALUES (211, 'New Coding Form', 'Create a new coding form.', '20041115 16:16:12.317', 0, '20041115 16:16:12.317', 0, 1, 1, 1, 1, 11, 'NewCodingForm')
INSERT INTO [dbo].[Permissions] ([PermissionID], [Name], [Description], [CreatedDate], [CreatedUserID], [ModifiedDate], [ModifiedUserID], [ViewInMedicalOffice], [ViewInBusinessManager], [ViewInAdministrator], [ViewInServiceManager], [PermissionGroupID], [PermissionValue]) VALUES (212, 'Read Coding Form', 'Show the details of a coding form.', '20041115 16:16:12.317', 0, '20041115 16:16:12.317', 0, 1, 1, 1, 1, 11, 'ReadCodingForm')
INSERT INTO [dbo].[Permissions] ([PermissionID], [Name], [Description], [CreatedDate], [CreatedUserID], [ModifiedDate], [ModifiedUserID], [ViewInMedicalOffice], [ViewInBusinessManager], [ViewInAdministrator], [ViewInServiceManager], [PermissionGroupID], [PermissionValue]) VALUES (213, 'Edit Coding Form', 'Modify the details of a coding form.', '20041115 16:16:12.317', 0, '20041115 16:16:12.317', 0, 1, 1, 1, 1, 11, 'EditCodingForm')
INSERT INTO [dbo].[Permissions] ([PermissionID], [Name], [Description], [CreatedDate], [CreatedUserID], [ModifiedDate], [ModifiedUserID], [ViewInMedicalOffice], [ViewInBusinessManager], [ViewInAdministrator], [ViewInServiceManager], [PermissionGroupID], [PermissionValue]) VALUES (214, 'Delete Coding Form', 'Delete a coding form.', '20041115 16:16:12.317', 0, '20041115 16:16:12.317', 0, 1, 1, 1, 1, 11, 'DeleteCodingForm')
INSERT INTO [dbo].[Permissions] ([PermissionID], [Name], [Description], [CreatedDate], [CreatedUserID], [ModifiedDate], [ModifiedUserID], [ViewInMedicalOffice], [ViewInBusinessManager], [ViewInAdministrator], [ViewInServiceManager], [PermissionGroupID], [PermissionValue]) VALUES (215, 'Edit Patient Statement Options', 'Change the patient statement options.', '20041115 16:16:12.317', 0, '20041115 16:16:12.317', 0, 0, 1, 1, 1, 11, 'EditPatientStatementOptions')
INSERT INTO [dbo].[Permissions] ([PermissionID], [Name], [Description], [CreatedDate], [CreatedUserID], [ModifiedDate], [ModifiedUserID], [ViewInMedicalOffice], [ViewInBusinessManager], [ViewInAdministrator], [ViewInServiceManager], [PermissionGroupID], [PermissionValue]) VALUES (216, 'Read Patient Statement Options', 'Show the patient statement options.', '20041115 16:16:12.317', 0, '20041115 16:16:12.317', 0, 0, 1, 1, 1, 11, 'ReadPatientStatementOptions')
INSERT INTO [dbo].[Permissions] ([PermissionID], [Name], [Description], [CreatedDate], [CreatedUserID], [ModifiedDate], [ModifiedUserID], [ViewInMedicalOffice], [ViewInBusinessManager], [ViewInAdministrator], [ViewInServiceManager], [PermissionGroupID], [PermissionValue]) VALUES (217, 'Edit Electronic Claims Options', 'Change the electronic claims options.', '20041115 16:16:12.317', 0, '20041115 16:16:12.317', 0, 0, 1, 1, 1, 11, 'EditElectronicClaimsOptions')
INSERT INTO [dbo].[Permissions] ([PermissionID], [Name], [Description], [CreatedDate], [CreatedUserID], [ModifiedDate], [ModifiedUserID], [ViewInMedicalOffice], [ViewInBusinessManager], [ViewInAdministrator], [ViewInServiceManager], [PermissionGroupID], [PermissionValue]) VALUES (218, 'Read Electronic Claims Options', 'Show the electronic claims options.', '20041115 16:16:12.317', 0, '20041115 16:16:12.317', 0, 0, 1, 1, 1, 11, 'ReadElectronicClaimsOptions')
INSERT INTO [dbo].[Permissions] ([PermissionID], [Name], [Description], [CreatedDate], [CreatedUserID], [ModifiedDate], [ModifiedUserID], [ViewInMedicalOffice], [ViewInBusinessManager], [ViewInAdministrator], [ViewInServiceManager], [PermissionGroupID], [PermissionValue]) VALUES (219, 'Find Claim', 'Display and search a list of claims.', '20041115 16:16:12.317', 0, '20041115 16:16:12.317', 0, 1, 1, 1, 1, 9, 'FindClaim')
INSERT INTO [dbo].[Permissions] ([PermissionID], [Name], [Description], [CreatedDate], [CreatedUserID], [ModifiedDate], [ModifiedUserID], [ViewInMedicalOffice], [ViewInBusinessManager], [ViewInAdministrator], [ViewInServiceManager], [PermissionGroupID], [PermissionValue]) VALUES (220, 'New Claim', 'Create a new claim.', '20041115 16:16:12.317', 0, '20041115 16:16:12.317', 0, 1, 1, 1, 1, 9, 'NewClaim')
INSERT INTO [dbo].[Permissions] ([PermissionID], [Name], [Description], [CreatedDate], [CreatedUserID], [ModifiedDate], [ModifiedUserID], [ViewInMedicalOffice], [ViewInBusinessManager], [ViewInAdministrator], [ViewInServiceManager], [PermissionGroupID], [PermissionValue]) VALUES (221, 'Read Claim', 'Show the details of a claim.', '20041115 16:16:12.317', 0, '20041115 16:16:12.317', 0, 1, 1, 1, 1, 9, 'ReadClaim')
INSERT INTO [dbo].[Permissions] ([PermissionID], [Name], [Description], [CreatedDate], [CreatedUserID], [ModifiedDate], [ModifiedUserID], [ViewInMedicalOffice], [ViewInBusinessManager], [ViewInAdministrator], [ViewInServiceManager], [PermissionGroupID], [PermissionValue]) VALUES (222, 'Edit Claim', 'Modify the details of a claim.', '20041115 16:16:12.317', 0, '20041115 16:16:12.317', 0, 1, 1, 1, 1, 9, 'EditClaim')
INSERT INTO [dbo].[Permissions] ([PermissionID], [Name], [Description], [CreatedDate], [CreatedUserID], [ModifiedDate], [ModifiedUserID], [ViewInMedicalOffice], [ViewInBusinessManager], [ViewInAdministrator], [ViewInServiceManager], [PermissionGroupID], [PermissionValue]) VALUES (223, 'Delete Claim', 'Delete a claim.', '20041115 16:16:12.317', 0, '20041115 16:16:12.317', 0, 1, 1, 1, 1, 9, 'DeleteClaim')
INSERT INTO [dbo].[Permissions] ([PermissionID], [Name], [Description], [CreatedDate], [CreatedUserID], [ModifiedDate], [ModifiedUserID], [ViewInMedicalOffice], [ViewInBusinessManager], [ViewInAdministrator], [ViewInServiceManager], [PermissionGroupID], [PermissionValue]) VALUES (224, 'Send Electronic Claims', 'Send electronic claims.', '20041115 16:16:12.317', 0, '20041115 16:16:12.317', 0, 1, 1, 1, 1, 9, 'SendElectronicClaims')
INSERT INTO [dbo].[Permissions] ([PermissionID], [Name], [Description], [CreatedDate], [CreatedUserID], [ModifiedDate], [ModifiedUserID], [ViewInMedicalOffice], [ViewInBusinessManager], [ViewInAdministrator], [ViewInServiceManager], [PermissionGroupID], [PermissionValue]) VALUES (225, 'Print Paper Claims', 'Print paper claims.', '20041115 16:16:12.317', 0, '20041115 16:16:12.317', 0, 1, 1, 1, 1, 9, 'PrintPaperClaims')
INSERT INTO [dbo].[Permissions] ([PermissionID], [Name], [Description], [CreatedDate], [CreatedUserID], [ModifiedDate], [ModifiedUserID], [ViewInMedicalOffice], [ViewInBusinessManager], [ViewInAdministrator], [ViewInServiceManager], [PermissionGroupID], [PermissionValue]) VALUES (226, 'Create Patient Statements', 'Create and submit patient statements.', '20041115 16:16:12.317', 0, '20041115 16:16:12.317', 0, 1, 1, 1, 1, 9, 'CreatePatientStatements')
INSERT INTO [dbo].[Permissions] ([PermissionID], [Name], [Description], [CreatedDate], [CreatedUserID], [ModifiedDate], [ModifiedUserID], [ViewInMedicalOffice], [ViewInBusinessManager], [ViewInAdministrator], [ViewInServiceManager], [PermissionGroupID], [PermissionValue]) VALUES (227, 'Post Claim Transactions', 'Post a transaction on a claim.', '20041115 16:16:12.317', 0, '20041115 16:16:12.317', 0, 1, 1, 1, 1, 9, 'PostClaimTransactions')
INSERT INTO [dbo].[Permissions] ([PermissionID], [Name], [Description], [CreatedDate], [CreatedUserID], [ModifiedDate], [ModifiedUserID], [ViewInMedicalOffice], [ViewInBusinessManager], [ViewInAdministrator], [ViewInServiceManager], [PermissionGroupID], [PermissionValue]) VALUES (228, 'Find Payment', 'Display and search a list of payments.', '20041115 16:16:12.317', 0, '20041115 16:16:12.317', 0, 1, 1, 1, 1, 9, 'FindPayment')
INSERT INTO [dbo].[Permissions] ([PermissionID], [Name], [Description], [CreatedDate], [CreatedUserID], [ModifiedDate], [ModifiedUserID], [ViewInMedicalOffice], [ViewInBusinessManager], [ViewInAdministrator], [ViewInServiceManager], [PermissionGroupID], [PermissionValue]) VALUES (229, 'New Payment', 'Create a new payment.', '20041115 16:16:12.317', 0, '20041115 16:16:12.317', 0, 1, 1, 1, 1, 9, 'NewPayment')
INSERT INTO [dbo].[Permissions] ([PermissionID], [Name], [Description], [CreatedDate], [CreatedUserID], [ModifiedDate], [ModifiedUserID], [ViewInMedicalOffice], [ViewInBusinessManager], [ViewInAdministrator], [ViewInServiceManager], [PermissionGroupID], [PermissionValue]) VALUES (230, 'Read Payment', 'Show the details of a payment.', '20041115 16:16:12.317', 0, '20041115 16:16:12.317', 0, 1, 1, 1, 1, 9, 'ReadPayment')
INSERT INTO [dbo].[Permissions] ([PermissionID], [Name], [Description], [CreatedDate], [CreatedUserID], [ModifiedDate], [ModifiedUserID], [ViewInMedicalOffice], [ViewInBusinessManager], [ViewInAdministrator], [ViewInServiceManager], [PermissionGroupID], [PermissionValue]) VALUES (231, 'Edit Payment', 'Modify the details of a payment.', '20041115 16:16:12.317', 0, '20041115 16:16:12.317', 0, 1, 1, 1, 1, 9, 'EditPayment')
INSERT INTO [dbo].[Permissions] ([PermissionID], [Name], [Description], [CreatedDate], [CreatedUserID], [ModifiedDate], [ModifiedUserID], [ViewInMedicalOffice], [ViewInBusinessManager], [ViewInAdministrator], [ViewInServiceManager], [PermissionGroupID], [PermissionValue]) VALUES (232, 'Delete Payment', 'Delete a payment.', '20041115 16:16:12.317', 0, '20041115 16:16:12.317', 0, 1, 1, 1, 1, 9, 'DeletePayment')
INSERT INTO [dbo].[Permissions] ([PermissionID], [Name], [Description], [CreatedDate], [CreatedUserID], [ModifiedDate], [ModifiedUserID], [ViewInMedicalOffice], [ViewInBusinessManager], [ViewInAdministrator], [ViewInServiceManager], [PermissionGroupID], [PermissionValue]) VALUES (233, 'Find Refund', 'Display and search a list of refunds.', '20041115 16:16:12.317', 0, '20041115 16:16:12.317', 0, 1, 1, 1, 1, 9, 'FindRefund')
INSERT INTO [dbo].[Permissions] ([PermissionID], [Name], [Description], [CreatedDate], [CreatedUserID], [ModifiedDate], [ModifiedUserID], [ViewInMedicalOffice], [ViewInBusinessManager], [ViewInAdministrator], [ViewInServiceManager], [PermissionGroupID], [PermissionValue]) VALUES (234, 'New Refund', 'Create a new refund.', '20041115 16:16:12.317', 0, '20041115 16:16:12.317', 0, 1, 1, 1, 1, 9, 'NewRefund')
INSERT INTO [dbo].[Permissions] ([PermissionID], [Name], [Description], [CreatedDate], [CreatedUserID], [ModifiedDate], [ModifiedUserID], [ViewInMedicalOffice], [ViewInBusinessManager], [ViewInAdministrator], [ViewInServiceManager], [PermissionGroupID], [PermissionValue]) VALUES (235, 'Read Refund', 'Show the details of a refund.', '20041115 16:16:12.317', 0, '20041115 16:16:12.317', 0, 1, 1, 1, 1, 9, 'ReadRefund')
INSERT INTO [dbo].[Permissions] ([PermissionID], [Name], [Description], [CreatedDate], [CreatedUserID], [ModifiedDate], [ModifiedUserID], [ViewInMedicalOffice], [ViewInBusinessManager], [ViewInAdministrator], [ViewInServiceManager], [PermissionGroupID], [PermissionValue]) VALUES (236, 'Edit Refund', 'Modify the details of a refund.', '20041115 16:16:12.330', 0, '20041115 16:16:12.330', 0, 1, 1, 1, 1, 9, 'EditRefund')
INSERT INTO [dbo].[Permissions] ([PermissionID], [Name], [Description], [CreatedDate], [CreatedUserID], [ModifiedDate], [ModifiedUserID], [ViewInMedicalOffice], [ViewInBusinessManager], [ViewInAdministrator], [ViewInServiceManager], [PermissionGroupID], [PermissionValue]) VALUES (237, 'Delete Refund', 'Delete a refund.', '20041115 16:16:12.347', 0, '20041115 16:16:12.347', 0, 1, 1, 1, 1, 9, 'DeleteRefund')
INSERT INTO [dbo].[Permissions] ([PermissionID], [Name], [Description], [CreatedDate], [CreatedUserID], [ModifiedDate], [ModifiedUserID], [ViewInMedicalOffice], [ViewInBusinessManager], [ViewInAdministrator], [ViewInServiceManager], [PermissionGroupID], [PermissionValue]) VALUES (238, 'Find Clearinghouse Report', 'Display and search a list of clearinghouse reports.', '20041115 16:16:12.347', 0, '20041115 16:16:12.347', 0, 1, 1, 1, 1, 9, 'FindClearinghouseReport')
INSERT INTO [dbo].[Permissions] ([PermissionID], [Name], [Description], [CreatedDate], [CreatedUserID], [ModifiedDate], [ModifiedUserID], [ViewInMedicalOffice], [ViewInBusinessManager], [ViewInAdministrator], [ViewInServiceManager], [PermissionGroupID], [PermissionValue]) VALUES (239, 'Read Clearinghouse Report', 'Display a clearinghouse report.', '20041115 16:16:12.347', 0, '20041115 16:16:12.347', 0, 1, 1, 1, 1, 9, 'ReadClearinghouseReport')
INSERT INTO [dbo].[Permissions] ([PermissionID], [Name], [Description], [CreatedDate], [CreatedUserID], [ModifiedDate], [ModifiedUserID], [ViewInMedicalOffice], [ViewInBusinessManager], [ViewInAdministrator], [ViewInServiceManager], [PermissionGroupID], [PermissionValue]) VALUES (240, 'Mark Clearinghouse Report Reviewed', 'Mark a clearinghouse as reviewed.', '20041115 16:16:12.347', 0, '20041115 16:16:12.347', 0, 1, 1, 1, 1, 9, 'MarkClearinghouseReportReviewed')
INSERT INTO [dbo].[Permissions] ([PermissionID], [Name], [Description], [CreatedDate], [CreatedUserID], [ModifiedDate], [ModifiedUserID], [ViewInMedicalOffice], [ViewInBusinessManager], [ViewInAdministrator], [ViewInServiceManager], [PermissionGroupID], [PermissionValue]) VALUES (241, 'Update Clearinghouse Reports', 'Update the clearinghouse reports list.', '20041115 16:16:12.347', 0, '20041115 16:16:12.347', 0, 1, 0, 1, 1, 9, 'UpdateClearinghouseReport')
INSERT INTO [dbo].[Permissions] ([PermissionID], [Name], [Description], [CreatedDate], [CreatedUserID], [ModifiedDate], [ModifiedUserID], [ViewInMedicalOffice], [ViewInBusinessManager], [ViewInAdministrator], [ViewInServiceManager], [PermissionGroupID], [PermissionValue]) VALUES (242, 'Find Practice', 'Display and search a list of practices.', '20041115 16:16:12.347', 0, '20041115 16:16:12.347', 0, 0, 0, 1, 1, 12, 'FindPractice')
INSERT INTO [dbo].[Permissions] ([PermissionID], [Name], [Description], [CreatedDate], [CreatedUserID], [ModifiedDate], [ModifiedUserID], [ViewInMedicalOffice], [ViewInBusinessManager], [ViewInAdministrator], [ViewInServiceManager], [PermissionGroupID], [PermissionValue]) VALUES (243, 'New Practice', 'Create a new practice.', '20041115 16:16:12.347', 0, '20041115 16:16:12.347', 0, 0, 0, 1, 1, 12, 'NewPractice')
INSERT INTO [dbo].[Permissions] ([PermissionID], [Name], [Description], [CreatedDate], [CreatedUserID], [ModifiedDate], [ModifiedUserID], [ViewInMedicalOffice], [ViewInBusinessManager], [ViewInAdministrator], [ViewInServiceManager], [PermissionGroupID], [PermissionValue]) VALUES (244, 'Read Practice', 'Show the details of a practice.', '20041115 16:16:12.347', 0, '20041115 16:16:12.347', 0, 0, 0, 1, 1, 12, 'ReadPractice')
INSERT INTO [dbo].[Permissions] ([PermissionID], [Name], [Description], [CreatedDate], [CreatedUserID], [ModifiedDate], [ModifiedUserID], [ViewInMedicalOffice], [ViewInBusinessManager], [ViewInAdministrator], [ViewInServiceManager], [PermissionGroupID], [PermissionValue]) VALUES (245, 'Edit Practice', 'Modify the details of a practice.', '20041115 16:16:12.347', 0, '20041115 16:16:12.347', 0, 0, 0, 1, 1, 12, 'EditPractice')
INSERT INTO [dbo].[Permissions] ([PermissionID], [Name], [Description], [CreatedDate], [CreatedUserID], [ModifiedDate], [ModifiedUserID], [ViewInMedicalOffice], [ViewInBusinessManager], [ViewInAdministrator], [ViewInServiceManager], [PermissionGroupID], [PermissionValue]) VALUES (246, 'Delete Practice', 'Delete a practice.', '20041115 16:16:12.347', 0, '20041115 16:16:12.347', 0, 0, 0, 1, 1, 12, 'DeletePractice')
INSERT INTO [dbo].[Permissions] ([PermissionID], [Name], [Description], [CreatedDate], [CreatedUserID], [ModifiedDate], [ModifiedUserID], [ViewInMedicalOffice], [ViewInBusinessManager], [ViewInAdministrator], [ViewInServiceManager], [PermissionGroupID], [PermissionValue]) VALUES (247, 'Find User Account', 'Display and search a list of user accounts.', '20041115 16:16:12.347', 0, '20041115 16:16:12.347', 0, 0, 0, 1, 1, 13, 'FindUserAccount')
INSERT INTO [dbo].[Permissions] ([PermissionID], [Name], [Description], [CreatedDate], [CreatedUserID], [ModifiedDate], [ModifiedUserID], [ViewInMedicalOffice], [ViewInBusinessManager], [ViewInAdministrator], [ViewInServiceManager], [PermissionGroupID], [PermissionValue]) VALUES (248, 'New User Account', 'Create a new user account.', '20041115 16:16:12.347', 0, '20041115 16:16:12.347', 0, 0, 0, 1, 1, 13, 'NewUserAccount')
INSERT INTO [dbo].[Permissions] ([PermissionID], [Name], [Description], [CreatedDate], [CreatedUserID], [ModifiedDate], [ModifiedUserID], [ViewInMedicalOffice], [ViewInBusinessManager], [ViewInAdministrator], [ViewInServiceManager], [PermissionGroupID], [PermissionValue]) VALUES (249, 'Read User Account', 'Show the details of a user account.', '20041115 16:16:12.347', 0, '20041115 16:16:12.347', 0, 0, 0, 1, 1, 13, 'ReadUserAccount')
INSERT INTO [dbo].[Permissions] ([PermissionID], [Name], [Description], [CreatedDate], [CreatedUserID], [ModifiedDate], [ModifiedUserID], [ViewInMedicalOffice], [ViewInBusinessManager], [ViewInAdministrator], [ViewInServiceManager], [PermissionGroupID], [PermissionValue]) VALUES (250, 'Edit User Account', 'Modify the details of a user account.', '20041115 16:16:12.347', 0, '20041115 16:16:12.347', 0, 0, 0, 1, 1, 13, 'EditUserAccount')
INSERT INTO [dbo].[Permissions] ([PermissionID], [Name], [Description], [CreatedDate], [CreatedUserID], [ModifiedDate], [ModifiedUserID], [ViewInMedicalOffice], [ViewInBusinessManager], [ViewInAdministrator], [ViewInServiceManager], [PermissionGroupID], [PermissionValue]) VALUES (251, 'Delete User Account', 'Delete a user account.', '20041115 16:16:12.347', 0, '20041115 16:16:12.347', 0, 0, 0, 1, 1, 13, 'DeleteUserAccount')
INSERT INTO [dbo].[Permissions] ([PermissionID], [Name], [Description], [CreatedDate], [CreatedUserID], [ModifiedDate], [ModifiedUserID], [ViewInMedicalOffice], [ViewInBusinessManager], [ViewInAdministrator], [ViewInServiceManager], [PermissionGroupID], [PermissionValue]) VALUES (252, 'Reset User Account Password', 'Reset a user''s password.', '20041115 16:16:12.347', 0, '20041115 16:16:12.347', 0, 0, 0, 1, 1, 13, 'ResetUserAccountPassword')
INSERT INTO [dbo].[Permissions] ([PermissionID], [Name], [Description], [CreatedDate], [CreatedUserID], [ModifiedDate], [ModifiedUserID], [ViewInMedicalOffice], [ViewInBusinessManager], [ViewInAdministrator], [ViewInServiceManager], [PermissionGroupID], [PermissionValue]) VALUES (253, 'Find Security Group', 'Display and search a list of security groups.', '20041115 16:16:12.347', 0, '20041115 16:16:12.347', 0, 0, 0, 1, 1, 13, 'FindSecurityGroup')
INSERT INTO [dbo].[Permissions] ([PermissionID], [Name], [Description], [CreatedDate], [CreatedUserID], [ModifiedDate], [ModifiedUserID], [ViewInMedicalOffice], [ViewInBusinessManager], [ViewInAdministrator], [ViewInServiceManager], [PermissionGroupID], [PermissionValue]) VALUES (254, 'New Security Group', 'Create a new security group.', '20041115 16:16:12.347', 0, '20041115 16:16:12.347', 0, 0, 0, 1, 1, 13, 'NewSecurityGroup')
INSERT INTO [dbo].[Permissions] ([PermissionID], [Name], [Description], [CreatedDate], [CreatedUserID], [ModifiedDate], [ModifiedUserID], [ViewInMedicalOffice], [ViewInBusinessManager], [ViewInAdministrator], [ViewInServiceManager], [PermissionGroupID], [PermissionValue]) VALUES (255, 'Read Security Group', 'Show the details of a security group.', '20041115 16:16:12.347', 0, '20041115 16:16:12.347', 0, 0, 0, 1, 1, 13, 'ReadSecurityGroup')
INSERT INTO [dbo].[Permissions] ([PermissionID], [Name], [Description], [CreatedDate], [CreatedUserID], [ModifiedDate], [ModifiedUserID], [ViewInMedicalOffice], [ViewInBusinessManager], [ViewInAdministrator], [ViewInServiceManager], [PermissionGroupID], [PermissionValue]) VALUES (256, 'Edit Security Group', 'Modify the details of a security group.', '20041115 16:16:12.347', 0, '20041115 16:16:12.347', 0, 0, 0, 1, 1, 13, 'EditSecurityGroup')
INSERT INTO [dbo].[Permissions] ([PermissionID], [Name], [Description], [CreatedDate], [CreatedUserID], [ModifiedDate], [ModifiedUserID], [ViewInMedicalOffice], [ViewInBusinessManager], [ViewInAdministrator], [ViewInServiceManager], [PermissionGroupID], [PermissionValue]) VALUES (257, 'Delete Security Group', 'Delete a security group.', '20041115 16:16:12.347', 0, '20041115 16:16:12.347', 0, 0, 0, 1, 1, 13, 'DeleteSecurityGroup')
INSERT INTO [dbo].[Permissions] ([PermissionID], [Name], [Description], [CreatedDate], [CreatedUserID], [ModifiedDate], [ModifiedUserID], [ViewInMedicalOffice], [ViewInBusinessManager], [ViewInAdministrator], [ViewInServiceManager], [PermissionGroupID], [PermissionValue]) VALUES (258, 'Read Security Options', 'Show the security options.', '20041115 16:16:12.347', 0, '20041115 16:16:12.347', 0, 0, 0, 1, 1, 13, 'ReadSecurityOptions')
INSERT INTO [dbo].[Permissions] ([PermissionID], [Name], [Description], [CreatedDate], [CreatedUserID], [ModifiedDate], [ModifiedUserID], [ViewInMedicalOffice], [ViewInBusinessManager], [ViewInAdministrator], [ViewInServiceManager], [PermissionGroupID], [PermissionValue]) VALUES (259, 'Edit Security Options', 'Change the security options.', '20041115 16:16:12.347', 0, '20041115 16:16:12.347', 0, 0, 0, 1, 1, 13, 'EditSecurityOptions')
INSERT INTO [dbo].[Permissions] ([PermissionID], [Name], [Description], [CreatedDate], [CreatedUserID], [ModifiedDate], [ModifiedUserID], [ViewInMedicalOffice], [ViewInBusinessManager], [ViewInAdministrator], [ViewInServiceManager], [PermissionGroupID], [PermissionValue]) VALUES (260, 'Find Insurance Plan', 'Display and search a list of insurance plans.', '20041115 16:16:12.347', 0, '20041115 16:16:12.347', 0, 1, 1, 1, 1, 14, 'FindInsurancePlan')
INSERT INTO [dbo].[Permissions] ([PermissionID], [Name], [Description], [CreatedDate], [CreatedUserID], [ModifiedDate], [ModifiedUserID], [ViewInMedicalOffice], [ViewInBusinessManager], [ViewInAdministrator], [ViewInServiceManager], [PermissionGroupID], [PermissionValue]) VALUES (261, 'New Insurance Plan', 'Create a new insurance plan.', '20041115 16:16:12.347', 0, '20041115 16:16:12.347', 0, 1, 1, 1, 1, 14, 'NewInsurancePlan')
INSERT INTO [dbo].[Permissions] ([PermissionID], [Name], [Description], [CreatedDate], [CreatedUserID], [ModifiedDate], [ModifiedUserID], [ViewInMedicalOffice], [ViewInBusinessManager], [ViewInAdministrator], [ViewInServiceManager], [PermissionGroupID], [PermissionValue]) VALUES (262, 'Read Insurance Plan', 'Show the details of an insurance plan.', '20041115 16:16:12.347', 0, '20041115 16:16:12.347', 0, 1, 1, 1, 1, 14, 'ReadInsurancePlan')
INSERT INTO [dbo].[Permissions] ([PermissionID], [Name], [Description], [CreatedDate], [CreatedUserID], [ModifiedDate], [ModifiedUserID], [ViewInMedicalOffice], [ViewInBusinessManager], [ViewInAdministrator], [ViewInServiceManager], [PermissionGroupID], [PermissionValue]) VALUES (263, 'Edit Insurance Plan', 'Modify the details of an insurance plan.', '20041115 16:16:12.347', 0, '20041115 16:16:12.347', 0, 1, 1, 1, 1, 14, 'EditInsurancePlan')
INSERT INTO [dbo].[Permissions] ([PermissionID], [Name], [Description], [CreatedDate], [CreatedUserID], [ModifiedDate], [ModifiedUserID], [ViewInMedicalOffice], [ViewInBusinessManager], [ViewInAdministrator], [ViewInServiceManager], [PermissionGroupID], [PermissionValue]) VALUES (264, 'Delete Insurance Plan', 'Delete an insurance plan.', '20041115 16:16:12.363', 0, '20041115 16:16:12.363', 0, 0, 0, 1, 1, 14, 'DeleteInsurancePlan')
INSERT INTO [dbo].[Permissions] ([PermissionID], [Name], [Description], [CreatedDate], [CreatedUserID], [ModifiedDate], [ModifiedUserID], [ViewInMedicalOffice], [ViewInBusinessManager], [ViewInAdministrator], [ViewInServiceManager], [PermissionGroupID], [PermissionValue]) VALUES (265, 'Merge Insurance Plans', 'Combine one or more insurance plans and update references throughout system.', '20041115 16:16:12.363', 0, '20041115 16:16:12.363', 0, 0, 0, 1, 1, 14, 'MergeInsurancePlans')
INSERT INTO [dbo].[Permissions] ([PermissionID], [Name], [Description], [CreatedDate], [CreatedUserID], [ModifiedDate], [ModifiedUserID], [ViewInMedicalOffice], [ViewInBusinessManager], [ViewInAdministrator], [ViewInServiceManager], [PermissionGroupID], [PermissionValue]) VALUES (266, 'Find Procedure', 'Display and search a list of procedure records.', '20041115 16:16:12.363', 0, '20041115 16:16:12.363', 0, 1, 1, 1, 1, 15, 'FindProcedure')
INSERT INTO [dbo].[Permissions] ([PermissionID], [Name], [Description], [CreatedDate], [CreatedUserID], [ModifiedDate], [ModifiedUserID], [ViewInMedicalOffice], [ViewInBusinessManager], [ViewInAdministrator], [ViewInServiceManager], [PermissionGroupID], [PermissionValue]) VALUES (267, 'New Procedure', 'Create a new procedure record.', '20041115 16:16:12.363', 0, '20041115 16:16:12.363', 0, 0, 0, 1, 1, 15, 'NewProcedure')
INSERT INTO [dbo].[Permissions] ([PermissionID], [Name], [Description], [CreatedDate], [CreatedUserID], [ModifiedDate], [ModifiedUserID], [ViewInMedicalOffice], [ViewInBusinessManager], [ViewInAdministrator], [ViewInServiceManager], [PermissionGroupID], [PermissionValue]) VALUES (268, 'Read Procedure', 'Show the details of a procedure record.', '20041115 16:16:12.363', 0, '20041115 16:16:12.363', 0, 0, 0, 1, 1, 15, 'ReadProcedure')
INSERT INTO [dbo].[Permissions] ([PermissionID], [Name], [Description], [CreatedDate], [CreatedUserID], [ModifiedDate], [ModifiedUserID], [ViewInMedicalOffice], [ViewInBusinessManager], [ViewInAdministrator], [ViewInServiceManager], [PermissionGroupID], [PermissionValue]) VALUES (269, 'Edit Procedure', 'Modify the details of a procedure record.', '20041115 16:16:12.363', 0, '20041115 16:16:12.363', 0, 0, 0, 1, 1, 15, 'EditProcedure')
INSERT INTO [dbo].[Permissions] ([PermissionID], [Name], [Description], [CreatedDate], [CreatedUserID], [ModifiedDate], [ModifiedUserID], [ViewInMedicalOffice], [ViewInBusinessManager], [ViewInAdministrator], [ViewInServiceManager], [PermissionGroupID], [PermissionValue]) VALUES (270, 'Delete Procedure', 'Delete a procedure record.', '20041115 16:16:12.363', 0, '20041115 16:16:12.363', 0, 0, 0, 1, 1, 15, 'DeleteProcedure')
INSERT INTO [dbo].[Permissions] ([PermissionID], [Name], [Description], [CreatedDate], [CreatedUserID], [ModifiedDate], [ModifiedUserID], [ViewInMedicalOffice], [ViewInBusinessManager], [ViewInAdministrator], [ViewInServiceManager], [PermissionGroupID], [PermissionValue]) VALUES (271, 'Find Procedure Modifier', 'Display and search a list of procedure modifier records.', '20041115 16:16:12.363', 0, '20041115 16:16:12.363', 0, 1, 1, 1, 1, 15, 'FindProcedureModifier')
INSERT INTO [dbo].[Permissions] ([PermissionID], [Name], [Description], [CreatedDate], [CreatedUserID], [ModifiedDate], [ModifiedUserID], [ViewInMedicalOffice], [ViewInBusinessManager], [ViewInAdministrator], [ViewInServiceManager], [PermissionGroupID], [PermissionValue]) VALUES (272, 'New Procedure Modifier', 'Create a new procedure modifier record.', '20041115 16:16:12.363', 0, '20041115 16:16:12.363', 0, 0, 0, 1, 1, 15, 'NewProcedureModifier')
INSERT INTO [dbo].[Permissions] ([PermissionID], [Name], [Description], [CreatedDate], [CreatedUserID], [ModifiedDate], [ModifiedUserID], [ViewInMedicalOffice], [ViewInBusinessManager], [ViewInAdministrator], [ViewInServiceManager], [PermissionGroupID], [PermissionValue]) VALUES (273, 'Read Procedure Modifier', 'Show the details of a procedure modifier record.', '20041115 16:16:12.363', 0, '20041115 16:16:12.363', 0, 0, 0, 1, 1, 15, 'ReadProcedureModifier')
INSERT INTO [dbo].[Permissions] ([PermissionID], [Name], [Description], [CreatedDate], [CreatedUserID], [ModifiedDate], [ModifiedUserID], [ViewInMedicalOffice], [ViewInBusinessManager], [ViewInAdministrator], [ViewInServiceManager], [PermissionGroupID], [PermissionValue]) VALUES (274, 'Edit Procedure Modifier', 'Modify the details of a procedure modifier record.', '20041115 16:16:12.363', 0, '20041115 16:16:12.363', 0, 0, 0, 1, 1, 15, 'EditProcedureModifier')
INSERT INTO [dbo].[Permissions] ([PermissionID], [Name], [Description], [CreatedDate], [CreatedUserID], [ModifiedDate], [ModifiedUserID], [ViewInMedicalOffice], [ViewInBusinessManager], [ViewInAdministrator], [ViewInServiceManager], [PermissionGroupID], [PermissionValue]) VALUES (275, 'Delete Procedure Modifier', 'Delete a procedure modifier record.', '20041115 16:16:12.363', 0, '20041115 16:16:12.363', 0, 0, 0, 1, 1, 15, 'DeleteProcedureModifier')
INSERT INTO [dbo].[Permissions] ([PermissionID], [Name], [Description], [CreatedDate], [CreatedUserID], [ModifiedDate], [ModifiedUserID], [ViewInMedicalOffice], [ViewInBusinessManager], [ViewInAdministrator], [ViewInServiceManager], [PermissionGroupID], [PermissionValue]) VALUES (276, 'Find Diagnosis', 'Display and search a list of diagnosis records.', '20041115 16:16:12.363', 0, '20041115 16:16:12.363', 0, 1, 1, 1, 1, 15, 'FindDiagnosis')
INSERT INTO [dbo].[Permissions] ([PermissionID], [Name], [Description], [CreatedDate], [CreatedUserID], [ModifiedDate], [ModifiedUserID], [ViewInMedicalOffice], [ViewInBusinessManager], [ViewInAdministrator], [ViewInServiceManager], [PermissionGroupID], [PermissionValue]) VALUES (277, 'New Diagnosis', 'Create a new diagnosis record.', '20041115 16:16:12.363', 0, '20041115 16:16:12.363', 0, 0, 0, 1, 1, 15, 'NewDiagnosis')
INSERT INTO [dbo].[Permissions] ([PermissionID], [Name], [Description], [CreatedDate], [CreatedUserID], [ModifiedDate], [ModifiedUserID], [ViewInMedicalOffice], [ViewInBusinessManager], [ViewInAdministrator], [ViewInServiceManager], [PermissionGroupID], [PermissionValue]) VALUES (278, 'Read Diagnosis', 'Show the details of a diagnosis record.', '20041115 16:16:12.363', 0, '20041115 16:16:12.363', 0, 0, 0, 1, 1, 15, 'ReadDiagnosis')
INSERT INTO [dbo].[Permissions] ([PermissionID], [Name], [Description], [CreatedDate], [CreatedUserID], [ModifiedDate], [ModifiedUserID], [ViewInMedicalOffice], [ViewInBusinessManager], [ViewInAdministrator], [ViewInServiceManager], [PermissionGroupID], [PermissionValue]) VALUES (279, 'Edit Diagnosis', 'Modify the details of a diagnosis record.', '20041115 16:16:12.363', 0, '20041115 16:16:12.363', 0, 0, 0, 1, 1, 15, 'EditDiagnosis')
INSERT INTO [dbo].[Permissions] ([PermissionID], [Name], [Description], [CreatedDate], [CreatedUserID], [ModifiedDate], [ModifiedUserID], [ViewInMedicalOffice], [ViewInBusinessManager], [ViewInAdministrator], [ViewInServiceManager], [PermissionGroupID], [PermissionValue]) VALUES (280, 'Delete Diagnosis', 'Delete a diagnosis record.', '20041115 16:16:12.363', 0, '20041115 16:16:12.363', 0, 0, 0, 1, 1, 15, 'DeleteDiagnosis')
INSERT INTO [dbo].[Permissions] ([PermissionID], [Name], [Description], [CreatedDate], [CreatedUserID], [ModifiedDate], [ModifiedUserID], [ViewInMedicalOffice], [ViewInBusinessManager], [ViewInAdministrator], [ViewInServiceManager], [PermissionGroupID], [PermissionValue]) VALUES (281, 'Find Adjustment Code', 'Display and search a list of adjustment codes.', '20041115 16:16:12.363', 0, '20041115 16:16:12.363', 0, 1, 1, 1, 1, 15, 'FindAdjustmentCode')
INSERT INTO [dbo].[Permissions] ([PermissionID], [Name], [Description], [CreatedDate], [CreatedUserID], [ModifiedDate], [ModifiedUserID], [ViewInMedicalOffice], [ViewInBusinessManager], [ViewInAdministrator], [ViewInServiceManager], [PermissionGroupID], [PermissionValue]) VALUES (282, 'New Adjustment Code', 'Create a new adjustment code.', '20041115 16:16:12.363', 0, '20041115 16:16:12.363', 0, 0, 0, 1, 1, 15, 'NewAdjustmentCode')
INSERT INTO [dbo].[Permissions] ([PermissionID], [Name], [Description], [CreatedDate], [CreatedUserID], [ModifiedDate], [ModifiedUserID], [ViewInMedicalOffice], [ViewInBusinessManager], [ViewInAdministrator], [ViewInServiceManager], [PermissionGroupID], [PermissionValue]) VALUES (283, 'Read Adjustment Code', 'Show the details of an adjustment code.', '20041115 16:16:12.363', 0, '20041115 16:16:12.363', 0, 0, 0, 1, 1, 15, 'ReadAdjustmentCode')
INSERT INTO [dbo].[Permissions] ([PermissionID], [Name], [Description], [CreatedDate], [CreatedUserID], [ModifiedDate], [ModifiedUserID], [ViewInMedicalOffice], [ViewInBusinessManager], [ViewInAdministrator], [ViewInServiceManager], [PermissionGroupID], [PermissionValue]) VALUES (284, 'Edit Adjustment Code', 'Modify the details of an adjustment code.', '20041115 16:16:12.363', 0, '20041115 16:16:12.363', 0, 0, 0, 1, 1, 15, 'EditAdjustmentCode')
INSERT INTO [dbo].[Permissions] ([PermissionID], [Name], [Description], [CreatedDate], [CreatedUserID], [ModifiedDate], [ModifiedUserID], [ViewInMedicalOffice], [ViewInBusinessManager], [ViewInAdministrator], [ViewInServiceManager], [PermissionGroupID], [PermissionValue]) VALUES (285, 'Delete Adjustment Code', 'Delete an adjustment code.', '20041115 16:16:12.363', 0, '20041115 16:16:12.363', 0, 0, 0, 1, 1, 15, 'DeleteAdjustmentCode')
INSERT INTO [dbo].[Permissions] ([PermissionID], [Name], [Description], [CreatedDate], [CreatedUserID], [ModifiedDate], [ModifiedUserID], [ViewInMedicalOffice], [ViewInBusinessManager], [ViewInAdministrator], [ViewInServiceManager], [PermissionGroupID], [PermissionValue]) VALUES (286, 'Find Customer', 'Display and search a list of customers.', '20041115 16:16:12.363', 0, '20041115 16:16:12.363', 0, 0, 0, 0, 1, 16, 'FindCustomer')
INSERT INTO [dbo].[Permissions] ([PermissionID], [Name], [Description], [CreatedDate], [CreatedUserID], [ModifiedDate], [ModifiedUserID], [ViewInMedicalOffice], [ViewInBusinessManager], [ViewInAdministrator], [ViewInServiceManager], [PermissionGroupID], [PermissionValue]) VALUES (287, 'New Customer', 'Create a new customer.', '20041115 16:16:12.363', 0, '20041115 16:16:12.363', 0, 0, 0, 0, 1, 16, 'NewCustomer')
INSERT INTO [dbo].[Permissions] ([PermissionID], [Name], [Description], [CreatedDate], [CreatedUserID], [ModifiedDate], [ModifiedUserID], [ViewInMedicalOffice], [ViewInBusinessManager], [ViewInAdministrator], [ViewInServiceManager], [PermissionGroupID], [PermissionValue]) VALUES (288, 'Read Customer', 'Show the details of a customer.', '20041115 16:16:12.363', 0, '20041115 16:16:12.363', 0, 0, 0, 0, 1, 16, 'ReadCustomer')
INSERT INTO [dbo].[Permissions] ([PermissionID], [Name], [Description], [CreatedDate], [CreatedUserID], [ModifiedDate], [ModifiedUserID], [ViewInMedicalOffice], [ViewInBusinessManager], [ViewInAdministrator], [ViewInServiceManager], [PermissionGroupID], [PermissionValue]) VALUES (289, 'Edit Customer', 'Modify the details of a customer.', '20041115 16:16:12.363', 0, '20041115 16:16:12.363', 0, 0, 0, 0, 1, 16, 'EditCustomer')
INSERT INTO [dbo].[Permissions] ([PermissionID], [Name], [Description], [CreatedDate], [CreatedUserID], [ModifiedDate], [ModifiedUserID], [ViewInMedicalOffice], [ViewInBusinessManager], [ViewInAdministrator], [ViewInServiceManager], [PermissionGroupID], [PermissionValue]) VALUES (290, 'Delete Customer', 'Delete a customer.', '20041115 16:16:12.377', 0, '20041115 16:16:12.377', 0, 0, 0, 0, 1, 16, 'DeleteCustomer')
INSERT INTO [dbo].[Permissions] ([PermissionID], [Name], [Description], [CreatedDate], [CreatedUserID], [ModifiedDate], [ModifiedUserID], [ViewInMedicalOffice], [ViewInBusinessManager], [ViewInAdministrator], [ViewInServiceManager], [PermissionGroupID], [PermissionValue]) VALUES (291, 'Edit Shared Insurance Plan', 'Modify the details of a shared insurance plan.', '20041115 16:33:20.883', 0, '20041115 16:33:20.883', 0, 0, 0, 0, 1, 14, 'EditSharedInsurancePlan')
INSERT INTO [dbo].[Permissions] ([PermissionID], [Name], [Description], [CreatedDate], [CreatedUserID], [ModifiedDate], [ModifiedUserID], [ViewInMedicalOffice], [ViewInBusinessManager], [ViewInAdministrator], [ViewInServiceManager], [PermissionGroupID], [PermissionValue]) VALUES (292, 'Delete Shared Insurance Plan', 'Delete a shared insurance plan.', '20041115 16:33:20.883', 0, '20041115 16:33:20.883', 0, 0, 0, 0, 1, 14, 'DeleteSharedInsurancePlan')
INSERT INTO [dbo].[Permissions] ([PermissionID], [Name], [Description], [CreatedDate], [CreatedUserID], [ModifiedDate], [ModifiedUserID], [ViewInMedicalOffice], [ViewInBusinessManager], [ViewInAdministrator], [ViewInServiceManager], [PermissionGroupID], [PermissionValue]) VALUES (293, 'Merge Shared Insurance Plans', 'Combine one or more shared insurance plans and update references throughout system.', '20041115 16:33:20.883', 0, '20041115 16:33:20.883', 0, 0, 0, 0, 1, 14, 'MergeSharedInsurancePlans')
INSERT INTO [dbo].[Permissions] ([PermissionID], [Name], [Description], [CreatedDate], [CreatedUserID], [ModifiedDate], [ModifiedUserID], [ViewInMedicalOffice], [ViewInBusinessManager], [ViewInAdministrator], [ViewInServiceManager], [PermissionGroupID], [PermissionValue]) VALUES (294, 'Edit Shared Procedure', 'Modify the details of a shared procedure record.', '20041115 16:33:20.883', 0, '20041115 16:33:20.883', 0, 0, 0, 0, 1, 15, 'EditSharedProcedure')
INSERT INTO [dbo].[Permissions] ([PermissionID], [Name], [Description], [CreatedDate], [CreatedUserID], [ModifiedDate], [ModifiedUserID], [ViewInMedicalOffice], [ViewInBusinessManager], [ViewInAdministrator], [ViewInServiceManager], [PermissionGroupID], [PermissionValue]) VALUES (295, 'Delete Shared Procedure', 'Delete a shared procedure record.', '20041115 16:33:20.883', 0, '20041115 16:33:20.883', 0, 0, 0, 0, 1, 15, 'DeleteSharedProcedure')
INSERT INTO [dbo].[Permissions] ([PermissionID], [Name], [Description], [CreatedDate], [CreatedUserID], [ModifiedDate], [ModifiedUserID], [ViewInMedicalOffice], [ViewInBusinessManager], [ViewInAdministrator], [ViewInServiceManager], [PermissionGroupID], [PermissionValue]) VALUES (296, 'Edit Shared Procedure Modifier', 'Modify the details of a shared procedure modifier record.', '20041115 16:33:20.883', 0, '20041115 16:33:20.883', 0, 0, 0, 0, 1, 15, 'EditSharedProcedureModifier')
INSERT INTO [dbo].[Permissions] ([PermissionID], [Name], [Description], [CreatedDate], [CreatedUserID], [ModifiedDate], [ModifiedUserID], [ViewInMedicalOffice], [ViewInBusinessManager], [ViewInAdministrator], [ViewInServiceManager], [PermissionGroupID], [PermissionValue]) VALUES (297, 'Delete Shared Procedure Modifier', 'Delete a shared procedure modifier record.', '20041115 16:33:20.883', 0, '20041115 16:33:20.883', 0, 0, 0, 0, 1, 15, 'DeleteSharedProcedureModifier')
INSERT INTO [dbo].[Permissions] ([PermissionID], [Name], [Description], [CreatedDate], [CreatedUserID], [ModifiedDate], [ModifiedUserID], [ViewInMedicalOffice], [ViewInBusinessManager], [ViewInAdministrator], [ViewInServiceManager], [PermissionGroupID], [PermissionValue]) VALUES (298, 'Edit Shared Diagnosis', 'Modify the details of a shared diagnosis record.', '20041115 16:33:20.883', 0, '20041115 16:33:20.883', 0, 0, 0, 0, 1, 15, 'EditSharedDiagnosis')
INSERT INTO [dbo].[Permissions] ([PermissionID], [Name], [Description], [CreatedDate], [CreatedUserID], [ModifiedDate], [ModifiedUserID], [ViewInMedicalOffice], [ViewInBusinessManager], [ViewInAdministrator], [ViewInServiceManager], [PermissionGroupID], [PermissionValue]) VALUES (299, 'Delete Shared Diagnosis', 'Delete a shared diagnosis record.', '20041115 16:33:20.883', 0, '20041115 16:33:20.883', 0, 0, 0, 0, 1, 15, 'DeleteSharedDiagnosis')
INSERT INTO [dbo].[Permissions] ([PermissionID], [Name], [Description], [CreatedDate], [CreatedUserID], [ModifiedDate], [ModifiedUserID], [ViewInMedicalOffice], [ViewInBusinessManager], [ViewInAdministrator], [ViewInServiceManager], [PermissionGroupID], [PermissionValue]) VALUES (302, 'Edit Contact Information', 'Modify the contact information of a practice.', '20041115 16:16:12.270', 0, '20041115 16:16:12.270', 0, 1, 1, 1, 1, 11, 'EditContactInformation')
INSERT INTO [dbo].[Permissions] ([PermissionID], [Name], [Description], [CreatedDate], [CreatedUserID], [ModifiedDate], [ModifiedUserID], [ViewInMedicalOffice], [ViewInBusinessManager], [ViewInAdministrator], [ViewInServiceManager], [PermissionGroupID], [PermissionValue]) VALUES (303, 'Read Appointment Options', 'Show the appointment options.', '20041115 15:02:47.000', 0, '20041115 15:02:47.000', 0, 1, 1, 1, 1, 7, 'ReadAppointmentOptions')
INSERT INTO [dbo].[Permissions] ([PermissionID], [Name], [Description], [CreatedDate], [CreatedUserID], [ModifiedDate], [ModifiedUserID], [ViewInMedicalOffice], [ViewInBusinessManager], [ViewInAdministrator], [ViewInServiceManager], [PermissionGroupID], [PermissionValue]) VALUES (304, 'Read Old Reports', 'Show the old reports task.', '20041201 13:02:06.007', 0, '20041201 13:02:06.007', 0, 1, 1, 1, 1, 10, 'ReadOldReports')
INSERT INTO [dbo].[Permissions] ([PermissionID], [Name], [Description], [CreatedDate], [CreatedUserID], [ModifiedDate], [ModifiedUserID], [ViewInMedicalOffice], [ViewInBusinessManager], [ViewInAdministrator], [ViewInServiceManager], [PermissionGroupID], [PermissionValue]) VALUES (305, 'Unapprove Encounter', 'Resubmit an unbilled, approved encounter.', '20041206 18:28:18.513', 0, '20041206 18:28:18.513', 0, 0, 1, 1, 1, 8, 'UnapproveEncounter')
INSERT INTO [dbo].[Permissions] ([PermissionID], [Name], [Description], [CreatedDate], [CreatedUserID], [ModifiedDate], [ModifiedUserID], [ViewInMedicalOffice], [ViewInBusinessManager], [ViewInAdministrator], [ViewInServiceManager], [PermissionGroupID], [PermissionValue]) VALUES (306, 'Find Electronic Payer Connection', 'Display and search a list of electronic payer connections.', '20041206 19:01:14.107', 0, '20041206 19:01:14.107', 0, 0, 1, 1, 1, 14, 'FindElectronicPayerConnection')
INSERT INTO [dbo].[Permissions] ([PermissionID], [Name], [Description], [CreatedDate], [CreatedUserID], [ModifiedDate], [ModifiedUserID], [ViewInMedicalOffice], [ViewInBusinessManager], [ViewInAdministrator], [ViewInServiceManager], [PermissionGroupID], [PermissionValue]) VALUES (307, 'Read Electronic Payer Connection', 'Show the details of an electronic payer connection.', '20041206 19:01:37.763', 0, '20041206 19:01:37.763', 0, 0, 1, 1, 1, 14, 'ReadElectronicPayerConnection')
INSERT INTO [dbo].[Permissions] ([PermissionID], [Name], [Description], [CreatedDate], [CreatedUserID], [ModifiedDate], [ModifiedUserID], [ViewInMedicalOffice], [ViewInBusinessManager], [ViewInAdministrator], [ViewInServiceManager], [PermissionGroupID], [PermissionValue]) VALUES (308, 'New Electronic Payer Connection', 'Create a new electronic payer connection.', '20041206 19:01:48.153', 0, '20041206 19:01:48.153', 0, 0, 1, 1, 1, 14, 'NewElectronicPayerConnection')
INSERT INTO [dbo].[Permissions] ([PermissionID], [Name], [Description], [CreatedDate], [CreatedUserID], [ModifiedDate], [ModifiedUserID], [ViewInMedicalOffice], [ViewInBusinessManager], [ViewInAdministrator], [ViewInServiceManager], [PermissionGroupID], [PermissionValue]) VALUES (309, 'Edit Electronic Payer Connection', 'Modify the details of a electronic payer connection.', '20041206 19:02:39.220', 0, '20041206 19:02:39.220', 0, 0, 1, 1, 1, 14, 'EditElectronicPayerConnection')
INSERT INTO [dbo].[Permissions] ([PermissionID], [Name], [Description], [CreatedDate], [CreatedUserID], [ModifiedDate], [ModifiedUserID], [ViewInMedicalOffice], [ViewInBusinessManager], [ViewInAdministrator], [ViewInServiceManager], [PermissionGroupID], [PermissionValue]) VALUES (310, 'Delete Electronic Payer Connection', 'Delete an electronic payer connection.', '20041206 19:02:52.190', 0, '20041206 19:02:52.190', 0, 0, 1, 1, 1, 14, 'DeleteElectronicPayerConnection')
INSERT INTO [dbo].[Permissions] ([PermissionID], [Name], [Description], [CreatedDate], [CreatedUserID], [ModifiedDate], [ModifiedUserID], [ViewInMedicalOffice], [ViewInBusinessManager], [ViewInAdministrator], [ViewInServiceManager], [PermissionGroupID], [PermissionValue]) VALUES (311, 'New Shared Insurance Plan', 'Create a shared insurance plan.', '20041206 10:20:00.000', 0, '20041206 10:20:00.000', 0, 0, 0, 0, 1, 14, 'NewSharedInsurancePlan')
INSERT INTO [dbo].[Permissions] ([PermissionID], [Name], [Description], [CreatedDate], [CreatedUserID], [ModifiedDate], [ModifiedUserID], [ViewInMedicalOffice], [ViewInBusinessManager], [ViewInAdministrator], [ViewInServiceManager], [PermissionGroupID], [PermissionValue]) VALUES (312, 'Read Shared Insurance Plan', 'Show the details of a shared insurance plan.', '20041206 22:21:31.820', 0, '20041206 22:21:31.820', 0, 0, 0, 0, 1, 14, 'ReadSharedInsurancePlan')
INSERT INTO [dbo].[Permissions] ([PermissionID], [Name], [Description], [CreatedDate], [CreatedUserID], [ModifiedDate], [ModifiedUserID], [ViewInMedicalOffice], [ViewInBusinessManager], [ViewInAdministrator], [ViewInServiceManager], [PermissionGroupID], [PermissionValue]) VALUES (313, 'New Shared Procedure', 'Create a shared procedure.', '20041206 10:20:00.000', 0, '20041206 10:20:00.000', 0, 0, 0, 0, 1, 14, 'NewSharedProcedure')
INSERT INTO [dbo].[Permissions] ([PermissionID], [Name], [Description], [CreatedDate], [CreatedUserID], [ModifiedDate], [ModifiedUserID], [ViewInMedicalOffice], [ViewInBusinessManager], [ViewInAdministrator], [ViewInServiceManager], [PermissionGroupID], [PermissionValue]) VALUES (314, 'Read Shared Procedure', 'Show the details of a shared procedure.', '20041206 22:21:32.000', 0, '20041206 22:21:32.000', 0, 0, 0, 0, 1, 14, 'ReadSharedProcedure')
INSERT INTO [dbo].[Permissions] ([PermissionID], [Name], [Description], [CreatedDate], [CreatedUserID], [ModifiedDate], [ModifiedUserID], [ViewInMedicalOffice], [ViewInBusinessManager], [ViewInAdministrator], [ViewInServiceManager], [PermissionGroupID], [PermissionValue]) VALUES (315, 'New Shared Procedure Modifier', 'Create a shared procedure modifier.', '20041206 10:20:00.000', 0, '20041206 10:20:00.000', 0, 0, 0, 0, 1, 14, 'NewSharedProcedureModifier')
INSERT INTO [dbo].[Permissions] ([PermissionID], [Name], [Description], [CreatedDate], [CreatedUserID], [ModifiedDate], [ModifiedUserID], [ViewInMedicalOffice], [ViewInBusinessManager], [ViewInAdministrator], [ViewInServiceManager], [PermissionGroupID], [PermissionValue]) VALUES (316, 'Read Shared Procedure Modifier', 'Show the details of a shared procedure modifier.', '20041206 22:21:32.000', 0, '20041206 22:21:32.000', 0, 0, 0, 0, 1, 14, 'ReadSharedProcedureModifier')
INSERT INTO [dbo].[Permissions] ([PermissionID], [Name], [Description], [CreatedDate], [CreatedUserID], [ModifiedDate], [ModifiedUserID], [ViewInMedicalOffice], [ViewInBusinessManager], [ViewInAdministrator], [ViewInServiceManager], [PermissionGroupID], [PermissionValue]) VALUES (317, 'New Shared Diagnosis', 'Create a shared diagnosis record.', '20041206 10:20:00.000', 0, '20041206 10:20:00.000', 0, 0, 0, 0, 1, 14, 'NewSharedDiagnosis')
INSERT INTO [dbo].[Permissions] ([PermissionID], [Name], [Description], [CreatedDate], [CreatedUserID], [ModifiedDate], [ModifiedUserID], [ViewInMedicalOffice], [ViewInBusinessManager], [ViewInAdministrator], [ViewInServiceManager], [PermissionGroupID], [PermissionValue]) VALUES (318, 'Read Shared Diagnosis', 'Show the details of a shared diagnosis record.', '20041206 22:21:32.000', 0, '20041206 22:21:32.000', 0, 0, 0, 0, 1, 14, 'ReadSharedDiagnosis')
INSERT INTO [dbo].[Permissions] ([PermissionID], [Name], [Description], [CreatedDate], [CreatedUserID], [ModifiedDate], [ModifiedUserID], [ViewInMedicalOffice], [ViewInBusinessManager], [ViewInAdministrator], [ViewInServiceManager], [PermissionGroupID], [PermissionValue]) VALUES (321, 'Find Shared Insurance Plan', 'Display and search a list of shared insurance plans.', '20041206 22:21:32.000', 0, '20041206 22:21:32.000', 0, 0, 0, 0, 1, 14, 'FindSharedInsurancePlan')
INSERT INTO [dbo].[Permissions] ([PermissionID], [Name], [Description], [CreatedDate], [CreatedUserID], [ModifiedDate], [ModifiedUserID], [ViewInMedicalOffice], [ViewInBusinessManager], [ViewInAdministrator], [ViewInServiceManager], [PermissionGroupID], [PermissionValue]) VALUES (322, 'Find Shared Procedure', 'Display and search a list of shared procedures.', '20041206 22:21:32.000', 0, '20041206 22:21:32.000', 0, 0, 0, 0, 1, 14, 'FindSharedProcedure')
INSERT INTO [dbo].[Permissions] ([PermissionID], [Name], [Description], [CreatedDate], [CreatedUserID], [ModifiedDate], [ModifiedUserID], [ViewInMedicalOffice], [ViewInBusinessManager], [ViewInAdministrator], [ViewInServiceManager], [PermissionGroupID], [PermissionValue]) VALUES (323, 'Find Shared Procedure Modifier', 'Display and search a list of shared procedure modifiers.', '20041206 22:21:32.000', 0, '20041206 22:21:32.000', 0, 0, 0, 0, 1, 14, 'FindSharedProcedureModifier')
INSERT INTO [dbo].[Permissions] ([PermissionID], [Name], [Description], [CreatedDate], [CreatedUserID], [ModifiedDate], [ModifiedUserID], [ViewInMedicalOffice], [ViewInBusinessManager], [ViewInAdministrator], [ViewInServiceManager], [PermissionGroupID], [PermissionValue]) VALUES (324, 'Find Shared Diagnosis', 'Display and search a list of shared diagnosis.', '20041206 22:21:32.000', 0, '20041206 22:21:32.000', 0, 0, 0, 0, 1, 14, 'FindSharedDiagnosis')
INSERT INTO [dbo].[Permissions] ([PermissionID], [Name], [Description], [CreatedDate], [CreatedUserID], [ModifiedDate], [ModifiedUserID], [ViewInMedicalOffice], [ViewInBusinessManager], [ViewInAdministrator], [ViewInServiceManager], [PermissionGroupID], [PermissionValue]) VALUES (326, 'Find Shared User Account', 'Display and search a list of shared user accounts.', '20041115 16:16:12.000', 0, '20041115 16:16:12.000', 0, 0, 0, 0, 1, 13, 'FindSharedUserAccount')
INSERT INTO [dbo].[Permissions] ([PermissionID], [Name], [Description], [CreatedDate], [CreatedUserID], [ModifiedDate], [ModifiedUserID], [ViewInMedicalOffice], [ViewInBusinessManager], [ViewInAdministrator], [ViewInServiceManager], [PermissionGroupID], [PermissionValue]) VALUES (327, 'New Shared User Account', 'Create a new shared user account.', '20041115 16:16:12.000', 0, '20041115 16:16:12.000', 0, 0, 0, 0, 1, 13, 'NewSharedUserAccount')
INSERT INTO [dbo].[Permissions] ([PermissionID], [Name], [Description], [CreatedDate], [CreatedUserID], [ModifiedDate], [ModifiedUserID], [ViewInMedicalOffice], [ViewInBusinessManager], [ViewInAdministrator], [ViewInServiceManager], [PermissionGroupID], [PermissionValue]) VALUES (328, 'Read Shared User Account', 'Show the details of a shared user account.', '20041115 16:16:12.000', 0, '20041115 16:16:12.000', 0, 0, 0, 0, 1, 13, 'ReadSharedUserAccount')
INSERT INTO [dbo].[Permissions] ([PermissionID], [Name], [Description], [CreatedDate], [CreatedUserID], [ModifiedDate], [ModifiedUserID], [ViewInMedicalOffice], [ViewInBusinessManager], [ViewInAdministrator], [ViewInServiceManager], [PermissionGroupID], [PermissionValue]) VALUES (329, 'Edit Shared User Account', 'Modify the details of a shared user account.', '20041115 16:16:12.000', 0, '20041115 16:16:12.000', 0, 0, 0, 0, 1, 13, 'EditSharedUserAccount')
INSERT INTO [dbo].[Permissions] ([PermissionID], [Name], [Description], [CreatedDate], [CreatedUserID], [ModifiedDate], [ModifiedUserID], [ViewInMedicalOffice], [ViewInBusinessManager], [ViewInAdministrator], [ViewInServiceManager], [PermissionGroupID], [PermissionValue]) VALUES (330, 'Delete Shared User Account', 'Delete a shared user account.', '20041115 16:16:12.000', 0, '20041115 16:16:12.000', 0, 0, 0, 0, 1, 13, 'DeleteSharedUserAccount')

SET IDENTITY_INSERT [dbo].[Permissions] OFF


/* Insert scripts for table: [dbo].[SecurityGroup] */
PRINT 'Inserting rows into table: [dbo].[SecurityGroup]'

SET IDENTITY_INSERT [dbo].[SecurityGroup] ON

/* Warning - TIMESTAMP datatype not supported for Insert scripts */
INSERT INTO [dbo].[SecurityGroup] ([SecurityGroupID], CustomerID, [SecurityGroupName], [SecurityGroupDescription], [CreatedDate], [CreatedUserID], [ModifiedDate], [ModifiedUserID]) VALUES (1, 1, 'System Administrator', NULL, '20020529 15:46:17.460', 0, '20020529 15:46:17.460', 0)
INSERT INTO [dbo].[SecurityGroup] ([SecurityGroupID], CustomerID, [SecurityGroupName], [SecurityGroupDescription], [CreatedDate], [CreatedUserID], [ModifiedDate], [ModifiedUserID]) VALUES (2, 1, 'Billing Specialist', NULL, '20020529 15:46:17.460', 0, '20020529 15:46:17.460', 0)
INSERT INTO [dbo].[SecurityGroup] ([SecurityGroupID], CustomerID, [SecurityGroupName], [SecurityGroupDescription], [CreatedDate], [CreatedUserID], [ModifiedDate], [ModifiedUserID]) VALUES (3, 1, 'Practice Staff', NULL, '20020529 15:46:17.460', 0, '20020529 15:46:17.460', 0)
INSERT INTO [dbo].[SecurityGroup] ([SecurityGroupID], CustomerID, [SecurityGroupName], [SecurityGroupDescription], [CreatedDate], [CreatedUserID], [ModifiedDate], [ModifiedUserID]) VALUES (4, 1, 'Doctor', NULL, '20020529 15:46:17.460', 0, '20020529 15:46:17.460', 0)
INSERT INTO [dbo].[SecurityGroup] ([SecurityGroupID], CustomerID, [SecurityGroupName], [SecurityGroupDescription], [CreatedDate], [CreatedUserID], [ModifiedDate], [ModifiedUserID]) VALUES (5, 1, 'Tester', 'Testing Account', '20020529 15:46:17.460', 0, '20040921 12:52:43.573', 0)
INSERT INTO [dbo].[SecurityGroup] ([SecurityGroupID], CustomerID, [SecurityGroupName], [SecurityGroupDescription], [CreatedDate], [CreatedUserID], [ModifiedDate], [ModifiedUserID]) VALUES (6, 1, 'Demo Users', 'Users given demonstration accounts', '20030801 11:56:01.713', 0, '20030801 11:56:01.713', 0)

SET IDENTITY_INSERT [dbo].[SecurityGroup] OFF

/* Insert scripts for table: [dbo].[SharedSystemPropertiesAndValues] */
PRINT 'Inserting rows into table: [dbo].[SharedSystemPropertiesAndValues]'

INSERT INTO [dbo].[SharedSystemPropertiesAndValues] ([PropertyName], [Value], [PropertyDescription], [ValueType]) VALUES ('KareoDefaultUserSecurityGroupID', '27', 'This is the key value of the SecurityGroup that a user will be associated with when the user is first created.', NULL)

/* Insert scripts for table: [dbo].[SubscriptionLastRun] */
PRINT 'Inserting rows into table: [dbo].[SubscriptionLastRun]'

INSERT INTO [dbo].[SubscriptionLastRun] ([TableName], [LastUpdatedDate], [ManuallyMaintained]) VALUES ('ClearinghousePayersList', '20000101 00:00:00.000', 0)
INSERT INTO [dbo].[SubscriptionLastRun] ([TableName], [LastUpdatedDate], [ManuallyMaintained]) VALUES ('DiagnosisCodeDictionary', '20041217 10:36:47.503', 0)
INSERT INTO [dbo].[SubscriptionLastRun] ([TableName], [LastUpdatedDate], [ManuallyMaintained]) VALUES ('GroupTypeNumber', '20000101 00:00:00.000', 1)
INSERT INTO [dbo].[SubscriptionLastRun] ([TableName], [LastUpdatedDate], [ManuallyMaintained]) VALUES ('HCFADiagnosisReferenceFormat', '20041217 10:39:36.957', 1)
INSERT INTO [dbo].[SubscriptionLastRun] ([TableName], [LastUpdatedDate], [ManuallyMaintained]) VALUES ('HCFASameAsInsuredFormat', '20041217 10:39:36.957', 1)
INSERT INTO [dbo].[SubscriptionLastRun] ([TableName], [LastUpdatedDate], [ManuallyMaintained]) VALUES ('InsuranceCompanyPlan', '20041217 10:39:36.957', 0)
INSERT INTO [dbo].[SubscriptionLastRun] ([TableName], [LastUpdatedDate], [ManuallyMaintained]) VALUES ('ProcedureCodeDictionary', '20041217 10:36:47.863', 0)
INSERT INTO [dbo].[SubscriptionLastRun] ([TableName], [LastUpdatedDate], [ManuallyMaintained]) VALUES ('ProcedureModifier', '20041217 10:36:48.207', 1)
INSERT INTO [dbo].[SubscriptionLastRun] ([TableName], [LastUpdatedDate], [ManuallyMaintained]) VALUES ('ProviderNumberType', '20041217 10:39:36.987', 1)
INSERT INTO [dbo].[SubscriptionLastRun] ([TableName], [LastUpdatedDate], [ManuallyMaintained]) VALUES ('TypeOfService', '20000101 00:00:00.000', 1)

/* Insert scripts for table: [dbo].[Users] */
PRINT 'Inserting rows into table: [dbo].[Users]'

SET IDENTITY_INSERT [dbo].[Users] ON

/* Warning - TIMESTAMP datatype not supported for Insert scripts */
INSERT INTO [dbo].[Users] ([UserID], [NtlmName], [CreatedDate], [CreatedUserID], [ModifiedDate], [ModifiedUserID], [Prefix], [FirstName], [MiddleName], [LastName], [Suffix], [AddressLine1], [AddressLine2], [City], [State], [Country], [ZipCode], [WorkPhone], [WorkPhoneExt], [AlternativePhone], [AlternativePhoneExt], [EmailAddress], [Notes], [AccountLockCounter], [AccountLocked], [UserPasswordID]) VALUES (122, NULL, '20041214 20:23:00.463', 0, '20041217 11:50:07.113', 122, NULL, NULL, NULL, NULL, NULL, NULL, NULL, NULL, NULL, NULL, NULL, NULL, NULL, NULL, NULL, 'superadmin@kareo.com', NULL, 0, 0, 151)

SET IDENTITY_INSERT [dbo].[Users] OFF

/* Insert scripts for table: [dbo].[UserPassword] */
PRINT 'Inserting rows into table: [dbo].[UserPassword]'

SET IDENTITY_INSERT [dbo].[UserPassword] ON

INSERT INTO [dbo].[UserPassword] ([UserPasswordID], [UserID], [Password], [SecretQuestion], [SecretAnswer], [CreatedDate], [Expired]) VALUES (150, 122, 'EB877377EABC8E92AB5519C95E71F59509A1E079', NULL, NULL, '20041216 20:26:48.260', 1)
INSERT INTO [dbo].[UserPassword] ([UserPasswordID], [UserID], [Password], [SecretQuestion], [SecretAnswer], [CreatedDate], [Expired]) VALUES (151, 122, '5EF2DD95D3E86B0CB6337297EF53C5DEB004C428', 'superadmin', '5EF2DD95D3E86B0CB6337297EF53C5DEB004C428', '20041216 20:28:33.280', 0)

SET IDENTITY_INSERT [dbo].[UserPassword] OFF


/* Insert scripts for table: [dbo].[UsersSecurityGroup] */
PRINT 'Inserting rows into table: [dbo].[UsersSecurityGroup]'

/* Warning - TIMESTAMP datatype not supported for Insert scripts */
INSERT INTO [dbo].[UsersSecurityGroup] ([UserID], [SecurityGroupID], [CreatedDate], [CreatedUserID], [ModifiedDate], [ModifiedUserID]) VALUES (122, 26, '20041214 20:26:14.563', 0, '20041214 20:26:14.563', 0)

/* Insert scripts for table: [dbo].[SecuritySetting] */
PRINT 'Inserting rows into table: [dbo].[SecuritySetting]'

SET IDENTITY_INSERT [dbo].[SecuritySetting] ON

INSERT INTO [dbo].[SecuritySetting] ([SecuritySettingID], [CustomerID], [PasswordMinimumLength], [PasswordRequireAlphaNumeric], [PasswordRequireMixedCase], [PasswordRequireNonAlphaNumeric], [PasswordRequireDifferentPassword], [PasswordRequireDifferentPasswordCount], [PasswordExpiration], [PasswordExpirationDays], [LockoutAttempts], [LockoutPhone], [LockoutEmail], [UILockMinutesAdministrator], [UILockMinutesBusinessManager], [UILockMinutesMedicalOffice], [UILockMinutesPractitioner], [UILockMinutesServiceManager]) VALUES (1, NULL, 0, 0, 0, 0, 1, 3, 1, 180, 5, '7146656920', 'support@kareo.com', 30, 30, 30, 30, 30)
INSERT INTO [dbo].[SecuritySetting] ([SecuritySettingID], [CustomerID], [PasswordMinimumLength], [PasswordRequireAlphaNumeric], [PasswordRequireMixedCase], [PasswordRequireNonAlphaNumeric], [PasswordRequireDifferentPassword], [PasswordRequireDifferentPasswordCount], [PasswordExpiration], [PasswordExpirationDays], [LockoutAttempts], [LockoutPhone], [LockoutEmail], [UILockMinutesAdministrator], [UILockMinutesBusinessManager], [UILockMinutesMedicalOffice], [UILockMinutesPractitioner], [UILockMinutesServiceManager]) VALUES (2, 1, 4, 0, 0, 0, 0, 3, 1, 180, 10, '7146656920', 'support@kareo.com', 30, 30, 30, 30, 30)

SET IDENTITY_INSERT [dbo].[SecuritySetting] OFF

/* Insert scripts for table: [dbo].[Users] */
PRINT 'Inserting rows into table: [dbo].[Users]'

SET IDENTITY_INSERT [dbo].[Users] ON

INSERT INTO [dbo].[Users] (
	[UserID] /* Identity Field */ ,
	[NtlmName],
	[CreatedDate],
	[CreatedUserID],
	[ModifiedDate],
	[ModifiedUserID],
	[Prefix],
	[FirstName],
	[MiddleName],
	[LastName],
	[Suffix],
	[AddressLine1],
	[AddressLine2],
	[City],
	[State],
	[Country],
	[ZipCode],
	[WorkPhone],
	[WorkPhoneExt],
	[AlternativePhone],
	[AlternativePhoneExt],
	[EmailAddress],
	[Notes],
	[AccountLockCounter],
	[AccountLocked],
	[UserPasswordID])
SELECT
	[UserID] /* Identity Field */ ,
	[NtlmName],
	[CreatedDate],
	[CreatedUserID],
	[ModifiedDate],
	[ModifiedUserID],
	[Prefix],
	[FirstName],
	[MiddleName],
	[LastName],
	[Suffix],
	[AddressLine1],
	[AddressLine2],
	[City],
	[State],
	[Country],
	[ZipCode],
	[WorkPhone],
	[WorkPhoneExt],
	[AlternativePhone],
	[AlternativePhoneExt],
	[EmailAddress],
	[Notes],
	[AccountLockCounter],
	[AccountLocked],
	[UserPasswordID]
FROM superbill_0001_prod.dbo.Users

SET IDENTITY_INSERT [dbo].[Users] OFF

/* Insert scripts for table: [dbo].[UserPassword] */
PRINT 'Inserting rows into table: [dbo].[UserPassword]'

SET IDENTITY_INSERT [dbo].[UserPassword] ON

INSERT INTO [dbo].[UserPassword] (
	[UserPasswordID] /* Identity Field */ ,
	[UserID],
	[Password],
	[SecretQuestion],
	[SecretAnswer],
	[CreatedDate],
	[Expired])
SELECT [UserPasswordID] /* Identity Field */ ,
	[UserID],
	[Password],
	[SecretQuestion],
	[SecretAnswer],
	[CreatedDate],
	[Expired]
FROM superbill_0001_prod.dbo.UserPassword


SET IDENTITY_INSERT [dbo].[UserPassword] OFF

INSERT INTO [dbo].[UsersSecurityGroup] (
	[UserID],
	[SecurityGroupID],
	[CreatedDate],
	[CreatedUserID],
	[ModifiedDate],
	[ModifiedUserID]
	)
SELECT
	[UserID],
	[GroupID],
	[CreatedDate],
	[CreatedUserID],
	[ModifiedDate],
	[ModifiedUserID]
FROM superbill_0001_prod.dbo.UserGroups	

/* Insert scripts for table: [dbo].[SecurityGroupPermissions] */
PRINT 'Inserting rows into table: [dbo].[SecurityGroupPermissions]'
/*Can't do this because the permission ids are different
INSERT INTO [dbo].[SecurityGroupPermissions] (
	[SecurityGroupID],
	[PermissionID],
	[Allowed],
	[CreatedDate],
	[CreatedUserID],
	[ModifiedDate],
	[ModifiedUserID])
SELECT 
	[GroupID],
	[PermissionID],
	[Allowed],
	[CreatedDate],
	[CreatedUserID],
	[ModifiedDate],
	[ModifiedUserID]
FROM superbill_0001_prod.dbo.GroupPermissions
*/
/* ------------------------------------------------------------
   FILE:         C:\Documents and Settings\rolland\Desktop\kareo_data\data.sql
   
   DESCRIPTION:  Insert scripts for the following table(s)/view(s):

     [dbo].[SecurityGroupPermissions]
   
   AUTHOR:       Rolland Zeleznik                                       
   
   CREATED:      12/17/2004 14:35:04                                    
   ------------------------------------------------------------ */
   
SET NOCOUNT ON


/* Insert scripts for table: [dbo].[SecurityGroupPermissions] */
PRINT 'Inserting rows into table: [dbo].[SecurityGroupPermissions]'

/* Warning - TIMESTAMP datatype not supported for Insert scripts */
INSERT INTO [dbo].[SecurityGroupPermissions] ([SecurityGroupID], [PermissionID], [Allowed], [CreatedDate], [CreatedUserID], [ModifiedDate], [ModifiedUserID], [Denied]) VALUES (1, 107, 1, '20041216 17:49:53.090', 0, '20041216 17:49:53.090', 0, 0)
INSERT INTO [dbo].[SecurityGroupPermissions] ([SecurityGroupID], [PermissionID], [Allowed], [CreatedDate], [CreatedUserID], [ModifiedDate], [ModifiedUserID], [Denied]) VALUES (1, 108, 1, '20041216 17:49:53.090', 0, '20041216 17:49:53.090', 0, 0)
INSERT INTO [dbo].[SecurityGroupPermissions] ([SecurityGroupID], [PermissionID], [Allowed], [CreatedDate], [CreatedUserID], [ModifiedDate], [ModifiedUserID], [Denied]) VALUES (1, 109, 1, '20041216 17:49:53.090', 0, '20041216 17:49:53.090', 0, 0)
INSERT INTO [dbo].[SecurityGroupPermissions] ([SecurityGroupID], [PermissionID], [Allowed], [CreatedDate], [CreatedUserID], [ModifiedDate], [ModifiedUserID], [Denied]) VALUES (1, 110, 1, '20041216 17:49:53.090', 0, '20041216 17:49:53.090', 0, 0)
INSERT INTO [dbo].[SecurityGroupPermissions] ([SecurityGroupID], [PermissionID], [Allowed], [CreatedDate], [CreatedUserID], [ModifiedDate], [ModifiedUserID], [Denied]) VALUES (1, 111, 1, '20041216 17:49:53.090', 0, '20041216 17:49:53.090', 0, 0)
INSERT INTO [dbo].[SecurityGroupPermissions] ([SecurityGroupID], [PermissionID], [Allowed], [CreatedDate], [CreatedUserID], [ModifiedDate], [ModifiedUserID], [Denied]) VALUES (1, 112, 1, '20041216 17:49:53.090', 0, '20041216 17:49:53.090', 0, 0)
INSERT INTO [dbo].[SecurityGroupPermissions] ([SecurityGroupID], [PermissionID], [Allowed], [CreatedDate], [CreatedUserID], [ModifiedDate], [ModifiedUserID], [Denied]) VALUES (1, 113, 1, '20041216 17:49:53.090', 0, '20041216 17:49:53.090', 0, 0)
INSERT INTO [dbo].[SecurityGroupPermissions] ([SecurityGroupID], [PermissionID], [Allowed], [CreatedDate], [CreatedUserID], [ModifiedDate], [ModifiedUserID], [Denied]) VALUES (1, 114, 1, '20041216 17:49:53.090', 0, '20041216 17:49:53.090', 0, 0)
INSERT INTO [dbo].[SecurityGroupPermissions] ([SecurityGroupID], [PermissionID], [Allowed], [CreatedDate], [CreatedUserID], [ModifiedDate], [ModifiedUserID], [Denied]) VALUES (1, 115, 1, '20041216 17:49:53.090', 0, '20041216 17:49:53.090', 0, 0)
INSERT INTO [dbo].[SecurityGroupPermissions] ([SecurityGroupID], [PermissionID], [Allowed], [CreatedDate], [CreatedUserID], [ModifiedDate], [ModifiedUserID], [Denied]) VALUES (1, 116, 1, '20041216 17:49:53.090', 0, '20041216 17:49:53.090', 0, 0)
INSERT INTO [dbo].[SecurityGroupPermissions] ([SecurityGroupID], [PermissionID], [Allowed], [CreatedDate], [CreatedUserID], [ModifiedDate], [ModifiedUserID], [Denied]) VALUES (1, 117, 1, '20041216 17:49:53.090', 0, '20041216 17:49:53.090', 0, 0)
INSERT INTO [dbo].[SecurityGroupPermissions] ([SecurityGroupID], [PermissionID], [Allowed], [CreatedDate], [CreatedUserID], [ModifiedDate], [ModifiedUserID], [Denied]) VALUES (1, 118, 1, '20041216 17:49:53.090', 0, '20041216 17:49:53.090', 0, 0)
INSERT INTO [dbo].[SecurityGroupPermissions] ([SecurityGroupID], [PermissionID], [Allowed], [CreatedDate], [CreatedUserID], [ModifiedDate], [ModifiedUserID], [Denied]) VALUES (1, 119, 1, '20041216 17:49:53.090', 0, '20041216 17:49:53.090', 0, 0)
INSERT INTO [dbo].[SecurityGroupPermissions] ([SecurityGroupID], [PermissionID], [Allowed], [CreatedDate], [CreatedUserID], [ModifiedDate], [ModifiedUserID], [Denied]) VALUES (1, 120, 1, '20041216 17:49:53.090', 0, '20041216 17:49:53.090', 0, 0)
INSERT INTO [dbo].[SecurityGroupPermissions] ([SecurityGroupID], [PermissionID], [Allowed], [CreatedDate], [CreatedUserID], [ModifiedDate], [ModifiedUserID], [Denied]) VALUES (1, 121, 1, '20041216 17:49:53.090', 0, '20041216 17:49:53.090', 0, 0)
INSERT INTO [dbo].[SecurityGroupPermissions] ([SecurityGroupID], [PermissionID], [Allowed], [CreatedDate], [CreatedUserID], [ModifiedDate], [ModifiedUserID], [Denied]) VALUES (1, 122, 1, '20041216 17:49:53.090', 0, '20041216 17:49:53.090', 0, 0)
INSERT INTO [dbo].[SecurityGroupPermissions] ([SecurityGroupID], [PermissionID], [Allowed], [CreatedDate], [CreatedUserID], [ModifiedDate], [ModifiedUserID], [Denied]) VALUES (1, 123, 1, '20041216 17:49:53.090', 0, '20041216 17:49:53.090', 0, 0)
INSERT INTO [dbo].[SecurityGroupPermissions] ([SecurityGroupID], [PermissionID], [Allowed], [CreatedDate], [CreatedUserID], [ModifiedDate], [ModifiedUserID], [Denied]) VALUES (1, 124, 1, '20041216 17:49:53.090', 0, '20041216 17:49:53.090', 0, 0)
INSERT INTO [dbo].[SecurityGroupPermissions] ([SecurityGroupID], [PermissionID], [Allowed], [CreatedDate], [CreatedUserID], [ModifiedDate], [ModifiedUserID], [Denied]) VALUES (1, 125, 1, '20041216 17:49:53.090', 0, '20041216 17:49:53.090', 0, 0)
INSERT INTO [dbo].[SecurityGroupPermissions] ([SecurityGroupID], [PermissionID], [Allowed], [CreatedDate], [CreatedUserID], [ModifiedDate], [ModifiedUserID], [Denied]) VALUES (1, 126, 1, '20041216 17:49:53.090', 0, '20041216 17:49:53.090', 0, 0)
INSERT INTO [dbo].[SecurityGroupPermissions] ([SecurityGroupID], [PermissionID], [Allowed], [CreatedDate], [CreatedUserID], [ModifiedDate], [ModifiedUserID], [Denied]) VALUES (1, 127, 1, '20041216 17:49:53.090', 0, '20041216 17:49:53.090', 0, 0)
INSERT INTO [dbo].[SecurityGroupPermissions] ([SecurityGroupID], [PermissionID], [Allowed], [CreatedDate], [CreatedUserID], [ModifiedDate], [ModifiedUserID], [Denied]) VALUES (1, 128, 1, '20041216 17:49:53.090', 0, '20041216 17:49:53.090', 0, 0)
INSERT INTO [dbo].[SecurityGroupPermissions] ([SecurityGroupID], [PermissionID], [Allowed], [CreatedDate], [CreatedUserID], [ModifiedDate], [ModifiedUserID], [Denied]) VALUES (1, 129, 1, '20041216 17:49:53.090', 0, '20041216 17:49:53.090', 0, 0)
INSERT INTO [dbo].[SecurityGroupPermissions] ([SecurityGroupID], [PermissionID], [Allowed], [CreatedDate], [CreatedUserID], [ModifiedDate], [ModifiedUserID], [Denied]) VALUES (1, 130, 1, '20041216 17:49:53.090', 0, '20041216 17:49:53.090', 0, 0)
INSERT INTO [dbo].[SecurityGroupPermissions] ([SecurityGroupID], [PermissionID], [Allowed], [CreatedDate], [CreatedUserID], [ModifiedDate], [ModifiedUserID], [Denied]) VALUES (1, 131, 1, '20041216 17:49:53.090', 0, '20041216 17:49:53.090', 0, 0)
INSERT INTO [dbo].[SecurityGroupPermissions] ([SecurityGroupID], [PermissionID], [Allowed], [CreatedDate], [CreatedUserID], [ModifiedDate], [ModifiedUserID], [Denied]) VALUES (1, 132, 1, '20041216 17:49:53.090', 0, '20041216 17:49:53.090', 0, 0)
INSERT INTO [dbo].[SecurityGroupPermissions] ([SecurityGroupID], [PermissionID], [Allowed], [CreatedDate], [CreatedUserID], [ModifiedDate], [ModifiedUserID], [Denied]) VALUES (1, 133, 1, '20041216 17:49:53.090', 0, '20041216 17:49:53.090', 0, 0)
INSERT INTO [dbo].[SecurityGroupPermissions] ([SecurityGroupID], [PermissionID], [Allowed], [CreatedDate], [CreatedUserID], [ModifiedDate], [ModifiedUserID], [Denied]) VALUES (1, 134, 1, '20041216 17:49:53.090', 0, '20041216 17:49:53.090', 0, 0)
INSERT INTO [dbo].[SecurityGroupPermissions] ([SecurityGroupID], [PermissionID], [Allowed], [CreatedDate], [CreatedUserID], [ModifiedDate], [ModifiedUserID], [Denied]) VALUES (1, 135, 1, '20041216 17:49:53.090', 0, '20041216 17:49:53.090', 0, 0)
INSERT INTO [dbo].[SecurityGroupPermissions] ([SecurityGroupID], [PermissionID], [Allowed], [CreatedDate], [CreatedUserID], [ModifiedDate], [ModifiedUserID], [Denied]) VALUES (1, 136, 1, '20041216 17:49:53.090', 0, '20041216 17:49:53.090', 0, 0)
INSERT INTO [dbo].[SecurityGroupPermissions] ([SecurityGroupID], [PermissionID], [Allowed], [CreatedDate], [CreatedUserID], [ModifiedDate], [ModifiedUserID], [Denied]) VALUES (1, 137, 1, '20041216 17:49:53.090', 0, '20041216 17:49:53.090', 0, 0)
INSERT INTO [dbo].[SecurityGroupPermissions] ([SecurityGroupID], [PermissionID], [Allowed], [CreatedDate], [CreatedUserID], [ModifiedDate], [ModifiedUserID], [Denied]) VALUES (1, 138, 1, '20041216 17:49:53.090', 0, '20041216 17:49:53.090', 0, 0)
INSERT INTO [dbo].[SecurityGroupPermissions] ([SecurityGroupID], [PermissionID], [Allowed], [CreatedDate], [CreatedUserID], [ModifiedDate], [ModifiedUserID], [Denied]) VALUES (1, 139, 1, '20041216 17:49:53.090', 0, '20041216 17:49:53.090', 0, 0)
INSERT INTO [dbo].[SecurityGroupPermissions] ([SecurityGroupID], [PermissionID], [Allowed], [CreatedDate], [CreatedUserID], [ModifiedDate], [ModifiedUserID], [Denied]) VALUES (1, 140, 1, '20041216 17:49:53.090', 0, '20041216 17:49:53.090', 0, 0)
INSERT INTO [dbo].[SecurityGroupPermissions] ([SecurityGroupID], [PermissionID], [Allowed], [CreatedDate], [CreatedUserID], [ModifiedDate], [ModifiedUserID], [Denied]) VALUES (1, 141, 1, '20041216 17:49:53.090', 0, '20041216 17:49:53.090', 0, 0)
INSERT INTO [dbo].[SecurityGroupPermissions] ([SecurityGroupID], [PermissionID], [Allowed], [CreatedDate], [CreatedUserID], [ModifiedDate], [ModifiedUserID], [Denied]) VALUES (1, 142, 1, '20041216 17:49:53.090', 0, '20041216 17:49:53.090', 0, 0)
INSERT INTO [dbo].[SecurityGroupPermissions] ([SecurityGroupID], [PermissionID], [Allowed], [CreatedDate], [CreatedUserID], [ModifiedDate], [ModifiedUserID], [Denied]) VALUES (1, 143, 1, '20041216 17:49:53.090', 0, '20041216 17:49:53.090', 0, 0)
INSERT INTO [dbo].[SecurityGroupPermissions] ([SecurityGroupID], [PermissionID], [Allowed], [CreatedDate], [CreatedUserID], [ModifiedDate], [ModifiedUserID], [Denied]) VALUES (1, 144, 1, '20041216 17:49:53.090', 0, '20041216 17:49:53.090', 0, 0)
INSERT INTO [dbo].[SecurityGroupPermissions] ([SecurityGroupID], [PermissionID], [Allowed], [CreatedDate], [CreatedUserID], [ModifiedDate], [ModifiedUserID], [Denied]) VALUES (1, 145, 1, '20041216 17:49:53.090', 0, '20041216 17:49:53.090', 0, 0)
INSERT INTO [dbo].[SecurityGroupPermissions] ([SecurityGroupID], [PermissionID], [Allowed], [CreatedDate], [CreatedUserID], [ModifiedDate], [ModifiedUserID], [Denied]) VALUES (1, 146, 1, '20041216 17:49:53.090', 0, '20041216 17:49:53.090', 0, 0)
INSERT INTO [dbo].[SecurityGroupPermissions] ([SecurityGroupID], [PermissionID], [Allowed], [CreatedDate], [CreatedUserID], [ModifiedDate], [ModifiedUserID], [Denied]) VALUES (1, 147, 1, '20041216 17:49:53.090', 0, '20041216 17:49:53.090', 0, 0)
INSERT INTO [dbo].[SecurityGroupPermissions] ([SecurityGroupID], [PermissionID], [Allowed], [CreatedDate], [CreatedUserID], [ModifiedDate], [ModifiedUserID], [Denied]) VALUES (1, 148, 1, '20041216 17:49:53.090', 0, '20041216 17:49:53.090', 0, 0)
INSERT INTO [dbo].[SecurityGroupPermissions] ([SecurityGroupID], [PermissionID], [Allowed], [CreatedDate], [CreatedUserID], [ModifiedDate], [ModifiedUserID], [Denied]) VALUES (1, 149, 1, '20041216 17:49:53.090', 0, '20041216 17:49:53.090', 0, 0)
INSERT INTO [dbo].[SecurityGroupPermissions] ([SecurityGroupID], [PermissionID], [Allowed], [CreatedDate], [CreatedUserID], [ModifiedDate], [ModifiedUserID], [Denied]) VALUES (1, 150, 1, '20041216 17:49:53.090', 0, '20041216 17:49:53.090', 0, 0)
INSERT INTO [dbo].[SecurityGroupPermissions] ([SecurityGroupID], [PermissionID], [Allowed], [CreatedDate], [CreatedUserID], [ModifiedDate], [ModifiedUserID], [Denied]) VALUES (1, 151, 1, '20041216 17:49:53.090', 0, '20041216 17:49:53.090', 0, 0)
INSERT INTO [dbo].[SecurityGroupPermissions] ([SecurityGroupID], [PermissionID], [Allowed], [CreatedDate], [CreatedUserID], [ModifiedDate], [ModifiedUserID], [Denied]) VALUES (1, 152, 1, '20041216 17:49:53.090', 0, '20041216 17:49:53.090', 0, 0)
INSERT INTO [dbo].[SecurityGroupPermissions] ([SecurityGroupID], [PermissionID], [Allowed], [CreatedDate], [CreatedUserID], [ModifiedDate], [ModifiedUserID], [Denied]) VALUES (1, 153, 1, '20041216 17:49:53.090', 0, '20041216 17:49:53.090', 0, 0)
INSERT INTO [dbo].[SecurityGroupPermissions] ([SecurityGroupID], [PermissionID], [Allowed], [CreatedDate], [CreatedUserID], [ModifiedDate], [ModifiedUserID], [Denied]) VALUES (1, 154, 1, '20041216 17:49:53.090', 0, '20041216 17:49:53.090', 0, 0)
INSERT INTO [dbo].[SecurityGroupPermissions] ([SecurityGroupID], [PermissionID], [Allowed], [CreatedDate], [CreatedUserID], [ModifiedDate], [ModifiedUserID], [Denied]) VALUES (1, 155, 1, '20041216 17:49:53.090', 0, '20041216 17:49:53.090', 0, 0)
INSERT INTO [dbo].[SecurityGroupPermissions] ([SecurityGroupID], [PermissionID], [Allowed], [CreatedDate], [CreatedUserID], [ModifiedDate], [ModifiedUserID], [Denied]) VALUES (1, 156, 1, '20041216 17:49:53.090', 0, '20041216 17:49:53.090', 0, 0)
INSERT INTO [dbo].[SecurityGroupPermissions] ([SecurityGroupID], [PermissionID], [Allowed], [CreatedDate], [CreatedUserID], [ModifiedDate], [ModifiedUserID], [Denied]) VALUES (1, 157, 1, '20041216 17:49:53.090', 0, '20041216 17:49:53.090', 0, 0)
INSERT INTO [dbo].[SecurityGroupPermissions] ([SecurityGroupID], [PermissionID], [Allowed], [CreatedDate], [CreatedUserID], [ModifiedDate], [ModifiedUserID], [Denied]) VALUES (1, 158, 1, '20041216 17:49:53.090', 0, '20041216 17:49:53.090', 0, 0)
INSERT INTO [dbo].[SecurityGroupPermissions] ([SecurityGroupID], [PermissionID], [Allowed], [CreatedDate], [CreatedUserID], [ModifiedDate], [ModifiedUserID], [Denied]) VALUES (1, 159, 1, '20041216 17:49:53.090', 0, '20041216 17:49:53.090', 0, 0)
INSERT INTO [dbo].[SecurityGroupPermissions] ([SecurityGroupID], [PermissionID], [Allowed], [CreatedDate], [CreatedUserID], [ModifiedDate], [ModifiedUserID], [Denied]) VALUES (1, 160, 1, '20041216 17:49:53.090', 0, '20041216 17:49:53.090', 0, 0)
INSERT INTO [dbo].[SecurityGroupPermissions] ([SecurityGroupID], [PermissionID], [Allowed], [CreatedDate], [CreatedUserID], [ModifiedDate], [ModifiedUserID], [Denied]) VALUES (1, 161, 1, '20041216 17:49:53.090', 0, '20041216 17:49:53.090', 0, 0)
INSERT INTO [dbo].[SecurityGroupPermissions] ([SecurityGroupID], [PermissionID], [Allowed], [CreatedDate], [CreatedUserID], [ModifiedDate], [ModifiedUserID], [Denied]) VALUES (1, 162, 1, '20041216 17:49:53.090', 0, '20041216 17:49:53.090', 0, 0)
INSERT INTO [dbo].[SecurityGroupPermissions] ([SecurityGroupID], [PermissionID], [Allowed], [CreatedDate], [CreatedUserID], [ModifiedDate], [ModifiedUserID], [Denied]) VALUES (1, 163, 1, '20041216 17:49:53.090', 0, '20041216 17:49:53.090', 0, 0)
INSERT INTO [dbo].[SecurityGroupPermissions] ([SecurityGroupID], [PermissionID], [Allowed], [CreatedDate], [CreatedUserID], [ModifiedDate], [ModifiedUserID], [Denied]) VALUES (1, 164, 1, '20041216 17:49:53.090', 0, '20041216 17:49:53.090', 0, 0)
INSERT INTO [dbo].[SecurityGroupPermissions] ([SecurityGroupID], [PermissionID], [Allowed], [CreatedDate], [CreatedUserID], [ModifiedDate], [ModifiedUserID], [Denied]) VALUES (1, 165, 1, '20041216 17:49:53.090', 0, '20041216 17:49:53.090', 0, 0)
INSERT INTO [dbo].[SecurityGroupPermissions] ([SecurityGroupID], [PermissionID], [Allowed], [CreatedDate], [CreatedUserID], [ModifiedDate], [ModifiedUserID], [Denied]) VALUES (1, 166, 1, '20041216 17:49:53.090', 0, '20041216 17:49:53.090', 0, 0)
INSERT INTO [dbo].[SecurityGroupPermissions] ([SecurityGroupID], [PermissionID], [Allowed], [CreatedDate], [CreatedUserID], [ModifiedDate], [ModifiedUserID], [Denied]) VALUES (1, 167, 1, '20041216 17:49:53.090', 0, '20041216 17:49:53.090', 0, 0)
INSERT INTO [dbo].[SecurityGroupPermissions] ([SecurityGroupID], [PermissionID], [Allowed], [CreatedDate], [CreatedUserID], [ModifiedDate], [ModifiedUserID], [Denied]) VALUES (1, 168, 1, '20041216 17:49:53.090', 0, '20041216 17:49:53.090', 0, 0)
INSERT INTO [dbo].[SecurityGroupPermissions] ([SecurityGroupID], [PermissionID], [Allowed], [CreatedDate], [CreatedUserID], [ModifiedDate], [ModifiedUserID], [Denied]) VALUES (1, 169, 1, '20041216 17:49:53.090', 0, '20041216 17:49:53.090', 0, 0)
INSERT INTO [dbo].[SecurityGroupPermissions] ([SecurityGroupID], [PermissionID], [Allowed], [CreatedDate], [CreatedUserID], [ModifiedDate], [ModifiedUserID], [Denied]) VALUES (1, 170, 1, '20041216 17:49:53.090', 0, '20041216 17:49:53.090', 0, 0)
INSERT INTO [dbo].[SecurityGroupPermissions] ([SecurityGroupID], [PermissionID], [Allowed], [CreatedDate], [CreatedUserID], [ModifiedDate], [ModifiedUserID], [Denied]) VALUES (1, 171, 1, '20041216 17:49:53.090', 0, '20041216 17:49:53.090', 0, 0)
INSERT INTO [dbo].[SecurityGroupPermissions] ([SecurityGroupID], [PermissionID], [Allowed], [CreatedDate], [CreatedUserID], [ModifiedDate], [ModifiedUserID], [Denied]) VALUES (1, 179, 1, '20041216 17:49:53.090', 0, '20041216 17:49:53.090', 0, 0)
INSERT INTO [dbo].[SecurityGroupPermissions] ([SecurityGroupID], [PermissionID], [Allowed], [CreatedDate], [CreatedUserID], [ModifiedDate], [ModifiedUserID], [Denied]) VALUES (1, 180, 1, '20041216 17:49:53.090', 0, '20041216 17:49:53.090', 0, 0)
INSERT INTO [dbo].[SecurityGroupPermissions] ([SecurityGroupID], [PermissionID], [Allowed], [CreatedDate], [CreatedUserID], [ModifiedDate], [ModifiedUserID], [Denied]) VALUES (1, 181, 1, '20041216 17:49:53.090', 0, '20041216 17:49:53.090', 0, 0)
INSERT INTO [dbo].[SecurityGroupPermissions] ([SecurityGroupID], [PermissionID], [Allowed], [CreatedDate], [CreatedUserID], [ModifiedDate], [ModifiedUserID], [Denied]) VALUES (1, 182, 1, '20041216 17:49:53.090', 0, '20041216 17:49:53.090', 0, 0)
INSERT INTO [dbo].[SecurityGroupPermissions] ([SecurityGroupID], [PermissionID], [Allowed], [CreatedDate], [CreatedUserID], [ModifiedDate], [ModifiedUserID], [Denied]) VALUES (1, 183, 1, '20041216 17:49:53.090', 0, '20041216 17:49:53.090', 0, 0)
INSERT INTO [dbo].[SecurityGroupPermissions] ([SecurityGroupID], [PermissionID], [Allowed], [CreatedDate], [CreatedUserID], [ModifiedDate], [ModifiedUserID], [Denied]) VALUES (1, 184, 1, '20041216 17:49:53.090', 0, '20041216 17:49:53.090', 0, 0)
INSERT INTO [dbo].[SecurityGroupPermissions] ([SecurityGroupID], [PermissionID], [Allowed], [CreatedDate], [CreatedUserID], [ModifiedDate], [ModifiedUserID], [Denied]) VALUES (1, 185, 1, '20041216 17:49:53.090', 0, '20041216 17:49:53.090', 0, 0)
INSERT INTO [dbo].[SecurityGroupPermissions] ([SecurityGroupID], [PermissionID], [Allowed], [CreatedDate], [CreatedUserID], [ModifiedDate], [ModifiedUserID], [Denied]) VALUES (1, 186, 1, '20041216 17:49:53.090', 0, '20041216 17:49:53.090', 0, 0)
INSERT INTO [dbo].[SecurityGroupPermissions] ([SecurityGroupID], [PermissionID], [Allowed], [CreatedDate], [CreatedUserID], [ModifiedDate], [ModifiedUserID], [Denied]) VALUES (1, 187, 1, '20041216 17:49:53.090', 0, '20041216 17:49:53.090', 0, 0)
INSERT INTO [dbo].[SecurityGroupPermissions] ([SecurityGroupID], [PermissionID], [Allowed], [CreatedDate], [CreatedUserID], [ModifiedDate], [ModifiedUserID], [Denied]) VALUES (1, 188, 1, '20041216 17:49:53.090', 0, '20041216 17:49:53.090', 0, 0)
INSERT INTO [dbo].[SecurityGroupPermissions] ([SecurityGroupID], [PermissionID], [Allowed], [CreatedDate], [CreatedUserID], [ModifiedDate], [ModifiedUserID], [Denied]) VALUES (1, 189, 1, '20041216 17:49:53.090', 0, '20041216 17:49:53.090', 0, 0)
INSERT INTO [dbo].[SecurityGroupPermissions] ([SecurityGroupID], [PermissionID], [Allowed], [CreatedDate], [CreatedUserID], [ModifiedDate], [ModifiedUserID], [Denied]) VALUES (1, 190, 1, '20041216 17:49:53.090', 0, '20041216 17:49:53.090', 0, 0)
INSERT INTO [dbo].[SecurityGroupPermissions] ([SecurityGroupID], [PermissionID], [Allowed], [CreatedDate], [CreatedUserID], [ModifiedDate], [ModifiedUserID], [Denied]) VALUES (1, 191, 1, '20041216 17:49:53.090', 0, '20041216 17:49:53.090', 0, 0)
INSERT INTO [dbo].[SecurityGroupPermissions] ([SecurityGroupID], [PermissionID], [Allowed], [CreatedDate], [CreatedUserID], [ModifiedDate], [ModifiedUserID], [Denied]) VALUES (1, 192, 1, '20041216 17:49:53.090', 0, '20041216 17:49:53.090', 0, 0)
INSERT INTO [dbo].[SecurityGroupPermissions] ([SecurityGroupID], [PermissionID], [Allowed], [CreatedDate], [CreatedUserID], [ModifiedDate], [ModifiedUserID], [Denied]) VALUES (1, 193, 1, '20041216 17:49:53.090', 0, '20041216 17:49:53.090', 0, 0)
INSERT INTO [dbo].[SecurityGroupPermissions] ([SecurityGroupID], [PermissionID], [Allowed], [CreatedDate], [CreatedUserID], [ModifiedDate], [ModifiedUserID], [Denied]) VALUES (1, 194, 1, '20041216 17:49:53.090', 0, '20041216 17:49:53.090', 0, 0)
INSERT INTO [dbo].[SecurityGroupPermissions] ([SecurityGroupID], [PermissionID], [Allowed], [CreatedDate], [CreatedUserID], [ModifiedDate], [ModifiedUserID], [Denied]) VALUES (1, 195, 1, '20041216 17:49:53.090', 0, '20041216 17:49:53.090', 0, 0)
INSERT INTO [dbo].[SecurityGroupPermissions] ([SecurityGroupID], [PermissionID], [Allowed], [CreatedDate], [CreatedUserID], [ModifiedDate], [ModifiedUserID], [Denied]) VALUES (1, 196, 1, '20041216 17:49:53.090', 0, '20041216 17:49:53.090', 0, 0)
INSERT INTO [dbo].[SecurityGroupPermissions] ([SecurityGroupID], [PermissionID], [Allowed], [CreatedDate], [CreatedUserID], [ModifiedDate], [ModifiedUserID], [Denied]) VALUES (1, 197, 1, '20041216 17:49:53.090', 0, '20041216 17:49:53.090', 0, 0)
INSERT INTO [dbo].[SecurityGroupPermissions] ([SecurityGroupID], [PermissionID], [Allowed], [CreatedDate], [CreatedUserID], [ModifiedDate], [ModifiedUserID], [Denied]) VALUES (1, 198, 1, '20041216 17:49:53.090', 0, '20041216 17:49:53.090', 0, 0)
INSERT INTO [dbo].[SecurityGroupPermissions] ([SecurityGroupID], [PermissionID], [Allowed], [CreatedDate], [CreatedUserID], [ModifiedDate], [ModifiedUserID], [Denied]) VALUES (1, 199, 1, '20041216 17:49:53.090', 0, '20041216 17:49:53.090', 0, 0)
INSERT INTO [dbo].[SecurityGroupPermissions] ([SecurityGroupID], [PermissionID], [Allowed], [CreatedDate], [CreatedUserID], [ModifiedDate], [ModifiedUserID], [Denied]) VALUES (1, 205, 1, '20041216 17:49:53.090', 0, '20041216 17:49:53.090', 0, 0)
INSERT INTO [dbo].[SecurityGroupPermissions] ([SecurityGroupID], [PermissionID], [Allowed], [CreatedDate], [CreatedUserID], [ModifiedDate], [ModifiedUserID], [Denied]) VALUES (1, 206, 1, '20041216 17:49:53.090', 0, '20041216 17:49:53.090', 0, 0)
INSERT INTO [dbo].[SecurityGroupPermissions] ([SecurityGroupID], [PermissionID], [Allowed], [CreatedDate], [CreatedUserID], [ModifiedDate], [ModifiedUserID], [Denied]) VALUES (1, 207, 1, '20041216 17:49:53.090', 0, '20041216 17:49:53.090', 0, 0)
INSERT INTO [dbo].[SecurityGroupPermissions] ([SecurityGroupID], [PermissionID], [Allowed], [CreatedDate], [CreatedUserID], [ModifiedDate], [ModifiedUserID], [Denied]) VALUES (1, 208, 1, '20041216 17:49:53.090', 0, '20041216 17:49:53.090', 0, 0)
INSERT INTO [dbo].[SecurityGroupPermissions] ([SecurityGroupID], [PermissionID], [Allowed], [CreatedDate], [CreatedUserID], [ModifiedDate], [ModifiedUserID], [Denied]) VALUES (1, 209, 1, '20041216 17:49:53.090', 0, '20041216 17:49:53.090', 0, 0)
INSERT INTO [dbo].[SecurityGroupPermissions] ([SecurityGroupID], [PermissionID], [Allowed], [CreatedDate], [CreatedUserID], [ModifiedDate], [ModifiedUserID], [Denied]) VALUES (1, 210, 1, '20041216 17:49:53.090', 0, '20041216 17:49:53.090', 0, 0)
INSERT INTO [dbo].[SecurityGroupPermissions] ([SecurityGroupID], [PermissionID], [Allowed], [CreatedDate], [CreatedUserID], [ModifiedDate], [ModifiedUserID], [Denied]) VALUES (1, 211, 1, '20041216 17:49:53.090', 0, '20041216 17:49:53.090', 0, 0)
INSERT INTO [dbo].[SecurityGroupPermissions] ([SecurityGroupID], [PermissionID], [Allowed], [CreatedDate], [CreatedUserID], [ModifiedDate], [ModifiedUserID], [Denied]) VALUES (1, 212, 1, '20041216 17:49:53.090', 0, '20041216 17:49:53.090', 0, 0)
INSERT INTO [dbo].[SecurityGroupPermissions] ([SecurityGroupID], [PermissionID], [Allowed], [CreatedDate], [CreatedUserID], [ModifiedDate], [ModifiedUserID], [Denied]) VALUES (1, 213, 1, '20041216 17:49:53.090', 0, '20041216 17:49:53.090', 0, 0)
INSERT INTO [dbo].[SecurityGroupPermissions] ([SecurityGroupID], [PermissionID], [Allowed], [CreatedDate], [CreatedUserID], [ModifiedDate], [ModifiedUserID], [Denied]) VALUES (1, 214, 1, '20041216 17:49:53.090', 0, '20041216 17:49:53.090', 0, 0)
INSERT INTO [dbo].[SecurityGroupPermissions] ([SecurityGroupID], [PermissionID], [Allowed], [CreatedDate], [CreatedUserID], [ModifiedDate], [ModifiedUserID], [Denied]) VALUES (1, 215, 1, '20041216 17:49:53.090', 0, '20041216 17:49:53.090', 0, 0)
INSERT INTO [dbo].[SecurityGroupPermissions] ([SecurityGroupID], [PermissionID], [Allowed], [CreatedDate], [CreatedUserID], [ModifiedDate], [ModifiedUserID], [Denied]) VALUES (1, 216, 1, '20041216 17:49:53.090', 0, '20041216 17:49:53.090', 0, 0)
INSERT INTO [dbo].[SecurityGroupPermissions] ([SecurityGroupID], [PermissionID], [Allowed], [CreatedDate], [CreatedUserID], [ModifiedDate], [ModifiedUserID], [Denied]) VALUES (1, 217, 1, '20041216 17:49:53.090', 0, '20041216 17:49:53.090', 0, 0)
INSERT INTO [dbo].[SecurityGroupPermissions] ([SecurityGroupID], [PermissionID], [Allowed], [CreatedDate], [CreatedUserID], [ModifiedDate], [ModifiedUserID], [Denied]) VALUES (1, 218, 1, '20041216 17:49:53.090', 0, '20041216 17:49:53.090', 0, 0)
INSERT INTO [dbo].[SecurityGroupPermissions] ([SecurityGroupID], [PermissionID], [Allowed], [CreatedDate], [CreatedUserID], [ModifiedDate], [ModifiedUserID], [Denied]) VALUES (1, 219, 1, '20041216 17:49:53.090', 0, '20041216 17:49:53.090', 0, 0)
INSERT INTO [dbo].[SecurityGroupPermissions] ([SecurityGroupID], [PermissionID], [Allowed], [CreatedDate], [CreatedUserID], [ModifiedDate], [ModifiedUserID], [Denied]) VALUES (1, 220, 1, '20041216 17:49:53.090', 0, '20041216 17:49:53.090', 0, 0)
INSERT INTO [dbo].[SecurityGroupPermissions] ([SecurityGroupID], [PermissionID], [Allowed], [CreatedDate], [CreatedUserID], [ModifiedDate], [ModifiedUserID], [Denied]) VALUES (1, 221, 1, '20041216 17:49:53.090', 0, '20041216 17:49:53.090', 0, 0)
INSERT INTO [dbo].[SecurityGroupPermissions] ([SecurityGroupID], [PermissionID], [Allowed], [CreatedDate], [CreatedUserID], [ModifiedDate], [ModifiedUserID], [Denied]) VALUES (1, 222, 1, '20041216 17:49:53.090', 0, '20041216 17:49:53.090', 0, 0)
INSERT INTO [dbo].[SecurityGroupPermissions] ([SecurityGroupID], [PermissionID], [Allowed], [CreatedDate], [CreatedUserID], [ModifiedDate], [ModifiedUserID], [Denied]) VALUES (1, 223, 1, '20041216 17:49:53.090', 0, '20041216 17:49:53.090', 0, 0)
INSERT INTO [dbo].[SecurityGroupPermissions] ([SecurityGroupID], [PermissionID], [Allowed], [CreatedDate], [CreatedUserID], [ModifiedDate], [ModifiedUserID], [Denied]) VALUES (1, 224, 1, '20041216 17:49:53.090', 0, '20041216 17:49:53.090', 0, 0)
INSERT INTO [dbo].[SecurityGroupPermissions] ([SecurityGroupID], [PermissionID], [Allowed], [CreatedDate], [CreatedUserID], [ModifiedDate], [ModifiedUserID], [Denied]) VALUES (1, 225, 1, '20041216 17:49:53.090', 0, '20041216 17:49:53.090', 0, 0)
INSERT INTO [dbo].[SecurityGroupPermissions] ([SecurityGroupID], [PermissionID], [Allowed], [CreatedDate], [CreatedUserID], [ModifiedDate], [ModifiedUserID], [Denied]) VALUES (1, 226, 1, '20041216 17:49:53.090', 0, '20041216 17:49:53.090', 0, 0)
INSERT INTO [dbo].[SecurityGroupPermissions] ([SecurityGroupID], [PermissionID], [Allowed], [CreatedDate], [CreatedUserID], [ModifiedDate], [ModifiedUserID], [Denied]) VALUES (1, 227, 1, '20041216 17:49:53.090', 0, '20041216 17:49:53.090', 0, 0)
INSERT INTO [dbo].[SecurityGroupPermissions] ([SecurityGroupID], [PermissionID], [Allowed], [CreatedDate], [CreatedUserID], [ModifiedDate], [ModifiedUserID], [Denied]) VALUES (1, 228, 1, '20041216 17:49:53.090', 0, '20041216 17:49:53.090', 0, 0)
INSERT INTO [dbo].[SecurityGroupPermissions] ([SecurityGroupID], [PermissionID], [Allowed], [CreatedDate], [CreatedUserID], [ModifiedDate], [ModifiedUserID], [Denied]) VALUES (1, 229, 1, '20041216 17:49:53.090', 0, '20041216 17:49:53.090', 0, 0)
INSERT INTO [dbo].[SecurityGroupPermissions] ([SecurityGroupID], [PermissionID], [Allowed], [CreatedDate], [CreatedUserID], [ModifiedDate], [ModifiedUserID], [Denied]) VALUES (1, 230, 1, '20041216 17:49:53.090', 0, '20041216 17:49:53.090', 0, 0)
INSERT INTO [dbo].[SecurityGroupPermissions] ([SecurityGroupID], [PermissionID], [Allowed], [CreatedDate], [CreatedUserID], [ModifiedDate], [ModifiedUserID], [Denied]) VALUES (1, 231, 1, '20041216 17:49:53.090', 0, '20041216 17:49:53.090', 0, 0)
INSERT INTO [dbo].[SecurityGroupPermissions] ([SecurityGroupID], [PermissionID], [Allowed], [CreatedDate], [CreatedUserID], [ModifiedDate], [ModifiedUserID], [Denied]) VALUES (1, 232, 1, '20041216 17:49:53.090', 0, '20041216 17:49:53.090', 0, 0)
INSERT INTO [dbo].[SecurityGroupPermissions] ([SecurityGroupID], [PermissionID], [Allowed], [CreatedDate], [CreatedUserID], [ModifiedDate], [ModifiedUserID], [Denied]) VALUES (1, 233, 1, '20041216 17:49:53.090', 0, '20041216 17:49:53.090', 0, 0)
INSERT INTO [dbo].[SecurityGroupPermissions] ([SecurityGroupID], [PermissionID], [Allowed], [CreatedDate], [CreatedUserID], [ModifiedDate], [ModifiedUserID], [Denied]) VALUES (1, 234, 1, '20041216 17:49:53.090', 0, '20041216 17:49:53.090', 0, 0)
INSERT INTO [dbo].[SecurityGroupPermissions] ([SecurityGroupID], [PermissionID], [Allowed], [CreatedDate], [CreatedUserID], [ModifiedDate], [ModifiedUserID], [Denied]) VALUES (1, 235, 1, '20041216 17:49:53.090', 0, '20041216 17:49:53.090', 0, 0)
INSERT INTO [dbo].[SecurityGroupPermissions] ([SecurityGroupID], [PermissionID], [Allowed], [CreatedDate], [CreatedUserID], [ModifiedDate], [ModifiedUserID], [Denied]) VALUES (1, 236, 1, '20041216 17:49:53.090', 0, '20041216 17:49:53.090', 0, 0)
INSERT INTO [dbo].[SecurityGroupPermissions] ([SecurityGroupID], [PermissionID], [Allowed], [CreatedDate], [CreatedUserID], [ModifiedDate], [ModifiedUserID], [Denied]) VALUES (1, 237, 1, '20041216 17:49:53.090', 0, '20041216 17:49:53.090', 0, 0)
INSERT INTO [dbo].[SecurityGroupPermissions] ([SecurityGroupID], [PermissionID], [Allowed], [CreatedDate], [CreatedUserID], [ModifiedDate], [ModifiedUserID], [Denied]) VALUES (1, 238, 1, '20041216 17:49:53.090', 0, '20041216 17:49:53.090', 0, 0)
INSERT INTO [dbo].[SecurityGroupPermissions] ([SecurityGroupID], [PermissionID], [Allowed], [CreatedDate], [CreatedUserID], [ModifiedDate], [ModifiedUserID], [Denied]) VALUES (1, 239, 1, '20041216 17:49:53.090', 0, '20041216 17:49:53.090', 0, 0)
INSERT INTO [dbo].[SecurityGroupPermissions] ([SecurityGroupID], [PermissionID], [Allowed], [CreatedDate], [CreatedUserID], [ModifiedDate], [ModifiedUserID], [Denied]) VALUES (1, 240, 1, '20041216 17:49:53.090', 0, '20041216 17:49:53.090', 0, 0)
INSERT INTO [dbo].[SecurityGroupPermissions] ([SecurityGroupID], [PermissionID], [Allowed], [CreatedDate], [CreatedUserID], [ModifiedDate], [ModifiedUserID], [Denied]) VALUES (1, 241, 1, '20041216 17:49:53.090', 0, '20041216 17:49:53.090', 0, 0)
INSERT INTO [dbo].[SecurityGroupPermissions] ([SecurityGroupID], [PermissionID], [Allowed], [CreatedDate], [CreatedUserID], [ModifiedDate], [ModifiedUserID], [Denied]) VALUES (1, 242, 1, '20041216 17:49:53.090', 0, '20041216 17:49:53.090', 0, 0)
INSERT INTO [dbo].[SecurityGroupPermissions] ([SecurityGroupID], [PermissionID], [Allowed], [CreatedDate], [CreatedUserID], [ModifiedDate], [ModifiedUserID], [Denied]) VALUES (1, 243, 1, '20041216 17:49:53.090', 0, '20041216 17:49:53.090', 0, 0)
INSERT INTO [dbo].[SecurityGroupPermissions] ([SecurityGroupID], [PermissionID], [Allowed], [CreatedDate], [CreatedUserID], [ModifiedDate], [ModifiedUserID], [Denied]) VALUES (1, 244, 1, '20041216 17:49:53.090', 0, '20041216 17:49:53.090', 0, 0)
INSERT INTO [dbo].[SecurityGroupPermissions] ([SecurityGroupID], [PermissionID], [Allowed], [CreatedDate], [CreatedUserID], [ModifiedDate], [ModifiedUserID], [Denied]) VALUES (1, 245, 1, '20041216 17:49:53.090', 0, '20041216 17:49:53.090', 0, 0)
INSERT INTO [dbo].[SecurityGroupPermissions] ([SecurityGroupID], [PermissionID], [Allowed], [CreatedDate], [CreatedUserID], [ModifiedDate], [ModifiedUserID], [Denied]) VALUES (1, 246, 1, '20041216 17:49:53.090', 0, '20041216 17:49:53.090', 0, 0)
INSERT INTO [dbo].[SecurityGroupPermissions] ([SecurityGroupID], [PermissionID], [Allowed], [CreatedDate], [CreatedUserID], [ModifiedDate], [ModifiedUserID], [Denied]) VALUES (1, 247, 1, '20041216 17:49:53.090', 0, '20041216 17:49:53.090', 0, 0)
INSERT INTO [dbo].[SecurityGroupPermissions] ([SecurityGroupID], [PermissionID], [Allowed], [CreatedDate], [CreatedUserID], [ModifiedDate], [ModifiedUserID], [Denied]) VALUES (1, 248, 1, '20041216 17:49:53.090', 0, '20041216 17:49:53.090', 0, 0)
INSERT INTO [dbo].[SecurityGroupPermissions] ([SecurityGroupID], [PermissionID], [Allowed], [CreatedDate], [CreatedUserID], [ModifiedDate], [ModifiedUserID], [Denied]) VALUES (1, 249, 1, '20041216 17:49:53.090', 0, '20041216 17:49:53.090', 0, 0)
INSERT INTO [dbo].[SecurityGroupPermissions] ([SecurityGroupID], [PermissionID], [Allowed], [CreatedDate], [CreatedUserID], [ModifiedDate], [ModifiedUserID], [Denied]) VALUES (1, 250, 1, '20041216 17:49:53.090', 0, '20041216 17:49:53.090', 0, 0)
INSERT INTO [dbo].[SecurityGroupPermissions] ([SecurityGroupID], [PermissionID], [Allowed], [CreatedDate], [CreatedUserID], [ModifiedDate], [ModifiedUserID], [Denied]) VALUES (1, 251, 1, '20041216 17:49:53.090', 0, '20041216 17:49:53.090', 0, 0)
INSERT INTO [dbo].[SecurityGroupPermissions] ([SecurityGroupID], [PermissionID], [Allowed], [CreatedDate], [CreatedUserID], [ModifiedDate], [ModifiedUserID], [Denied]) VALUES (1, 252, 1, '20041216 17:49:53.090', 0, '20041216 17:49:53.090', 0, 0)
INSERT INTO [dbo].[SecurityGroupPermissions] ([SecurityGroupID], [PermissionID], [Allowed], [CreatedDate], [CreatedUserID], [ModifiedDate], [ModifiedUserID], [Denied]) VALUES (1, 253, 1, '20041216 17:49:53.090', 0, '20041216 17:49:53.090', 0, 0)
INSERT INTO [dbo].[SecurityGroupPermissions] ([SecurityGroupID], [PermissionID], [Allowed], [CreatedDate], [CreatedUserID], [ModifiedDate], [ModifiedUserID], [Denied]) VALUES (1, 254, 1, '20041216 17:49:53.090', 0, '20041216 17:49:53.090', 0, 0)
INSERT INTO [dbo].[SecurityGroupPermissions] ([SecurityGroupID], [PermissionID], [Allowed], [CreatedDate], [CreatedUserID], [ModifiedDate], [ModifiedUserID], [Denied]) VALUES (1, 255, 1, '20041216 17:49:53.090', 0, '20041216 17:49:53.090', 0, 0)
INSERT INTO [dbo].[SecurityGroupPermissions] ([SecurityGroupID], [PermissionID], [Allowed], [CreatedDate], [CreatedUserID], [ModifiedDate], [ModifiedUserID], [Denied]) VALUES (1, 256, 1, '20041216 17:49:53.090', 0, '20041216 17:49:53.090', 0, 0)
INSERT INTO [dbo].[SecurityGroupPermissions] ([SecurityGroupID], [PermissionID], [Allowed], [CreatedDate], [CreatedUserID], [ModifiedDate], [ModifiedUserID], [Denied]) VALUES (1, 257, 1, '20041216 17:49:53.090', 0, '20041216 17:49:53.090', 0, 0)
INSERT INTO [dbo].[SecurityGroupPermissions] ([SecurityGroupID], [PermissionID], [Allowed], [CreatedDate], [CreatedUserID], [ModifiedDate], [ModifiedUserID], [Denied]) VALUES (1, 258, 1, '20041216 17:49:53.090', 0, '20041216 17:49:53.090', 0, 0)
INSERT INTO [dbo].[SecurityGroupPermissions] ([SecurityGroupID], [PermissionID], [Allowed], [CreatedDate], [CreatedUserID], [ModifiedDate], [ModifiedUserID], [Denied]) VALUES (1, 259, 1, '20041216 17:49:53.090', 0, '20041216 17:49:53.090', 0, 0)
INSERT INTO [dbo].[SecurityGroupPermissions] ([SecurityGroupID], [PermissionID], [Allowed], [CreatedDate], [CreatedUserID], [ModifiedDate], [ModifiedUserID], [Denied]) VALUES (1, 260, 1, '20041216 17:49:53.090', 0, '20041216 17:49:53.090', 0, 0)
INSERT INTO [dbo].[SecurityGroupPermissions] ([SecurityGroupID], [PermissionID], [Allowed], [CreatedDate], [CreatedUserID], [ModifiedDate], [ModifiedUserID], [Denied]) VALUES (1, 261, 1, '20041216 17:49:53.090', 0, '20041216 17:49:53.090', 0, 0)
INSERT INTO [dbo].[SecurityGroupPermissions] ([SecurityGroupID], [PermissionID], [Allowed], [CreatedDate], [CreatedUserID], [ModifiedDate], [ModifiedUserID], [Denied]) VALUES (1, 262, 1, '20041216 17:49:53.090', 0, '20041216 17:49:53.090', 0, 0)
INSERT INTO [dbo].[SecurityGroupPermissions] ([SecurityGroupID], [PermissionID], [Allowed], [CreatedDate], [CreatedUserID], [ModifiedDate], [ModifiedUserID], [Denied]) VALUES (1, 263, 1, '20041216 17:49:53.090', 0, '20041216 17:49:53.090', 0, 0)
INSERT INTO [dbo].[SecurityGroupPermissions] ([SecurityGroupID], [PermissionID], [Allowed], [CreatedDate], [CreatedUserID], [ModifiedDate], [ModifiedUserID], [Denied]) VALUES (1, 264, 1, '20041216 17:49:53.090', 0, '20041216 17:49:53.090', 0, 0)
INSERT INTO [dbo].[SecurityGroupPermissions] ([SecurityGroupID], [PermissionID], [Allowed], [CreatedDate], [CreatedUserID], [ModifiedDate], [ModifiedUserID], [Denied]) VALUES (1, 265, 1, '20041216 17:49:53.090', 0, '20041216 17:49:53.090', 0, 0)
INSERT INTO [dbo].[SecurityGroupPermissions] ([SecurityGroupID], [PermissionID], [Allowed], [CreatedDate], [CreatedUserID], [ModifiedDate], [ModifiedUserID], [Denied]) VALUES (1, 266, 1, '20041216 17:49:53.090', 0, '20041216 17:49:53.090', 0, 0)
INSERT INTO [dbo].[SecurityGroupPermissions] ([SecurityGroupID], [PermissionID], [Allowed], [CreatedDate], [CreatedUserID], [ModifiedDate], [ModifiedUserID], [Denied]) VALUES (1, 267, 1, '20041216 17:49:53.090', 0, '20041216 17:49:53.090', 0, 0)
INSERT INTO [dbo].[SecurityGroupPermissions] ([SecurityGroupID], [PermissionID], [Allowed], [CreatedDate], [CreatedUserID], [ModifiedDate], [ModifiedUserID], [Denied]) VALUES (1, 268, 1, '20041216 17:49:53.090', 0, '20041216 17:49:53.090', 0, 0)
INSERT INTO [dbo].[SecurityGroupPermissions] ([SecurityGroupID], [PermissionID], [Allowed], [CreatedDate], [CreatedUserID], [ModifiedDate], [ModifiedUserID], [Denied]) VALUES (1, 269, 1, '20041216 17:49:53.090', 0, '20041216 17:49:53.090', 0, 0)
INSERT INTO [dbo].[SecurityGroupPermissions] ([SecurityGroupID], [PermissionID], [Allowed], [CreatedDate], [CreatedUserID], [ModifiedDate], [ModifiedUserID], [Denied]) VALUES (1, 270, 1, '20041216 17:49:53.090', 0, '20041216 17:49:53.090', 0, 0)
INSERT INTO [dbo].[SecurityGroupPermissions] ([SecurityGroupID], [PermissionID], [Allowed], [CreatedDate], [CreatedUserID], [ModifiedDate], [ModifiedUserID], [Denied]) VALUES (1, 271, 1, '20041216 17:49:53.090', 0, '20041216 17:49:53.090', 0, 0)
INSERT INTO [dbo].[SecurityGroupPermissions] ([SecurityGroupID], [PermissionID], [Allowed], [CreatedDate], [CreatedUserID], [ModifiedDate], [ModifiedUserID], [Denied]) VALUES (1, 272, 1, '20041216 17:49:53.090', 0, '20041216 17:49:53.090', 0, 0)
INSERT INTO [dbo].[SecurityGroupPermissions] ([SecurityGroupID], [PermissionID], [Allowed], [CreatedDate], [CreatedUserID], [ModifiedDate], [ModifiedUserID], [Denied]) VALUES (1, 273, 1, '20041216 17:49:53.090', 0, '20041216 17:49:53.090', 0, 0)
INSERT INTO [dbo].[SecurityGroupPermissions] ([SecurityGroupID], [PermissionID], [Allowed], [CreatedDate], [CreatedUserID], [ModifiedDate], [ModifiedUserID], [Denied]) VALUES (1, 274, 1, '20041216 17:49:53.090', 0, '20041216 17:49:53.090', 0, 0)
INSERT INTO [dbo].[SecurityGroupPermissions] ([SecurityGroupID], [PermissionID], [Allowed], [CreatedDate], [CreatedUserID], [ModifiedDate], [ModifiedUserID], [Denied]) VALUES (1, 275, 1, '20041216 17:49:53.090', 0, '20041216 17:49:53.090', 0, 0)
INSERT INTO [dbo].[SecurityGroupPermissions] ([SecurityGroupID], [PermissionID], [Allowed], [CreatedDate], [CreatedUserID], [ModifiedDate], [ModifiedUserID], [Denied]) VALUES (1, 276, 1, '20041216 17:49:53.090', 0, '20041216 17:49:53.090', 0, 0)
INSERT INTO [dbo].[SecurityGroupPermissions] ([SecurityGroupID], [PermissionID], [Allowed], [CreatedDate], [CreatedUserID], [ModifiedDate], [ModifiedUserID], [Denied]) VALUES (1, 277, 1, '20041216 17:49:53.090', 0, '20041216 17:49:53.090', 0, 0)
INSERT INTO [dbo].[SecurityGroupPermissions] ([SecurityGroupID], [PermissionID], [Allowed], [CreatedDate], [CreatedUserID], [ModifiedDate], [ModifiedUserID], [Denied]) VALUES (1, 278, 1, '20041216 17:49:53.090', 0, '20041216 17:49:53.090', 0, 0)
INSERT INTO [dbo].[SecurityGroupPermissions] ([SecurityGroupID], [PermissionID], [Allowed], [CreatedDate], [CreatedUserID], [ModifiedDate], [ModifiedUserID], [Denied]) VALUES (1, 279, 1, '20041216 17:49:53.090', 0, '20041216 17:49:53.090', 0, 0)
INSERT INTO [dbo].[SecurityGroupPermissions] ([SecurityGroupID], [PermissionID], [Allowed], [CreatedDate], [CreatedUserID], [ModifiedDate], [ModifiedUserID], [Denied]) VALUES (1, 280, 1, '20041216 17:49:53.090', 0, '20041216 17:49:53.090', 0, 0)
INSERT INTO [dbo].[SecurityGroupPermissions] ([SecurityGroupID], [PermissionID], [Allowed], [CreatedDate], [CreatedUserID], [ModifiedDate], [ModifiedUserID], [Denied]) VALUES (1, 281, 1, '20041216 17:49:53.090', 0, '20041216 17:49:53.090', 0, 0)
INSERT INTO [dbo].[SecurityGroupPermissions] ([SecurityGroupID], [PermissionID], [Allowed], [CreatedDate], [CreatedUserID], [ModifiedDate], [ModifiedUserID], [Denied]) VALUES (1, 282, 1, '20041216 17:49:53.090', 0, '20041216 17:49:53.090', 0, 0)
INSERT INTO [dbo].[SecurityGroupPermissions] ([SecurityGroupID], [PermissionID], [Allowed], [CreatedDate], [CreatedUserID], [ModifiedDate], [ModifiedUserID], [Denied]) VALUES (1, 283, 1, '20041216 17:49:53.090', 0, '20041216 17:49:53.090', 0, 0)
INSERT INTO [dbo].[SecurityGroupPermissions] ([SecurityGroupID], [PermissionID], [Allowed], [CreatedDate], [CreatedUserID], [ModifiedDate], [ModifiedUserID], [Denied]) VALUES (1, 284, 1, '20041216 17:49:53.090', 0, '20041216 17:49:53.090', 0, 0)
INSERT INTO [dbo].[SecurityGroupPermissions] ([SecurityGroupID], [PermissionID], [Allowed], [CreatedDate], [CreatedUserID], [ModifiedDate], [ModifiedUserID], [Denied]) VALUES (1, 285, 1, '20041216 17:49:53.090', 0, '20041216 17:49:53.090', 0, 0)
INSERT INTO [dbo].[SecurityGroupPermissions] ([SecurityGroupID], [PermissionID], [Allowed], [CreatedDate], [CreatedUserID], [ModifiedDate], [ModifiedUserID], [Denied]) VALUES (1, 286, 1, '20041216 17:49:53.090', 0, '20041216 17:49:53.090', 0, 0)
INSERT INTO [dbo].[SecurityGroupPermissions] ([SecurityGroupID], [PermissionID], [Allowed], [CreatedDate], [CreatedUserID], [ModifiedDate], [ModifiedUserID], [Denied]) VALUES (1, 287, 1, '20041216 17:49:53.090', 0, '20041216 17:49:53.090', 0, 0)
INSERT INTO [dbo].[SecurityGroupPermissions] ([SecurityGroupID], [PermissionID], [Allowed], [CreatedDate], [CreatedUserID], [ModifiedDate], [ModifiedUserID], [Denied]) VALUES (1, 288, 1, '20041216 17:49:53.090', 0, '20041216 17:49:53.090', 0, 0)
INSERT INTO [dbo].[SecurityGroupPermissions] ([SecurityGroupID], [PermissionID], [Allowed], [CreatedDate], [CreatedUserID], [ModifiedDate], [ModifiedUserID], [Denied]) VALUES (1, 289, 1, '20041216 17:49:53.090', 0, '20041216 17:49:53.090', 0, 0)
INSERT INTO [dbo].[SecurityGroupPermissions] ([SecurityGroupID], [PermissionID], [Allowed], [CreatedDate], [CreatedUserID], [ModifiedDate], [ModifiedUserID], [Denied]) VALUES (1, 290, 1, '20041216 17:49:53.090', 0, '20041216 17:49:53.090', 0, 0)
INSERT INTO [dbo].[SecurityGroupPermissions] ([SecurityGroupID], [PermissionID], [Allowed], [CreatedDate], [CreatedUserID], [ModifiedDate], [ModifiedUserID], [Denied]) VALUES (1, 291, 1, '20041216 17:49:53.090', 0, '20041216 17:49:53.090', 0, 0)
INSERT INTO [dbo].[SecurityGroupPermissions] ([SecurityGroupID], [PermissionID], [Allowed], [CreatedDate], [CreatedUserID], [ModifiedDate], [ModifiedUserID], [Denied]) VALUES (1, 292, 1, '20041216 17:49:53.090', 0, '20041216 17:49:53.090', 0, 0)
INSERT INTO [dbo].[SecurityGroupPermissions] ([SecurityGroupID], [PermissionID], [Allowed], [CreatedDate], [CreatedUserID], [ModifiedDate], [ModifiedUserID], [Denied]) VALUES (1, 293, 1, '20041216 17:49:53.090', 0, '20041216 17:49:53.090', 0, 0)
INSERT INTO [dbo].[SecurityGroupPermissions] ([SecurityGroupID], [PermissionID], [Allowed], [CreatedDate], [CreatedUserID], [ModifiedDate], [ModifiedUserID], [Denied]) VALUES (1, 294, 1, '20041216 17:49:53.090', 0, '20041216 17:49:53.090', 0, 0)
INSERT INTO [dbo].[SecurityGroupPermissions] ([SecurityGroupID], [PermissionID], [Allowed], [CreatedDate], [CreatedUserID], [ModifiedDate], [ModifiedUserID], [Denied]) VALUES (1, 295, 1, '20041216 17:49:53.090', 0, '20041216 17:49:53.090', 0, 0)
INSERT INTO [dbo].[SecurityGroupPermissions] ([SecurityGroupID], [PermissionID], [Allowed], [CreatedDate], [CreatedUserID], [ModifiedDate], [ModifiedUserID], [Denied]) VALUES (1, 296, 1, '20041216 17:49:53.090', 0, '20041216 17:49:53.090', 0, 0)
INSERT INTO [dbo].[SecurityGroupPermissions] ([SecurityGroupID], [PermissionID], [Allowed], [CreatedDate], [CreatedUserID], [ModifiedDate], [ModifiedUserID], [Denied]) VALUES (1, 297, 1, '20041216 17:49:53.090', 0, '20041216 17:49:53.090', 0, 0)
INSERT INTO [dbo].[SecurityGroupPermissions] ([SecurityGroupID], [PermissionID], [Allowed], [CreatedDate], [CreatedUserID], [ModifiedDate], [ModifiedUserID], [Denied]) VALUES (1, 298, 1, '20041216 17:49:53.090', 0, '20041216 17:49:53.090', 0, 0)
INSERT INTO [dbo].[SecurityGroupPermissions] ([SecurityGroupID], [PermissionID], [Allowed], [CreatedDate], [CreatedUserID], [ModifiedDate], [ModifiedUserID], [Denied]) VALUES (1, 299, 1, '20041216 17:49:53.090', 0, '20041216 17:49:53.090', 0, 0)
INSERT INTO [dbo].[SecurityGroupPermissions] ([SecurityGroupID], [PermissionID], [Allowed], [CreatedDate], [CreatedUserID], [ModifiedDate], [ModifiedUserID], [Denied]) VALUES (1, 302, 1, '20041216 17:49:53.090', 0, '20041216 17:49:53.090', 0, 0)
INSERT INTO [dbo].[SecurityGroupPermissions] ([SecurityGroupID], [PermissionID], [Allowed], [CreatedDate], [CreatedUserID], [ModifiedDate], [ModifiedUserID], [Denied]) VALUES (1, 303, 1, '20041216 17:49:53.090', 0, '20041216 17:49:53.090', 0, 0)
INSERT INTO [dbo].[SecurityGroupPermissions] ([SecurityGroupID], [PermissionID], [Allowed], [CreatedDate], [CreatedUserID], [ModifiedDate], [ModifiedUserID], [Denied]) VALUES (1, 304, 1, '20041216 17:49:53.090', 0, '20041216 17:49:53.090', 0, 0)
INSERT INTO [dbo].[SecurityGroupPermissions] ([SecurityGroupID], [PermissionID], [Allowed], [CreatedDate], [CreatedUserID], [ModifiedDate], [ModifiedUserID], [Denied]) VALUES (1, 305, 1, '20041216 17:49:53.090', 0, '20041216 17:49:53.090', 0, 0)
INSERT INTO [dbo].[SecurityGroupPermissions] ([SecurityGroupID], [PermissionID], [Allowed], [CreatedDate], [CreatedUserID], [ModifiedDate], [ModifiedUserID], [Denied]) VALUES (1, 306, 1, '20041216 17:49:53.090', 0, '20041216 17:49:53.090', 0, 0)
INSERT INTO [dbo].[SecurityGroupPermissions] ([SecurityGroupID], [PermissionID], [Allowed], [CreatedDate], [CreatedUserID], [ModifiedDate], [ModifiedUserID], [Denied]) VALUES (1, 307, 1, '20041216 17:49:53.090', 0, '20041216 17:49:53.090', 0, 0)
INSERT INTO [dbo].[SecurityGroupPermissions] ([SecurityGroupID], [PermissionID], [Allowed], [CreatedDate], [CreatedUserID], [ModifiedDate], [ModifiedUserID], [Denied]) VALUES (1, 308, 1, '20041216 17:49:53.090', 0, '20041216 17:49:53.090', 0, 0)
INSERT INTO [dbo].[SecurityGroupPermissions] ([SecurityGroupID], [PermissionID], [Allowed], [CreatedDate], [CreatedUserID], [ModifiedDate], [ModifiedUserID], [Denied]) VALUES (1, 309, 1, '20041216 17:49:53.090', 0, '20041216 17:49:53.090', 0, 0)
INSERT INTO [dbo].[SecurityGroupPermissions] ([SecurityGroupID], [PermissionID], [Allowed], [CreatedDate], [CreatedUserID], [ModifiedDate], [ModifiedUserID], [Denied]) VALUES (1, 310, 1, '20041216 17:49:53.090', 0, '20041216 17:49:53.090', 0, 0)
INSERT INTO [dbo].[SecurityGroupPermissions] ([SecurityGroupID], [PermissionID], [Allowed], [CreatedDate], [CreatedUserID], [ModifiedDate], [ModifiedUserID], [Denied]) VALUES (1, 311, 1, '20041216 17:49:53.090', 0, '20041216 17:49:53.090', 0, 0)
INSERT INTO [dbo].[SecurityGroupPermissions] ([SecurityGroupID], [PermissionID], [Allowed], [CreatedDate], [CreatedUserID], [ModifiedDate], [ModifiedUserID], [Denied]) VALUES (1, 312, 1, '20041216 17:49:53.090', 0, '20041216 17:49:53.090', 0, 0)
INSERT INTO [dbo].[SecurityGroupPermissions] ([SecurityGroupID], [PermissionID], [Allowed], [CreatedDate], [CreatedUserID], [ModifiedDate], [ModifiedUserID], [Denied]) VALUES (1, 313, 1, '20041216 17:49:53.090', 0, '20041216 17:49:53.090', 0, 0)
INSERT INTO [dbo].[SecurityGroupPermissions] ([SecurityGroupID], [PermissionID], [Allowed], [CreatedDate], [CreatedUserID], [ModifiedDate], [ModifiedUserID], [Denied]) VALUES (1, 314, 1, '20041216 17:49:53.090', 0, '20041216 17:49:53.090', 0, 0)
INSERT INTO [dbo].[SecurityGroupPermissions] ([SecurityGroupID], [PermissionID], [Allowed], [CreatedDate], [CreatedUserID], [ModifiedDate], [ModifiedUserID], [Denied]) VALUES (1, 315, 1, '20041216 17:49:53.090', 0, '20041216 17:49:53.090', 0, 0)
INSERT INTO [dbo].[SecurityGroupPermissions] ([SecurityGroupID], [PermissionID], [Allowed], [CreatedDate], [CreatedUserID], [ModifiedDate], [ModifiedUserID], [Denied]) VALUES (1, 316, 1, '20041216 17:49:53.090', 0, '20041216 17:49:53.090', 0, 0)
INSERT INTO [dbo].[SecurityGroupPermissions] ([SecurityGroupID], [PermissionID], [Allowed], [CreatedDate], [CreatedUserID], [ModifiedDate], [ModifiedUserID], [Denied]) VALUES (1, 317, 1, '20041216 17:49:53.090', 0, '20041216 17:49:53.090', 0, 0)
INSERT INTO [dbo].[SecurityGroupPermissions] ([SecurityGroupID], [PermissionID], [Allowed], [CreatedDate], [CreatedUserID], [ModifiedDate], [ModifiedUserID], [Denied]) VALUES (1, 318, 1, '20041216 17:49:53.090', 0, '20041216 17:49:53.090', 0, 0)
INSERT INTO [dbo].[SecurityGroupPermissions] ([SecurityGroupID], [PermissionID], [Allowed], [CreatedDate], [CreatedUserID], [ModifiedDate], [ModifiedUserID], [Denied]) VALUES (1, 321, 1, '20041216 17:49:53.090', 0, '20041216 17:49:53.090', 0, 0)
INSERT INTO [dbo].[SecurityGroupPermissions] ([SecurityGroupID], [PermissionID], [Allowed], [CreatedDate], [CreatedUserID], [ModifiedDate], [ModifiedUserID], [Denied]) VALUES (1, 322, 1, '20041216 17:49:53.090', 0, '20041216 17:49:53.090', 0, 0)
INSERT INTO [dbo].[SecurityGroupPermissions] ([SecurityGroupID], [PermissionID], [Allowed], [CreatedDate], [CreatedUserID], [ModifiedDate], [ModifiedUserID], [Denied]) VALUES (1, 323, 1, '20041216 17:49:53.090', 0, '20041216 17:49:53.090', 0, 0)
INSERT INTO [dbo].[SecurityGroupPermissions] ([SecurityGroupID], [PermissionID], [Allowed], [CreatedDate], [CreatedUserID], [ModifiedDate], [ModifiedUserID], [Denied]) VALUES (1, 324, 1, '20041216 17:49:53.090', 0, '20041216 17:49:53.090', 0, 0)
INSERT INTO [dbo].[SecurityGroupPermissions] ([SecurityGroupID], [PermissionID], [Allowed], [CreatedDate], [CreatedUserID], [ModifiedDate], [ModifiedUserID], [Denied]) VALUES (1, 326, 1, '20041216 17:49:53.090', 0, '20041216 17:49:53.090', 0, 0)
INSERT INTO [dbo].[SecurityGroupPermissions] ([SecurityGroupID], [PermissionID], [Allowed], [CreatedDate], [CreatedUserID], [ModifiedDate], [ModifiedUserID], [Denied]) VALUES (1, 327, 1, '20041216 17:49:53.090', 0, '20041216 17:49:53.090', 0, 0)
INSERT INTO [dbo].[SecurityGroupPermissions] ([SecurityGroupID], [PermissionID], [Allowed], [CreatedDate], [CreatedUserID], [ModifiedDate], [ModifiedUserID], [Denied]) VALUES (1, 328, 1, '20041216 17:49:53.090', 0, '20041216 17:49:53.090', 0, 0)
INSERT INTO [dbo].[SecurityGroupPermissions] ([SecurityGroupID], [PermissionID], [Allowed], [CreatedDate], [CreatedUserID], [ModifiedDate], [ModifiedUserID], [Denied]) VALUES (1, 329, 1, '20041216 17:49:53.090', 0, '20041216 17:49:53.090', 0, 0)
INSERT INTO [dbo].[SecurityGroupPermissions] ([SecurityGroupID], [PermissionID], [Allowed], [CreatedDate], [CreatedUserID], [ModifiedDate], [ModifiedUserID], [Denied]) VALUES (1, 330, 1, '20041216 17:49:53.090', 0, '20041216 17:49:53.090', 0, 0)
INSERT INTO [dbo].[SecurityGroupPermissions] ([SecurityGroupID], [PermissionID], [Allowed], [CreatedDate], [CreatedUserID], [ModifiedDate], [ModifiedUserID], [Denied]) VALUES (2, 107, 1, '20041217 12:14:53.640', 122, '20041217 12:14:53.640', 122, 0)
INSERT INTO [dbo].[SecurityGroupPermissions] ([SecurityGroupID], [PermissionID], [Allowed], [CreatedDate], [CreatedUserID], [ModifiedDate], [ModifiedUserID], [Denied]) VALUES (2, 108, 1, '20041217 12:14:53.627', 122, '20041217 12:14:53.627', 122, 0)
INSERT INTO [dbo].[SecurityGroupPermissions] ([SecurityGroupID], [PermissionID], [Allowed], [CreatedDate], [CreatedUserID], [ModifiedDate], [ModifiedUserID], [Denied]) VALUES (2, 109, 1, '20041217 12:14:53.627', 122, '20041217 12:14:53.627', 122, 0)
INSERT INTO [dbo].[SecurityGroupPermissions] ([SecurityGroupID], [PermissionID], [Allowed], [CreatedDate], [CreatedUserID], [ModifiedDate], [ModifiedUserID], [Denied]) VALUES (2, 110, 1, '20041217 12:14:53.610', 122, '20041217 12:14:53.610', 122, 0)
INSERT INTO [dbo].[SecurityGroupPermissions] ([SecurityGroupID], [PermissionID], [Allowed], [CreatedDate], [CreatedUserID], [ModifiedDate], [ModifiedUserID], [Denied]) VALUES (2, 112, 1, '20041217 12:15:51.720', 122, '20041217 12:15:51.720', 122, 0)
INSERT INTO [dbo].[SecurityGroupPermissions] ([SecurityGroupID], [PermissionID], [Allowed], [CreatedDate], [CreatedUserID], [ModifiedDate], [ModifiedUserID], [Denied]) VALUES (2, 113, 1, '20041217 12:15:51.863', 122, '20041217 12:15:51.863', 122, 0)
INSERT INTO [dbo].[SecurityGroupPermissions] ([SecurityGroupID], [PermissionID], [Allowed], [CreatedDate], [CreatedUserID], [ModifiedDate], [ModifiedUserID], [Denied]) VALUES (2, 114, 1, '20041217 12:15:52.067', 122, '20041217 12:15:52.067', 122, 0)
INSERT INTO [dbo].[SecurityGroupPermissions] ([SecurityGroupID], [PermissionID], [Allowed], [CreatedDate], [CreatedUserID], [ModifiedDate], [ModifiedUserID], [Denied]) VALUES (2, 115, 1, '20041217 12:15:51.563', 122, '20041217 12:15:51.563', 122, 0)
INSERT INTO [dbo].[SecurityGroupPermissions] ([SecurityGroupID], [PermissionID], [Allowed], [CreatedDate], [CreatedUserID], [ModifiedDate], [ModifiedUserID], [Denied]) VALUES (2, 116, 1, '20041217 12:15:51.940', 122, '20041217 12:15:51.940', 122, 0)
INSERT INTO [dbo].[SecurityGroupPermissions] ([SecurityGroupID], [PermissionID], [Allowed], [CreatedDate], [CreatedUserID], [ModifiedDate], [ModifiedUserID], [Denied]) VALUES (2, 117, 1, '20041217 12:15:51.440', 122, '20041217 12:15:51.440', 122, 0)
INSERT INTO [dbo].[SecurityGroupPermissions] ([SecurityGroupID], [PermissionID], [Allowed], [CreatedDate], [CreatedUserID], [ModifiedDate], [ModifiedUserID], [Denied]) VALUES (2, 118, 1, '20041217 12:15:51.673', 122, '20041217 12:15:51.673', 122, 0)
INSERT INTO [dbo].[SecurityGroupPermissions] ([SecurityGroupID], [PermissionID], [Allowed], [CreatedDate], [CreatedUserID], [ModifiedDate], [ModifiedUserID], [Denied]) VALUES (2, 119, 1, '20041217 12:15:51.800', 122, '20041217 12:15:51.800', 122, 0)
INSERT INTO [dbo].[SecurityGroupPermissions] ([SecurityGroupID], [PermissionID], [Allowed], [CreatedDate], [CreatedUserID], [ModifiedDate], [ModifiedUserID], [Denied]) VALUES (2, 120, 1, '20041217 12:15:51.957', 122, '20041217 12:15:51.957', 122, 0)
INSERT INTO [dbo].[SecurityGroupPermissions] ([SecurityGroupID], [PermissionID], [Allowed], [CreatedDate], [CreatedUserID], [ModifiedDate], [ModifiedUserID], [Denied]) VALUES (2, 121, 1, '20041217 12:15:50.500', 122, '20041217 12:15:50.500', 122, 0)
INSERT INTO [dbo].[SecurityGroupPermissions] ([SecurityGroupID], [PermissionID], [Allowed], [CreatedDate], [CreatedUserID], [ModifiedDate], [ModifiedUserID], [Denied]) VALUES (2, 122, 1, '20041217 12:15:51.923', 122, '20041217 12:15:51.923', 122, 0)
INSERT INTO [dbo].[SecurityGroupPermissions] ([SecurityGroupID], [PermissionID], [Allowed], [CreatedDate], [CreatedUserID], [ModifiedDate], [ModifiedUserID], [Denied]) VALUES (2, 123, 1, '20041217 12:15:51.377', 122, '20041217 12:15:51.377', 122, 0)
INSERT INTO [dbo].[SecurityGroupPermissions] ([SecurityGroupID], [PermissionID], [Allowed], [CreatedDate], [CreatedUserID], [ModifiedDate], [ModifiedUserID], [Denied]) VALUES (2, 124, 1, '20041217 12:15:51.987', 122, '20041217 12:15:51.987', 122, 0)
INSERT INTO [dbo].[SecurityGroupPermissions] ([SecurityGroupID], [PermissionID], [Allowed], [CreatedDate], [CreatedUserID], [ModifiedDate], [ModifiedUserID], [Denied]) VALUES (2, 125, 1, '20041217 12:15:52.207', 122, '20041217 12:15:52.207', 122, 0)
INSERT INTO [dbo].[SecurityGroupPermissions] ([SecurityGroupID], [PermissionID], [Allowed], [CreatedDate], [CreatedUserID], [ModifiedDate], [ModifiedUserID], [Denied]) VALUES (2, 126, 1, '20041217 12:15:52.067', 122, '20041217 12:15:52.067', 122, 0)
INSERT INTO [dbo].[SecurityGroupPermissions] ([SecurityGroupID], [PermissionID], [Allowed], [CreatedDate], [CreatedUserID], [ModifiedDate], [ModifiedUserID], [Denied]) VALUES (2, 127, 1, '20041217 12:15:51.770', 122, '20041217 12:15:51.770', 122, 0)
INSERT INTO [dbo].[SecurityGroupPermissions] ([SecurityGroupID], [PermissionID], [Allowed], [CreatedDate], [CreatedUserID], [ModifiedDate], [ModifiedUserID], [Denied]) VALUES (2, 128, 1, '20041217 12:15:51.893', 122, '20041217 12:15:51.893', 122, 0)
INSERT INTO [dbo].[SecurityGroupPermissions] ([SecurityGroupID], [PermissionID], [Allowed], [CreatedDate], [CreatedUserID], [ModifiedDate], [ModifiedUserID], [Denied]) VALUES (2, 129, 1, '20041217 12:15:52.190', 122, '20041217 12:15:52.190', 122, 0)
INSERT INTO [dbo].[SecurityGroupPermissions] ([SecurityGroupID], [PermissionID], [Allowed], [CreatedDate], [CreatedUserID], [ModifiedDate], [ModifiedUserID], [Denied]) VALUES (2, 130, 1, '20041217 12:15:51.643', 122, '20041217 12:15:51.643', 122, 0)
INSERT INTO [dbo].[SecurityGroupPermissions] ([SecurityGroupID], [PermissionID], [Allowed], [CreatedDate], [CreatedUserID], [ModifiedDate], [ModifiedUserID], [Denied]) VALUES (2, 131, 1, '20041217 12:15:51.470', 122, '20041217 12:15:51.470', 122, 0)
INSERT INTO [dbo].[SecurityGroupPermissions] ([SecurityGroupID], [PermissionID], [Allowed], [CreatedDate], [CreatedUserID], [ModifiedDate], [ModifiedUserID], [Denied]) VALUES (2, 132, 1, '20041217 12:15:51.673', 122, '20041217 12:15:51.673', 122, 0)
INSERT INTO [dbo].[SecurityGroupPermissions] ([SecurityGroupID], [PermissionID], [Allowed], [CreatedDate], [CreatedUserID], [ModifiedDate], [ModifiedUserID], [Denied]) VALUES (2, 133, 1, '20041217 12:15:51.817', 122, '20041217 12:15:51.817', 122, 0)
INSERT INTO [dbo].[SecurityGroupPermissions] ([SecurityGroupID], [PermissionID], [Allowed], [CreatedDate], [CreatedUserID], [ModifiedDate], [ModifiedUserID], [Denied]) VALUES (2, 134, 1, '20041217 12:15:51.970', 122, '20041217 12:15:51.970', 122, 0)
INSERT INTO [dbo].[SecurityGroupPermissions] ([SecurityGroupID], [PermissionID], [Allowed], [CreatedDate], [CreatedUserID], [ModifiedDate], [ModifiedUserID], [Denied]) VALUES (2, 135, 1, '20041217 12:15:50.500', 122, '20041217 12:15:50.500', 122, 0)
INSERT INTO [dbo].[SecurityGroupPermissions] ([SecurityGroupID], [PermissionID], [Allowed], [CreatedDate], [CreatedUserID], [ModifiedDate], [ModifiedUserID], [Denied]) VALUES (2, 136, 1, '20041217 12:15:51.377', 122, '20041217 12:15:51.377', 122, 0)
INSERT INTO [dbo].[SecurityGroupPermissions] ([SecurityGroupID], [PermissionID], [Allowed], [CreatedDate], [CreatedUserID], [ModifiedDate], [ModifiedUserID], [Denied]) VALUES (2, 137, 1, '20041217 12:15:50.500', 122, '20041217 12:15:50.500', 122, 0)
INSERT INTO [dbo].[SecurityGroupPermissions] ([SecurityGroupID], [PermissionID], [Allowed], [CreatedDate], [CreatedUserID], [ModifiedDate], [ModifiedUserID], [Denied]) VALUES (2, 138, 1, '20041217 12:15:51.707', 122, '20041217 12:15:51.707', 122, 0)
INSERT INTO [dbo].[SecurityGroupPermissions] ([SecurityGroupID], [PermissionID], [Allowed], [CreatedDate], [CreatedUserID], [ModifiedDate], [ModifiedUserID], [Denied]) VALUES (2, 139, 1, '20041217 12:15:51.830', 122, '20041217 12:15:51.830', 122, 0)
INSERT INTO [dbo].[SecurityGroupPermissions] ([SecurityGroupID], [PermissionID], [Allowed], [CreatedDate], [CreatedUserID], [ModifiedDate], [ModifiedUserID], [Denied]) VALUES (2, 140, 1, '20041217 12:15:52.020', 122, '20041217 12:15:52.020', 122, 0)
INSERT INTO [dbo].[SecurityGroupPermissions] ([SecurityGroupID], [PermissionID], [Allowed], [CreatedDate], [CreatedUserID], [ModifiedDate], [ModifiedUserID], [Denied]) VALUES (2, 141, 1, '20041217 12:15:51.550', 122, '20041217 12:15:51.550', 122, 0)
INSERT INTO [dbo].[SecurityGroupPermissions] ([SecurityGroupID], [PermissionID], [Allowed], [CreatedDate], [CreatedUserID], [ModifiedDate], [ModifiedUserID], [Denied]) VALUES (2, 142, 1, '20041217 12:15:51.923', 122, '20041217 12:15:51.923', 122, 0)
INSERT INTO [dbo].[SecurityGroupPermissions] ([SecurityGroupID], [PermissionID], [Allowed], [CreatedDate], [CreatedUserID], [ModifiedDate], [ModifiedUserID], [Denied]) VALUES (2, 143, 1, '20041217 12:15:51.410', 122, '20041217 12:15:51.410', 122, 0)
INSERT INTO [dbo].[SecurityGroupPermissions] ([SecurityGroupID], [PermissionID], [Allowed], [CreatedDate], [CreatedUserID], [ModifiedDate], [ModifiedUserID], [Denied]) VALUES (2, 144, 1, '20041217 12:15:51.360', 122, '20041217 12:15:51.360', 122, 0)
INSERT INTO [dbo].[SecurityGroupPermissions] ([SecurityGroupID], [PermissionID], [Allowed], [CreatedDate], [CreatedUserID], [ModifiedDate], [ModifiedUserID], [Denied]) VALUES (2, 145, 1, '20041217 12:15:52.220', 122, '20041217 12:15:52.220', 122, 0)
INSERT INTO [dbo].[SecurityGroupPermissions] ([SecurityGroupID], [PermissionID], [Allowed], [CreatedDate], [CreatedUserID], [ModifiedDate], [ModifiedUserID], [Denied]) VALUES (2, 146, 1, '20041217 12:15:52.207', 122, '20041217 12:15:52.207', 122, 0)
INSERT INTO [dbo].[SecurityGroupPermissions] ([SecurityGroupID], [PermissionID], [Allowed], [CreatedDate], [CreatedUserID], [ModifiedDate], [ModifiedUserID], [Denied]) VALUES (2, 147, 1, '20041217 12:15:51.720', 122, '20041217 12:15:51.720', 122, 0)
INSERT INTO [dbo].[SecurityGroupPermissions] ([SecurityGroupID], [PermissionID], [Allowed], [CreatedDate], [CreatedUserID], [ModifiedDate], [ModifiedUserID], [Denied]) VALUES (2, 148, 1, '20041217 12:15:51.863', 122, '20041217 12:15:51.863', 122, 0)
INSERT INTO [dbo].[SecurityGroupPermissions] ([SecurityGroupID], [PermissionID], [Allowed], [CreatedDate], [CreatedUserID], [ModifiedDate], [ModifiedUserID], [Denied]) VALUES (2, 149, 1, '20041217 12:15:52.050', 122, '20041217 12:15:52.050', 122, 0)
INSERT INTO [dbo].[SecurityGroupPermissions] ([SecurityGroupID], [PermissionID], [Allowed], [CreatedDate], [CreatedUserID], [ModifiedDate], [ModifiedUserID], [Denied]) VALUES (2, 150, 1, '20041217 12:15:51.563', 122, '20041217 12:15:51.563', 122, 0)
INSERT INTO [dbo].[SecurityGroupPermissions] ([SecurityGroupID], [PermissionID], [Allowed], [CreatedDate], [CreatedUserID], [ModifiedDate], [ModifiedUserID], [Denied]) VALUES (2, 151, 1, '20041217 12:15:51.423', 122, '20041217 12:15:51.423', 122, 0)
INSERT INTO [dbo].[SecurityGroupPermissions] ([SecurityGroupID], [PermissionID], [Allowed], [CreatedDate], [CreatedUserID], [ModifiedDate], [ModifiedUserID], [Denied]) VALUES (2, 152, 1, '20041217 12:15:51.360', 122, '20041217 12:15:51.360', 122, 0)
INSERT INTO [dbo].[SecurityGroupPermissions] ([SecurityGroupID], [PermissionID], [Allowed], [CreatedDate], [CreatedUserID], [ModifiedDate], [ModifiedUserID], [Denied]) VALUES (2, 153, 1, '20041217 12:15:51.987', 122, '20041217 12:15:51.987', 122, 0)
INSERT INTO [dbo].[SecurityGroupPermissions] ([SecurityGroupID], [PermissionID], [Allowed], [CreatedDate], [CreatedUserID], [ModifiedDate], [ModifiedUserID], [Denied]) VALUES (2, 154, 1, '20041217 12:15:52.033', 122, '20041217 12:15:52.033', 122, 0)
INSERT INTO [dbo].[SecurityGroupPermissions] ([SecurityGroupID], [PermissionID], [Allowed], [CreatedDate], [CreatedUserID], [ModifiedDate], [ModifiedUserID], [Denied]) VALUES (2, 155, 1, '20041217 12:15:52.050', 122, '20041217 12:15:52.050', 122, 0)
INSERT INTO [dbo].[SecurityGroupPermissions] ([SecurityGroupID], [PermissionID], [Allowed], [CreatedDate], [CreatedUserID], [ModifiedDate], [ModifiedUserID], [Denied]) VALUES (2, 156, 1, '20041217 12:15:52.050', 122, '20041217 12:15:52.050', 122, 0)
INSERT INTO [dbo].[SecurityGroupPermissions] ([SecurityGroupID], [PermissionID], [Allowed], [CreatedDate], [CreatedUserID], [ModifiedDate], [ModifiedUserID], [Denied]) VALUES (2, 157, 1, '20041217 12:15:52.033', 122, '20041217 12:15:52.033', 122, 0)
INSERT INTO [dbo].[SecurityGroupPermissions] ([SecurityGroupID], [PermissionID], [Allowed], [CreatedDate], [CreatedUserID], [ModifiedDate], [ModifiedUserID], [Denied]) VALUES (2, 158, 1, '20041217 12:15:52.127', 122, '20041217 12:15:52.127', 122, 0)
INSERT INTO [dbo].[SecurityGroupPermissions] ([SecurityGroupID], [PermissionID], [Allowed], [CreatedDate], [CreatedUserID], [ModifiedDate], [ModifiedUserID], [Denied]) VALUES (2, 159, 1, '20041217 12:15:52.127', 122, '20041217 12:15:52.127', 122, 0)
INSERT INTO [dbo].[SecurityGroupPermissions] ([SecurityGroupID], [PermissionID], [Allowed], [CreatedDate], [CreatedUserID], [ModifiedDate], [ModifiedUserID], [Denied]) VALUES (2, 160, 1, '20041217 12:15:52.127', 122, '20041217 12:15:52.127', 122, 0)
INSERT INTO [dbo].[SecurityGroupPermissions] ([SecurityGroupID], [PermissionID], [Allowed], [CreatedDate], [CreatedUserID], [ModifiedDate], [ModifiedUserID], [Denied]) VALUES (2, 161, 1, '20041217 12:15:51.957', 122, '20041217 12:15:51.957', 122, 0)
INSERT INTO [dbo].[SecurityGroupPermissions] ([SecurityGroupID], [PermissionID], [Allowed], [CreatedDate], [CreatedUserID], [ModifiedDate], [ModifiedUserID], [Denied]) VALUES (2, 162, 1, '20041217 12:15:51.940', 122, '20041217 12:15:51.940', 122, 0)
INSERT INTO [dbo].[SecurityGroupPermissions] ([SecurityGroupID], [PermissionID], [Allowed], [CreatedDate], [CreatedUserID], [ModifiedDate], [ModifiedUserID], [Denied]) VALUES (2, 163, 1, '20041217 12:15:52.160', 122, '20041217 12:15:52.160', 122, 0)
INSERT INTO [dbo].[SecurityGroupPermissions] ([SecurityGroupID], [PermissionID], [Allowed], [CreatedDate], [CreatedUserID], [ModifiedDate], [ModifiedUserID], [Denied]) VALUES (2, 164, 1, '20041217 12:15:52.113', 122, '20041217 12:15:52.113', 122, 0)
INSERT INTO [dbo].[SecurityGroupPermissions] ([SecurityGroupID], [PermissionID], [Allowed], [CreatedDate], [CreatedUserID], [ModifiedDate], [ModifiedUserID], [Denied]) VALUES (2, 165, 1, '20041217 12:15:52.113', 122, '20041217 12:15:52.113', 122, 0)
INSERT INTO [dbo].[SecurityGroupPermissions] ([SecurityGroupID], [PermissionID], [Allowed], [CreatedDate], [CreatedUserID], [ModifiedDate], [ModifiedUserID], [Denied]) VALUES (2, 166, 1, '20041217 12:15:52.097', 122, '20041217 12:15:52.097', 122, 0)
INSERT INTO [dbo].[SecurityGroupPermissions] ([SecurityGroupID], [PermissionID], [Allowed], [CreatedDate], [CreatedUserID], [ModifiedDate], [ModifiedUserID], [Denied]) VALUES (2, 167, 1, '20041217 12:15:52.097', 122, '20041217 12:15:52.097', 122, 0)
INSERT INTO [dbo].[SecurityGroupPermissions] ([SecurityGroupID], [PermissionID], [Allowed], [CreatedDate], [CreatedUserID], [ModifiedDate], [ModifiedUserID], [Denied]) VALUES (2, 168, 1, '20041217 12:15:52.080', 122, '20041217 12:15:52.080', 122, 0)
INSERT INTO [dbo].[SecurityGroupPermissions] ([SecurityGroupID], [PermissionID], [Allowed], [CreatedDate], [CreatedUserID], [ModifiedDate], [ModifiedUserID], [Denied]) VALUES (2, 169, 1, '20041217 12:15:52.173', 122, '20041217 12:15:52.173', 122, 0)
INSERT INTO [dbo].[SecurityGroupPermissions] ([SecurityGroupID], [PermissionID], [Allowed], [CreatedDate], [CreatedUserID], [ModifiedDate], [ModifiedUserID], [Denied]) VALUES (2, 170, 1, '20041217 12:15:52.173', 122, '20041217 12:15:52.173', 122, 0)
INSERT INTO [dbo].[SecurityGroupPermissions] ([SecurityGroupID], [PermissionID], [Allowed], [CreatedDate], [CreatedUserID], [ModifiedDate], [ModifiedUserID], [Denied]) VALUES (2, 171, 1, '20041217 12:15:51.643', 122, '20041217 12:15:51.643', 122, 0)
INSERT INTO [dbo].[SecurityGroupPermissions] ([SecurityGroupID], [PermissionID], [Allowed], [CreatedDate], [CreatedUserID], [ModifiedDate], [ModifiedUserID], [Denied]) VALUES (2, 179, 1, '20041217 12:15:51.517', 122, '20041217 12:15:51.517', 122, 0)
INSERT INTO [dbo].[SecurityGroupPermissions] ([SecurityGroupID], [PermissionID], [Allowed], [CreatedDate], [CreatedUserID], [ModifiedDate], [ModifiedUserID], [Denied]) VALUES (2, 180, 1, '20041217 12:15:51.753', 122, '20041217 12:15:51.753', 122, 0)
INSERT INTO [dbo].[SecurityGroupPermissions] ([SecurityGroupID], [PermissionID], [Allowed], [CreatedDate], [CreatedUserID], [ModifiedDate], [ModifiedUserID], [Denied]) VALUES (2, 181, 1, '20041217 12:15:51.877', 122, '20041217 12:15:51.877', 122, 0)
INSERT INTO [dbo].[SecurityGroupPermissions] ([SecurityGroupID], [PermissionID], [Allowed], [CreatedDate], [CreatedUserID], [ModifiedDate], [ModifiedUserID], [Denied]) VALUES (2, 182, 1, '20041217 12:15:52.160', 122, '20041217 12:15:52.160', 122, 0)
INSERT INTO [dbo].[SecurityGroupPermissions] ([SecurityGroupID], [PermissionID], [Allowed], [CreatedDate], [CreatedUserID], [ModifiedDate], [ModifiedUserID], [Denied]) VALUES (2, 183, 1, '20041217 12:15:51.597', 122, '20041217 12:15:51.597', 122, 0)
INSERT INTO [dbo].[SecurityGroupPermissions] ([SecurityGroupID], [PermissionID], [Allowed], [CreatedDate], [CreatedUserID], [ModifiedDate], [ModifiedUserID], [Denied]) VALUES (2, 184, 1, '20041217 12:15:51.457', 122, '20041217 12:15:51.457', 122, 0)
INSERT INTO [dbo].[SecurityGroupPermissions] ([SecurityGroupID], [PermissionID], [Allowed], [CreatedDate], [CreatedUserID], [ModifiedDate], [ModifiedUserID], [Denied]) VALUES (2, 185, 1, '20041217 12:15:51.783', 122, '20041217 12:15:51.783', 122, 0)
INSERT INTO [dbo].[SecurityGroupPermissions] ([SecurityGroupID], [PermissionID], [Allowed], [CreatedDate], [CreatedUserID], [ModifiedDate], [ModifiedUserID], [Denied]) VALUES (2, 186, 1, '20041217 12:15:51.910', 122, '20041217 12:15:51.910', 122, 0)
INSERT INTO [dbo].[SecurityGroupPermissions] ([SecurityGroupID], [PermissionID], [Allowed], [CreatedDate], [CreatedUserID], [ModifiedDate], [ModifiedUserID], [Denied]) VALUES (2, 187, 1, '20041217 12:15:51.660', 122, '20041217 12:15:51.660', 122, 0)
INSERT INTO [dbo].[SecurityGroupPermissions] ([SecurityGroupID], [PermissionID], [Allowed], [CreatedDate], [CreatedUserID], [ModifiedDate], [ModifiedUserID], [Denied]) VALUES (2, 188, 1, '20041217 12:15:52.207', 122, '20041217 12:15:52.207', 122, 0)
INSERT INTO [dbo].[SecurityGroupPermissions] ([SecurityGroupID], [PermissionID], [Allowed], [CreatedDate], [CreatedUserID], [ModifiedDate], [ModifiedUserID], [Denied]) VALUES (2, 189, 1, '20041217 12:15:51.487', 122, '20041217 12:15:51.487', 122, 0)
INSERT INTO [dbo].[SecurityGroupPermissions] ([SecurityGroupID], [PermissionID], [Allowed], [CreatedDate], [CreatedUserID], [ModifiedDate], [ModifiedUserID], [Denied]) VALUES (2, 190, 1, '20041217 12:15:51.707', 122, '20041217 12:15:51.707', 122, 0)
INSERT INTO [dbo].[SecurityGroupPermissions] ([SecurityGroupID], [PermissionID], [Allowed], [CreatedDate], [CreatedUserID], [ModifiedDate], [ModifiedUserID], [Denied]) VALUES (2, 191, 1, '20041217 12:15:51.847', 122, '20041217 12:15:51.847', 122, 0)
INSERT INTO [dbo].[SecurityGroupPermissions] ([SecurityGroupID], [PermissionID], [Allowed], [CreatedDate], [CreatedUserID], [ModifiedDate], [ModifiedUserID], [Denied]) VALUES (2, 192, 1, '20041217 12:15:52.020', 122, '20041217 12:15:52.020', 122, 0)
INSERT INTO [dbo].[SecurityGroupPermissions] ([SecurityGroupID], [PermissionID], [Allowed], [CreatedDate], [CreatedUserID], [ModifiedDate], [ModifiedUserID], [Denied]) VALUES (2, 193, 1, '20041217 12:15:51.550', 122, '20041217 12:15:51.550', 122, 0)
INSERT INTO [dbo].[SecurityGroupPermissions] ([SecurityGroupID], [PermissionID], [Allowed], [CreatedDate], [CreatedUserID], [ModifiedDate], [ModifiedUserID], [Denied]) VALUES (2, 194, 1, '20041217 12:15:51.423', 122, '20041217 12:15:51.423', 122, 0)
INSERT INTO [dbo].[SecurityGroupPermissions] ([SecurityGroupID], [PermissionID], [Allowed], [CreatedDate], [CreatedUserID], [ModifiedDate], [ModifiedUserID], [Denied]) VALUES (2, 195, 1, '20041217 12:15:51.707', 122, '20041217 12:15:51.707', 122, 0)
INSERT INTO [dbo].[SecurityGroupPermissions] ([SecurityGroupID], [PermissionID], [Allowed], [CreatedDate], [CreatedUserID], [ModifiedDate], [ModifiedUserID], [Denied]) VALUES (2, 196, 1, '20041217 12:15:51.847', 122, '20041217 12:15:51.847', 122, 0)
INSERT INTO [dbo].[SecurityGroupPermissions] ([SecurityGroupID], [PermissionID], [Allowed], [CreatedDate], [CreatedUserID], [ModifiedDate], [ModifiedUserID], [Denied]) VALUES (2, 197, 1, '20041217 12:15:52.020', 122, '20041217 12:15:52.020', 122, 0)
INSERT INTO [dbo].[SecurityGroupPermissions] ([SecurityGroupID], [PermissionID], [Allowed], [CreatedDate], [CreatedUserID], [ModifiedDate], [ModifiedUserID], [Denied]) VALUES (2, 198, 1, '20041217 12:15:51.550', 122, '20041217 12:15:51.550', 122, 0)
INSERT INTO [dbo].[SecurityGroupPermissions] ([SecurityGroupID], [PermissionID], [Allowed], [CreatedDate], [CreatedUserID], [ModifiedDate], [ModifiedUserID], [Denied]) VALUES (2, 199, 1, '20041217 12:15:51.410', 122, '20041217 12:15:51.410', 122, 0)
INSERT INTO [dbo].[SecurityGroupPermissions] ([SecurityGroupID], [PermissionID], [Allowed], [CreatedDate], [CreatedUserID], [ModifiedDate], [ModifiedUserID], [Denied]) VALUES (2, 205, 1, '20041217 12:15:51.753', 122, '20041217 12:15:51.753', 122, 0)
INSERT INTO [dbo].[SecurityGroupPermissions] ([SecurityGroupID], [PermissionID], [Allowed], [CreatedDate], [CreatedUserID], [ModifiedDate], [ModifiedUserID], [Denied]) VALUES (2, 206, 1, '20041217 12:15:51.893', 122, '20041217 12:15:51.893', 122, 0)
INSERT INTO [dbo].[SecurityGroupPermissions] ([SecurityGroupID], [PermissionID], [Allowed], [CreatedDate], [CreatedUserID], [ModifiedDate], [ModifiedUserID], [Denied]) VALUES (2, 207, 1, '20041217 12:15:52.160', 122, '20041217 12:15:52.160', 122, 0)
INSERT INTO [dbo].[SecurityGroupPermissions] ([SecurityGroupID], [PermissionID], [Allowed], [CreatedDate], [CreatedUserID], [ModifiedDate], [ModifiedUserID], [Denied]) VALUES (2, 208, 1, '20041217 12:15:51.627', 122, '20041217 12:15:51.627', 122, 0)
INSERT INTO [dbo].[SecurityGroupPermissions] ([SecurityGroupID], [PermissionID], [Allowed], [CreatedDate], [CreatedUserID], [ModifiedDate], [ModifiedUserID], [Denied]) VALUES (2, 209, 1, '20041217 12:15:51.457', 122, '20041217 12:15:51.457', 122, 0)
INSERT INTO [dbo].[SecurityGroupPermissions] ([SecurityGroupID], [PermissionID], [Allowed], [CreatedDate], [CreatedUserID], [ModifiedDate], [ModifiedUserID], [Denied]) VALUES (2, 210, 1, '20041217 12:15:51.690', 122, '20041217 12:15:51.690', 122, 0)
INSERT INTO [dbo].[SecurityGroupPermissions] ([SecurityGroupID], [PermissionID], [Allowed], [CreatedDate], [CreatedUserID], [ModifiedDate], [ModifiedUserID], [Denied]) VALUES (2, 211, 1, '20041217 12:15:51.817', 122, '20041217 12:15:51.817', 122, 0)
INSERT INTO [dbo].[SecurityGroupPermissions] ([SecurityGroupID], [PermissionID], [Allowed], [CreatedDate], [CreatedUserID], [ModifiedDate], [ModifiedUserID], [Denied]) VALUES (2, 212, 1, '20041217 12:15:51.987', 122, '20041217 12:15:51.987', 122, 0)
INSERT INTO [dbo].[SecurityGroupPermissions] ([SecurityGroupID], [PermissionID], [Allowed], [CreatedDate], [CreatedUserID], [ModifiedDate], [ModifiedUserID], [Denied]) VALUES (2, 213, 1, '20041217 12:15:51.517', 122, '20041217 12:15:51.517', 122, 0)
INSERT INTO [dbo].[SecurityGroupPermissions] ([SecurityGroupID], [PermissionID], [Allowed], [CreatedDate], [CreatedUserID], [ModifiedDate], [ModifiedUserID], [Denied]) VALUES (2, 214, 1, '20041217 12:15:51.393', 122, '20041217 12:15:51.393', 122, 0)
INSERT INTO [dbo].[SecurityGroupPermissions] ([SecurityGroupID], [PermissionID], [Allowed], [CreatedDate], [CreatedUserID], [ModifiedDate], [ModifiedUserID], [Denied]) VALUES (2, 215, 1, '20041217 12:15:51.580', 122, '20041217 12:15:51.580', 122, 0)
INSERT INTO [dbo].[SecurityGroupPermissions] ([SecurityGroupID], [PermissionID], [Allowed], [CreatedDate], [CreatedUserID], [ModifiedDate], [ModifiedUserID], [Denied]) VALUES (2, 216, 1, '20041217 12:15:52.097', 122, '20041217 12:15:52.097', 122, 0)
INSERT INTO [dbo].[SecurityGroupPermissions] ([SecurityGroupID], [PermissionID], [Allowed], [CreatedDate], [CreatedUserID], [ModifiedDate], [ModifiedUserID], [Denied]) VALUES (2, 217, 1, '20041217 12:15:51.533', 122, '20041217 12:15:51.533', 122, 0)
INSERT INTO [dbo].[SecurityGroupPermissions] ([SecurityGroupID], [PermissionID], [Allowed], [CreatedDate], [CreatedUserID], [ModifiedDate], [ModifiedUserID], [Denied]) VALUES (2, 218, 1, '20041217 12:15:52.003', 122, '20041217 12:15:52.003', 122, 0)
INSERT INTO [dbo].[SecurityGroupPermissions] ([SecurityGroupID], [PermissionID], [Allowed], [CreatedDate], [CreatedUserID], [ModifiedDate], [ModifiedUserID], [Denied]) VALUES (2, 219, 1, '20041217 12:15:51.673', 122, '20041217 12:15:51.673', 122, 0)
INSERT INTO [dbo].[SecurityGroupPermissions] ([SecurityGroupID], [PermissionID], [Allowed], [CreatedDate], [CreatedUserID], [ModifiedDate], [ModifiedUserID], [Denied]) VALUES (2, 220, 1, '20041217 12:15:51.817', 122, '20041217 12:15:51.817', 122, 0)
INSERT INTO [dbo].[SecurityGroupPermissions] ([SecurityGroupID], [PermissionID], [Allowed], [CreatedDate], [CreatedUserID], [ModifiedDate], [ModifiedUserID], [Denied]) VALUES (2, 221, 1, '20041217 12:15:51.970', 122, '20041217 12:15:51.970', 122, 0)
INSERT INTO [dbo].[SecurityGroupPermissions] ([SecurityGroupID], [PermissionID], [Allowed], [CreatedDate], [CreatedUserID], [ModifiedDate], [ModifiedUserID], [Denied]) VALUES (2, 222, 1, '20041217 12:15:51.517', 122, '20041217 12:15:51.517', 122, 0)
INSERT INTO [dbo].[SecurityGroupPermissions] ([SecurityGroupID], [PermissionID], [Allowed], [CreatedDate], [CreatedUserID], [ModifiedDate], [ModifiedUserID], [Denied]) VALUES (2, 223, 1, '20041217 12:15:51.393', 122, '20041217 12:15:51.393', 122, 0)
INSERT INTO [dbo].[SecurityGroupPermissions] ([SecurityGroupID], [PermissionID], [Allowed], [CreatedDate], [CreatedUserID], [ModifiedDate], [ModifiedUserID], [Denied]) VALUES (2, 224, 1, '20041217 12:15:52.220', 122, '20041217 12:15:52.220', 122, 0)
INSERT INTO [dbo].[SecurityGroupPermissions] ([SecurityGroupID], [PermissionID], [Allowed], [CreatedDate], [CreatedUserID], [ModifiedDate], [ModifiedUserID], [Denied]) VALUES (2, 225, 1, '20041217 12:15:51.940', 122, '20041217 12:15:51.940', 122, 0)
INSERT INTO [dbo].[SecurityGroupPermissions] ([SecurityGroupID], [PermissionID], [Allowed], [CreatedDate], [CreatedUserID], [ModifiedDate], [ModifiedUserID], [Denied]) VALUES (2, 226, 1, '20041217 12:15:51.360', 122, '20041217 12:15:51.360', 122, 0)
INSERT INTO [dbo].[SecurityGroupPermissions] ([SecurityGroupID], [PermissionID], [Allowed], [CreatedDate], [CreatedUserID], [ModifiedDate], [ModifiedUserID], [Denied]) VALUES (2, 227, 1, '20041217 12:15:51.923', 122, '20041217 12:15:51.923', 122, 0)
INSERT INTO [dbo].[SecurityGroupPermissions] ([SecurityGroupID], [PermissionID], [Allowed], [CreatedDate], [CreatedUserID], [ModifiedDate], [ModifiedUserID], [Denied]) VALUES (2, 228, 1, '20041217 12:15:51.737', 122, '20041217 12:15:51.737', 122, 0)
INSERT INTO [dbo].[SecurityGroupPermissions] ([SecurityGroupID], [PermissionID], [Allowed], [CreatedDate], [CreatedUserID], [ModifiedDate], [ModifiedUserID], [Denied]) VALUES (2, 229, 1, '20041217 12:15:51.863', 122, '20041217 12:15:51.863', 122, 0)
INSERT INTO [dbo].[SecurityGroupPermissions] ([SecurityGroupID], [PermissionID], [Allowed], [CreatedDate], [CreatedUserID], [ModifiedDate], [ModifiedUserID], [Denied]) VALUES (2, 230, 1, '20041217 12:15:52.113', 122, '20041217 12:15:52.113', 122, 0)
INSERT INTO [dbo].[SecurityGroupPermissions] ([SecurityGroupID], [PermissionID], [Allowed], [CreatedDate], [CreatedUserID], [ModifiedDate], [ModifiedUserID], [Denied]) VALUES (2, 231, 1, '20041217 12:15:51.580', 122, '20041217 12:15:51.580', 122, 0)
INSERT INTO [dbo].[SecurityGroupPermissions] ([SecurityGroupID], [PermissionID], [Allowed], [CreatedDate], [CreatedUserID], [ModifiedDate], [ModifiedUserID], [Denied]) VALUES (2, 232, 1, '20041217 12:15:51.440', 122, '20041217 12:15:51.440', 122, 0)
INSERT INTO [dbo].[SecurityGroupPermissions] ([SecurityGroupID], [PermissionID], [Allowed], [CreatedDate], [CreatedUserID], [ModifiedDate], [ModifiedUserID], [Denied]) VALUES (2, 233, 1, '20041217 12:15:51.770', 122, '20041217 12:15:51.770', 122, 0)
INSERT INTO [dbo].[SecurityGroupPermissions] ([SecurityGroupID], [PermissionID], [Allowed], [CreatedDate], [CreatedUserID], [ModifiedDate], [ModifiedUserID], [Denied]) VALUES (2, 234, 1, '20041217 12:15:51.893', 122, '20041217 12:15:51.893', 122, 0)
INSERT INTO [dbo].[SecurityGroupPermissions] ([SecurityGroupID], [PermissionID], [Allowed], [CreatedDate], [CreatedUserID], [ModifiedDate], [ModifiedUserID], [Denied]) VALUES (2, 235, 1, '20041217 12:15:52.173', 122, '20041217 12:15:52.173', 122, 0)
INSERT INTO [dbo].[SecurityGroupPermissions] ([SecurityGroupID], [PermissionID], [Allowed], [CreatedDate], [CreatedUserID], [ModifiedDate], [ModifiedUserID], [Denied]) VALUES (2, 236, 1, '20041217 12:15:51.627', 122, '20041217 12:15:51.627', 122, 0)
INSERT INTO [dbo].[SecurityGroupPermissions] ([SecurityGroupID], [PermissionID], [Allowed], [CreatedDate], [CreatedUserID], [ModifiedDate], [ModifiedUserID], [Denied]) VALUES (2, 237, 1, '20041217 12:15:51.470', 122, '20041217 12:15:51.470', 122, 0)
INSERT INTO [dbo].[SecurityGroupPermissions] ([SecurityGroupID], [PermissionID], [Allowed], [CreatedDate], [CreatedUserID], [ModifiedDate], [ModifiedUserID], [Denied]) VALUES (2, 238, 1, '20041217 12:15:51.690', 122, '20041217 12:15:51.690', 122, 0)
INSERT INTO [dbo].[SecurityGroupPermissions] ([SecurityGroupID], [PermissionID], [Allowed], [CreatedDate], [CreatedUserID], [ModifiedDate], [ModifiedUserID], [Denied]) VALUES (2, 239, 1, '20041217 12:15:51.970', 122, '20041217 12:15:51.970', 122, 0)
INSERT INTO [dbo].[SecurityGroupPermissions] ([SecurityGroupID], [PermissionID], [Allowed], [CreatedDate], [CreatedUserID], [ModifiedDate], [ModifiedUserID], [Denied]) VALUES (2, 240, 1, '20041217 12:15:51.783', 122, '20041217 12:15:51.783', 122, 0)
INSERT INTO [dbo].[SecurityGroupPermissions] ([SecurityGroupID], [PermissionID], [Allowed], [CreatedDate], [CreatedUserID], [ModifiedDate], [ModifiedUserID], [Denied]) VALUES (2, 241, 1, '20041217 12:15:52.237', 122, '20041217 12:15:52.237', 122, 0)
INSERT INTO [dbo].[SecurityGroupPermissions] ([SecurityGroupID], [PermissionID], [Allowed], [CreatedDate], [CreatedUserID], [ModifiedDate], [ModifiedUserID], [Denied]) VALUES (2, 242, 1, '20041217 12:15:51.737', 122, '20041217 12:15:51.737', 122, 0)
INSERT INTO [dbo].[SecurityGroupPermissions] ([SecurityGroupID], [PermissionID], [Allowed], [CreatedDate], [CreatedUserID], [ModifiedDate], [ModifiedUserID], [Denied]) VALUES (2, 243, 1, '20041217 12:15:51.877', 122, '20041217 12:15:51.877', 122, 0)
INSERT INTO [dbo].[SecurityGroupPermissions] ([SecurityGroupID], [PermissionID], [Allowed], [CreatedDate], [CreatedUserID], [ModifiedDate], [ModifiedUserID], [Denied]) VALUES (2, 244, 1, '20041217 12:15:52.143', 122, '20041217 12:15:52.143', 122, 0)
INSERT INTO [dbo].[SecurityGroupPermissions] ([SecurityGroupID], [PermissionID], [Allowed], [CreatedDate], [CreatedUserID], [ModifiedDate], [ModifiedUserID], [Denied]) VALUES (2, 245, 1, '20041217 12:15:51.580', 122, '20041217 12:15:51.580', 122, 0)
INSERT INTO [dbo].[SecurityGroupPermissions] ([SecurityGroupID], [PermissionID], [Allowed], [CreatedDate], [CreatedUserID], [ModifiedDate], [ModifiedUserID], [Denied]) VALUES (2, 246, 1, '20041217 12:15:51.440', 122, '20041217 12:15:51.440', 122, 0)
INSERT INTO [dbo].[SecurityGroupPermissions] ([SecurityGroupID], [PermissionID], [Allowed], [CreatedDate], [CreatedUserID], [ModifiedDate], [ModifiedUserID], [Denied]) VALUES (2, 247, 1, '20041217 12:17:05.147', 122, '20041217 12:17:05.147', 122, 0)
INSERT INTO [dbo].[SecurityGroupPermissions] ([SecurityGroupID], [PermissionID], [Allowed], [CreatedDate], [CreatedUserID], [ModifiedDate], [ModifiedUserID], [Denied]) VALUES (2, 249, 1, '20041217 12:17:05.223', 122, '20041217 12:17:05.223', 122, 0)
INSERT INTO [dbo].[SecurityGroupPermissions] ([SecurityGroupID], [PermissionID], [Allowed], [CreatedDate], [CreatedUserID], [ModifiedDate], [ModifiedUserID], [Denied]) VALUES (2, 260, 1, '20041217 12:15:51.720', 122, '20041217 12:15:51.720', 122, 0)
INSERT INTO [dbo].[SecurityGroupPermissions] ([SecurityGroupID], [PermissionID], [Allowed], [CreatedDate], [CreatedUserID], [ModifiedDate], [ModifiedUserID], [Denied]) VALUES (2, 261, 1, '20041217 12:15:51.847', 122, '20041217 12:15:51.847', 122, 0)
INSERT INTO [dbo].[SecurityGroupPermissions] ([SecurityGroupID], [PermissionID], [Allowed], [CreatedDate], [CreatedUserID], [ModifiedDate], [ModifiedUserID], [Denied]) VALUES (2, 262, 1, '20041217 12:15:52.033', 122, '20041217 12:15:52.033', 122, 0)
INSERT INTO [dbo].[SecurityGroupPermissions] ([SecurityGroupID], [PermissionID], [Allowed], [CreatedDate], [CreatedUserID], [ModifiedDate], [ModifiedUserID], [Denied]) VALUES (2, 263, 1, '20041217 12:15:51.563', 122, '20041217 12:15:51.563', 122, 0)
INSERT INTO [dbo].[SecurityGroupPermissions] ([SecurityGroupID], [PermissionID], [Allowed], [CreatedDate], [CreatedUserID], [ModifiedDate], [ModifiedUserID], [Denied]) VALUES (2, 264, 1, '20041217 12:15:51.423', 122, '20041217 12:15:51.423', 122, 0)
INSERT INTO [dbo].[SecurityGroupPermissions] ([SecurityGroupID], [PermissionID], [Allowed], [CreatedDate], [CreatedUserID], [ModifiedDate], [ModifiedUserID], [Denied]) VALUES (2, 265, 1, '20041217 12:15:51.800', 122, '20041217 12:15:51.800', 122, 0)
INSERT INTO [dbo].[SecurityGroupPermissions] ([SecurityGroupID], [PermissionID], [Allowed], [CreatedDate], [CreatedUserID], [ModifiedDate], [ModifiedUserID], [Denied]) VALUES (2, 266, 1, '20041217 12:23:49.390', 122, '20041217 12:23:49.390', 122, 0)
INSERT INTO [dbo].[SecurityGroupPermissions] ([SecurityGroupID], [PermissionID], [Allowed], [CreatedDate], [CreatedUserID], [ModifiedDate], [ModifiedUserID], [Denied]) VALUES (2, 267, 1, '20041217 12:23:49.423', 122, '20041217 12:23:49.423', 122, 0)
INSERT INTO [dbo].[SecurityGroupPermissions] ([SecurityGroupID], [PermissionID], [Allowed], [CreatedDate], [CreatedUserID], [ModifiedDate], [ModifiedUserID], [Denied]) VALUES (2, 268, 1, '20041217 12:23:49.453', 122, '20041217 12:23:49.453', 122, 0)
INSERT INTO [dbo].[SecurityGroupPermissions] ([SecurityGroupID], [PermissionID], [Allowed], [CreatedDate], [CreatedUserID], [ModifiedDate], [ModifiedUserID], [Denied]) VALUES (2, 269, 1, '20041217 12:23:49.360', 122, '20041217 12:23:49.360', 122, 0)
INSERT INTO [dbo].[SecurityGroupPermissions] ([SecurityGroupID], [PermissionID], [Allowed], [CreatedDate], [CreatedUserID], [ModifiedDate], [ModifiedUserID], [Denied]) VALUES (2, 270, 1, '20041217 12:23:49.343', 122, '20041217 12:23:49.343', 122, 0)
INSERT INTO [dbo].[SecurityGroupPermissions] ([SecurityGroupID], [PermissionID], [Allowed], [CreatedDate], [CreatedUserID], [ModifiedDate], [ModifiedUserID], [Denied]) VALUES (2, 271, 1, '20041217 12:23:49.407', 122, '20041217 12:23:49.407', 122, 0)
INSERT INTO [dbo].[SecurityGroupPermissions] ([SecurityGroupID], [PermissionID], [Allowed], [CreatedDate], [CreatedUserID], [ModifiedDate], [ModifiedUserID], [Denied]) VALUES (2, 272, 1, '20041217 12:23:49.423', 122, '20041217 12:23:49.423', 122, 0)
INSERT INTO [dbo].[SecurityGroupPermissions] ([SecurityGroupID], [PermissionID], [Allowed], [CreatedDate], [CreatedUserID], [ModifiedDate], [ModifiedUserID], [Denied]) VALUES (2, 273, 1, '20041217 12:23:49.453', 122, '20041217 12:23:49.453', 122, 0)
INSERT INTO [dbo].[SecurityGroupPermissions] ([SecurityGroupID], [PermissionID], [Allowed], [CreatedDate], [CreatedUserID], [ModifiedDate], [ModifiedUserID], [Denied]) VALUES (2, 274, 1, '20041217 12:23:49.377', 122, '20041217 12:23:49.377', 122, 0)
INSERT INTO [dbo].[SecurityGroupPermissions] ([SecurityGroupID], [PermissionID], [Allowed], [CreatedDate], [CreatedUserID], [ModifiedDate], [ModifiedUserID], [Denied]) VALUES (2, 275, 1, '20041217 12:23:49.343', 122, '20041217 12:23:49.343', 122, 0)
INSERT INTO [dbo].[SecurityGroupPermissions] ([SecurityGroupID], [PermissionID], [Allowed], [CreatedDate], [CreatedUserID], [ModifiedDate], [ModifiedUserID], [Denied]) VALUES (2, 276, 1, '20041217 12:23:49.390', 122, '20041217 12:23:49.390', 122, 0)
INSERT INTO [dbo].[SecurityGroupPermissions] ([SecurityGroupID], [PermissionID], [Allowed], [CreatedDate], [CreatedUserID], [ModifiedDate], [ModifiedUserID], [Denied]) VALUES (2, 277, 1, '20041217 12:23:49.423', 122, '20041217 12:23:49.423', 122, 0)
INSERT INTO [dbo].[SecurityGroupPermissions] ([SecurityGroupID], [PermissionID], [Allowed], [CreatedDate], [CreatedUserID], [ModifiedDate], [ModifiedUserID], [Denied]) VALUES (2, 278, 1, '20041217 12:23:49.437', 122, '20041217 12:23:49.437', 122, 0)
INSERT INTO [dbo].[SecurityGroupPermissions] ([SecurityGroupID], [PermissionID], [Allowed], [CreatedDate], [CreatedUserID], [ModifiedDate], [ModifiedUserID], [Denied]) VALUES (2, 279, 1, '20041217 12:23:49.360', 122, '20041217 12:23:49.360', 122, 0)
INSERT INTO [dbo].[SecurityGroupPermissions] ([SecurityGroupID], [PermissionID], [Allowed], [CreatedDate], [CreatedUserID], [ModifiedDate], [ModifiedUserID], [Denied]) VALUES (2, 280, 1, '20041217 12:23:49.330', 122, '20041217 12:23:49.330', 122, 0)
INSERT INTO [dbo].[SecurityGroupPermissions] ([SecurityGroupID], [PermissionID], [Allowed], [CreatedDate], [CreatedUserID], [ModifiedDate], [ModifiedUserID], [Denied]) VALUES (2, 281, 1, '20041217 12:23:49.390', 122, '20041217 12:23:49.390', 122, 0)
INSERT INTO [dbo].[SecurityGroupPermissions] ([SecurityGroupID], [PermissionID], [Allowed], [CreatedDate], [CreatedUserID], [ModifiedDate], [ModifiedUserID], [Denied]) VALUES (2, 282, 1, '20041217 12:23:49.407', 122, '20041217 12:23:49.407', 122, 0)
INSERT INTO [dbo].[SecurityGroupPermissions] ([SecurityGroupID], [PermissionID], [Allowed], [CreatedDate], [CreatedUserID], [ModifiedDate], [ModifiedUserID], [Denied]) VALUES (2, 283, 1, '20041217 12:23:49.437', 122, '20041217 12:23:49.437', 122, 0)
INSERT INTO [dbo].[SecurityGroupPermissions] ([SecurityGroupID], [PermissionID], [Allowed], [CreatedDate], [CreatedUserID], [ModifiedDate], [ModifiedUserID], [Denied]) VALUES (2, 284, 1, '20041217 12:23:49.360', 122, '20041217 12:23:49.360', 122, 0)
INSERT INTO [dbo].[SecurityGroupPermissions] ([SecurityGroupID], [PermissionID], [Allowed], [CreatedDate], [CreatedUserID], [ModifiedDate], [ModifiedUserID], [Denied]) VALUES (2, 285, 1, '20041217 12:23:49.330', 122, '20041217 12:23:49.330', 122, 0)
INSERT INTO [dbo].[SecurityGroupPermissions] ([SecurityGroupID], [PermissionID], [Allowed], [CreatedDate], [CreatedUserID], [ModifiedDate], [ModifiedUserID], [Denied]) VALUES (2, 302, 1, '20041217 12:15:51.533', 122, '20041217 12:15:51.533', 122, 0)
INSERT INTO [dbo].[SecurityGroupPermissions] ([SecurityGroupID], [PermissionID], [Allowed], [CreatedDate], [CreatedUserID], [ModifiedDate], [ModifiedUserID], [Denied]) VALUES (2, 303, 1, '20041217 12:15:51.957', 122, '20041217 12:15:51.957', 122, 0)
INSERT INTO [dbo].[SecurityGroupPermissions] ([SecurityGroupID], [PermissionID], [Allowed], [CreatedDate], [CreatedUserID], [ModifiedDate], [ModifiedUserID], [Denied]) VALUES (2, 304, 1, '20041217 12:15:52.067', 122, '20041217 12:15:52.067', 122, 0)
INSERT INTO [dbo].[SecurityGroupPermissions] ([SecurityGroupID], [PermissionID], [Allowed], [CreatedDate], [CreatedUserID], [ModifiedDate], [ModifiedUserID], [Denied]) VALUES (2, 305, 1, '20041217 12:15:52.237', 122, '20041217 12:15:52.237', 122, 0)
INSERT INTO [dbo].[SecurityGroupPermissions] ([SecurityGroupID], [PermissionID], [Allowed], [CreatedDate], [CreatedUserID], [ModifiedDate], [ModifiedUserID], [Denied]) VALUES (2, 306, 1, '20041217 12:15:51.690', 122, '20041217 12:15:51.690', 122, 0)
INSERT INTO [dbo].[SecurityGroupPermissions] ([SecurityGroupID], [PermissionID], [Allowed], [CreatedDate], [CreatedUserID], [ModifiedDate], [ModifiedUserID], [Denied]) VALUES (2, 307, 1, '20041217 12:15:52.003', 122, '20041217 12:15:52.003', 122, 0)
INSERT INTO [dbo].[SecurityGroupPermissions] ([SecurityGroupID], [PermissionID], [Allowed], [CreatedDate], [CreatedUserID], [ModifiedDate], [ModifiedUserID], [Denied]) VALUES (2, 308, 1, '20041217 12:15:51.830', 122, '20041217 12:15:51.830', 122, 0)
INSERT INTO [dbo].[SecurityGroupPermissions] ([SecurityGroupID], [PermissionID], [Allowed], [CreatedDate], [CreatedUserID], [ModifiedDate], [ModifiedUserID], [Denied]) VALUES (2, 309, 1, '20041217 12:15:51.550', 122, '20041217 12:15:51.550', 122, 0)
INSERT INTO [dbo].[SecurityGroupPermissions] ([SecurityGroupID], [PermissionID], [Allowed], [CreatedDate], [CreatedUserID], [ModifiedDate], [ModifiedUserID], [Denied]) VALUES (2, 310, 1, '20041217 12:15:51.410', 122, '20041217 12:15:51.410', 122, 0)
INSERT INTO [dbo].[SecurityGroupPermissions] ([SecurityGroupID], [PermissionID], [Allowed], [CreatedDate], [CreatedUserID], [ModifiedDate], [ModifiedUserID], [Denied]) VALUES (26, 107, 1, '20041215 13:39:38.297', 0, '20041215 13:39:38.297', 0, 0)
INSERT INTO [dbo].[SecurityGroupPermissions] ([SecurityGroupID], [PermissionID], [Allowed], [CreatedDate], [CreatedUserID], [ModifiedDate], [ModifiedUserID], [Denied]) VALUES (26, 108, 1, '20041215 13:39:38.297', 0, '20041215 13:39:38.297', 0, 0)
INSERT INTO [dbo].[SecurityGroupPermissions] ([SecurityGroupID], [PermissionID], [Allowed], [CreatedDate], [CreatedUserID], [ModifiedDate], [ModifiedUserID], [Denied]) VALUES (26, 109, 1, '20041215 13:39:38.297', 0, '20041215 13:39:38.297', 0, 0)
INSERT INTO [dbo].[SecurityGroupPermissions] ([SecurityGroupID], [PermissionID], [Allowed], [CreatedDate], [CreatedUserID], [ModifiedDate], [ModifiedUserID], [Denied]) VALUES (26, 110, 1, '20041215 13:39:38.297', 0, '20041215 13:39:38.297', 0, 0)
INSERT INTO [dbo].[SecurityGroupPermissions] ([SecurityGroupID], [PermissionID], [Allowed], [CreatedDate], [CreatedUserID], [ModifiedDate], [ModifiedUserID], [Denied]) VALUES (26, 111, 1, '20041215 13:39:38.297', 0, '20041215 13:39:38.297', 0, 0)
INSERT INTO [dbo].[SecurityGroupPermissions] ([SecurityGroupID], [PermissionID], [Allowed], [CreatedDate], [CreatedUserID], [ModifiedDate], [ModifiedUserID], [Denied]) VALUES (26, 112, 1, '20041215 13:39:38.297', 0, '20041215 13:39:38.297', 0, 0)
INSERT INTO [dbo].[SecurityGroupPermissions] ([SecurityGroupID], [PermissionID], [Allowed], [CreatedDate], [CreatedUserID], [ModifiedDate], [ModifiedUserID], [Denied]) VALUES (26, 113, 1, '20041215 13:39:38.297', 0, '20041215 13:39:38.297', 0, 0)
INSERT INTO [dbo].[SecurityGroupPermissions] ([SecurityGroupID], [PermissionID], [Allowed], [CreatedDate], [CreatedUserID], [ModifiedDate], [ModifiedUserID], [Denied]) VALUES (26, 114, 1, '20041215 13:39:38.297', 0, '20041215 13:39:38.297', 0, 0)
INSERT INTO [dbo].[SecurityGroupPermissions] ([SecurityGroupID], [PermissionID], [Allowed], [CreatedDate], [CreatedUserID], [ModifiedDate], [ModifiedUserID], [Denied]) VALUES (26, 115, 1, '20041215 13:39:38.297', 0, '20041215 13:39:38.297', 0, 0)
INSERT INTO [dbo].[SecurityGroupPermissions] ([SecurityGroupID], [PermissionID], [Allowed], [CreatedDate], [CreatedUserID], [ModifiedDate], [ModifiedUserID], [Denied]) VALUES (26, 116, 1, '20041215 13:39:38.297', 0, '20041215 13:39:38.297', 0, 0)
INSERT INTO [dbo].[SecurityGroupPermissions] ([SecurityGroupID], [PermissionID], [Allowed], [CreatedDate], [CreatedUserID], [ModifiedDate], [ModifiedUserID], [Denied]) VALUES (26, 117, 1, '20041215 13:39:38.297', 0, '20041215 13:39:38.297', 0, 0)
INSERT INTO [dbo].[SecurityGroupPermissions] ([SecurityGroupID], [PermissionID], [Allowed], [CreatedDate], [CreatedUserID], [ModifiedDate], [ModifiedUserID], [Denied]) VALUES (26, 118, 1, '20041215 13:39:38.297', 0, '20041215 13:39:38.297', 0, 0)
INSERT INTO [dbo].[SecurityGroupPermissions] ([SecurityGroupID], [PermissionID], [Allowed], [CreatedDate], [CreatedUserID], [ModifiedDate], [ModifiedUserID], [Denied]) VALUES (26, 119, 1, '20041215 13:39:38.297', 0, '20041215 13:39:38.297', 0, 0)
INSERT INTO [dbo].[SecurityGroupPermissions] ([SecurityGroupID], [PermissionID], [Allowed], [CreatedDate], [CreatedUserID], [ModifiedDate], [ModifiedUserID], [Denied]) VALUES (26, 120, 1, '20041215 13:39:38.297', 0, '20041215 13:39:38.297', 0, 0)
INSERT INTO [dbo].[SecurityGroupPermissions] ([SecurityGroupID], [PermissionID], [Allowed], [CreatedDate], [CreatedUserID], [ModifiedDate], [ModifiedUserID], [Denied]) VALUES (26, 121, 1, '20041215 13:39:38.297', 0, '20041215 13:39:38.297', 0, 0)
INSERT INTO [dbo].[SecurityGroupPermissions] ([SecurityGroupID], [PermissionID], [Allowed], [CreatedDate], [CreatedUserID], [ModifiedDate], [ModifiedUserID], [Denied]) VALUES (26, 122, 1, '20041215 13:39:38.297', 0, '20041215 13:39:38.297', 0, 0)
INSERT INTO [dbo].[SecurityGroupPermissions] ([SecurityGroupID], [PermissionID], [Allowed], [CreatedDate], [CreatedUserID], [ModifiedDate], [ModifiedUserID], [Denied]) VALUES (26, 123, 1, '20041215 13:39:38.297', 0, '20041215 13:39:38.297', 0, 0)
INSERT INTO [dbo].[SecurityGroupPermissions] ([SecurityGroupID], [PermissionID], [Allowed], [CreatedDate], [CreatedUserID], [ModifiedDate], [ModifiedUserID], [Denied]) VALUES (26, 124, 1, '20041215 13:39:38.297', 0, '20041215 13:39:38.297', 0, 0)
INSERT INTO [dbo].[SecurityGroupPermissions] ([SecurityGroupID], [PermissionID], [Allowed], [CreatedDate], [CreatedUserID], [ModifiedDate], [ModifiedUserID], [Denied]) VALUES (26, 125, 1, '20041215 13:39:38.297', 0, '20041215 13:39:38.297', 0, 0)
INSERT INTO [dbo].[SecurityGroupPermissions] ([SecurityGroupID], [PermissionID], [Allowed], [CreatedDate], [CreatedUserID], [ModifiedDate], [ModifiedUserID], [Denied]) VALUES (26, 126, 1, '20041215 13:39:38.297', 0, '20041215 13:39:38.297', 0, 0)
INSERT INTO [dbo].[SecurityGroupPermissions] ([SecurityGroupID], [PermissionID], [Allowed], [CreatedDate], [CreatedUserID], [ModifiedDate], [ModifiedUserID], [Denied]) VALUES (26, 127, 1, '20041215 13:39:38.297', 0, '20041215 13:39:38.297', 0, 0)
INSERT INTO [dbo].[SecurityGroupPermissions] ([SecurityGroupID], [PermissionID], [Allowed], [CreatedDate], [CreatedUserID], [ModifiedDate], [ModifiedUserID], [Denied]) VALUES (26, 128, 1, '20041215 13:39:38.297', 0, '20041215 13:39:38.297', 0, 0)
INSERT INTO [dbo].[SecurityGroupPermissions] ([SecurityGroupID], [PermissionID], [Allowed], [CreatedDate], [CreatedUserID], [ModifiedDate], [ModifiedUserID], [Denied]) VALUES (26, 129, 1, '20041215 13:39:38.297', 0, '20041215 13:39:38.297', 0, 0)
INSERT INTO [dbo].[SecurityGroupPermissions] ([SecurityGroupID], [PermissionID], [Allowed], [CreatedDate], [CreatedUserID], [ModifiedDate], [ModifiedUserID], [Denied]) VALUES (26, 130, 1, '20041215 13:39:38.297', 0, '20041215 13:39:38.297', 0, 0)
INSERT INTO [dbo].[SecurityGroupPermissions] ([SecurityGroupID], [PermissionID], [Allowed], [CreatedDate], [CreatedUserID], [ModifiedDate], [ModifiedUserID], [Denied]) VALUES (26, 131, 1, '20041215 13:39:38.297', 0, '20041215 13:39:38.297', 0, 0)
INSERT INTO [dbo].[SecurityGroupPermissions] ([SecurityGroupID], [PermissionID], [Allowed], [CreatedDate], [CreatedUserID], [ModifiedDate], [ModifiedUserID], [Denied]) VALUES (26, 132, 1, '20041215 13:39:38.297', 0, '20041215 13:39:38.297', 0, 0)
INSERT INTO [dbo].[SecurityGroupPermissions] ([SecurityGroupID], [PermissionID], [Allowed], [CreatedDate], [CreatedUserID], [ModifiedDate], [ModifiedUserID], [Denied]) VALUES (26, 133, 1, '20041215 13:39:38.297', 0, '20041215 13:39:38.297', 0, 0)
INSERT INTO [dbo].[SecurityGroupPermissions] ([SecurityGroupID], [PermissionID], [Allowed], [CreatedDate], [CreatedUserID], [ModifiedDate], [ModifiedUserID], [Denied]) VALUES (26, 134, 1, '20041215 13:39:38.297', 0, '20041215 13:39:38.297', 0, 0)
INSERT INTO [dbo].[SecurityGroupPermissions] ([SecurityGroupID], [PermissionID], [Allowed], [CreatedDate], [CreatedUserID], [ModifiedDate], [ModifiedUserID], [Denied]) VALUES (26, 135, 1, '20041215 13:39:38.297', 0, '20041215 13:39:38.297', 0, 0)
INSERT INTO [dbo].[SecurityGroupPermissions] ([SecurityGroupID], [PermissionID], [Allowed], [CreatedDate], [CreatedUserID], [ModifiedDate], [ModifiedUserID], [Denied]) VALUES (26, 136, 1, '20041215 13:39:38.297', 0, '20041215 13:39:38.297', 0, 0)
INSERT INTO [dbo].[SecurityGroupPermissions] ([SecurityGroupID], [PermissionID], [Allowed], [CreatedDate], [CreatedUserID], [ModifiedDate], [ModifiedUserID], [Denied]) VALUES (26, 137, 1, '20041215 13:39:38.297', 0, '20041215 13:39:38.297', 0, 0)
INSERT INTO [dbo].[SecurityGroupPermissions] ([SecurityGroupID], [PermissionID], [Allowed], [CreatedDate], [CreatedUserID], [ModifiedDate], [ModifiedUserID], [Denied]) VALUES (26, 138, 1, '20041215 13:39:38.297', 0, '20041215 13:39:38.297', 0, 0)
INSERT INTO [dbo].[SecurityGroupPermissions] ([SecurityGroupID], [PermissionID], [Allowed], [CreatedDate], [CreatedUserID], [ModifiedDate], [ModifiedUserID], [Denied]) VALUES (26, 139, 1, '20041215 13:39:38.297', 0, '20041215 13:39:38.297', 0, 0)
INSERT INTO [dbo].[SecurityGroupPermissions] ([SecurityGroupID], [PermissionID], [Allowed], [CreatedDate], [CreatedUserID], [ModifiedDate], [ModifiedUserID], [Denied]) VALUES (26, 140, 1, '20041215 13:39:38.297', 0, '20041215 13:39:38.297', 0, 0)
INSERT INTO [dbo].[SecurityGroupPermissions] ([SecurityGroupID], [PermissionID], [Allowed], [CreatedDate], [CreatedUserID], [ModifiedDate], [ModifiedUserID], [Denied]) VALUES (26, 141, 1, '20041215 13:39:38.297', 0, '20041215 13:39:38.297', 0, 0)
INSERT INTO [dbo].[SecurityGroupPermissions] ([SecurityGroupID], [PermissionID], [Allowed], [CreatedDate], [CreatedUserID], [ModifiedDate], [ModifiedUserID], [Denied]) VALUES (26, 142, 1, '20041215 13:39:38.297', 0, '20041215 13:39:38.297', 0, 0)
INSERT INTO [dbo].[SecurityGroupPermissions] ([SecurityGroupID], [PermissionID], [Allowed], [CreatedDate], [CreatedUserID], [ModifiedDate], [ModifiedUserID], [Denied]) VALUES (26, 143, 1, '20041215 13:39:38.297', 0, '20041215 13:39:38.297', 0, 0)
INSERT INTO [dbo].[SecurityGroupPermissions] ([SecurityGroupID], [PermissionID], [Allowed], [CreatedDate], [CreatedUserID], [ModifiedDate], [ModifiedUserID], [Denied]) VALUES (26, 144, 1, '20041215 13:39:38.297', 0, '20041215 13:39:38.297', 0, 0)
INSERT INTO [dbo].[SecurityGroupPermissions] ([SecurityGroupID], [PermissionID], [Allowed], [CreatedDate], [CreatedUserID], [ModifiedDate], [ModifiedUserID], [Denied]) VALUES (26, 145, 1, '20041215 13:39:38.297', 0, '20041215 13:39:38.297', 0, 0)
INSERT INTO [dbo].[SecurityGroupPermissions] ([SecurityGroupID], [PermissionID], [Allowed], [CreatedDate], [CreatedUserID], [ModifiedDate], [ModifiedUserID], [Denied]) VALUES (26, 146, 1, '20041215 13:39:38.297', 0, '20041215 13:39:38.297', 0, 0)
INSERT INTO [dbo].[SecurityGroupPermissions] ([SecurityGroupID], [PermissionID], [Allowed], [CreatedDate], [CreatedUserID], [ModifiedDate], [ModifiedUserID], [Denied]) VALUES (26, 147, 1, '20041215 13:39:38.297', 0, '20041215 13:39:38.297', 0, 0)
INSERT INTO [dbo].[SecurityGroupPermissions] ([SecurityGroupID], [PermissionID], [Allowed], [CreatedDate], [CreatedUserID], [ModifiedDate], [ModifiedUserID], [Denied]) VALUES (26, 148, 1, '20041215 13:39:38.297', 0, '20041215 13:39:38.297', 0, 0)
INSERT INTO [dbo].[SecurityGroupPermissions] ([SecurityGroupID], [PermissionID], [Allowed], [CreatedDate], [CreatedUserID], [ModifiedDate], [ModifiedUserID], [Denied]) VALUES (26, 149, 1, '20041215 13:39:38.297', 0, '20041215 13:39:38.297', 0, 0)
INSERT INTO [dbo].[SecurityGroupPermissions] ([SecurityGroupID], [PermissionID], [Allowed], [CreatedDate], [CreatedUserID], [ModifiedDate], [ModifiedUserID], [Denied]) VALUES (26, 150, 1, '20041215 13:39:38.297', 0, '20041215 13:39:38.297', 0, 0)
INSERT INTO [dbo].[SecurityGroupPermissions] ([SecurityGroupID], [PermissionID], [Allowed], [CreatedDate], [CreatedUserID], [ModifiedDate], [ModifiedUserID], [Denied]) VALUES (26, 151, 1, '20041215 13:39:38.297', 0, '20041215 13:39:38.297', 0, 0)
INSERT INTO [dbo].[SecurityGroupPermissions] ([SecurityGroupID], [PermissionID], [Allowed], [CreatedDate], [CreatedUserID], [ModifiedDate], [ModifiedUserID], [Denied]) VALUES (26, 152, 1, '20041215 13:39:38.297', 0, '20041215 13:39:38.297', 0, 0)
INSERT INTO [dbo].[SecurityGroupPermissions] ([SecurityGroupID], [PermissionID], [Allowed], [CreatedDate], [CreatedUserID], [ModifiedDate], [ModifiedUserID], [Denied]) VALUES (26, 153, 1, '20041215 13:39:38.297', 0, '20041215 13:39:38.297', 0, 0)
INSERT INTO [dbo].[SecurityGroupPermissions] ([SecurityGroupID], [PermissionID], [Allowed], [CreatedDate], [CreatedUserID], [ModifiedDate], [ModifiedUserID], [Denied]) VALUES (26, 154, 1, '20041215 13:39:38.297', 0, '20041215 13:39:38.297', 0, 0)
INSERT INTO [dbo].[SecurityGroupPermissions] ([SecurityGroupID], [PermissionID], [Allowed], [CreatedDate], [CreatedUserID], [ModifiedDate], [ModifiedUserID], [Denied]) VALUES (26, 155, 1, '20041215 13:39:38.297', 0, '20041215 13:39:38.297', 0, 0)
INSERT INTO [dbo].[SecurityGroupPermissions] ([SecurityGroupID], [PermissionID], [Allowed], [CreatedDate], [CreatedUserID], [ModifiedDate], [ModifiedUserID], [Denied]) VALUES (26, 156, 1, '20041215 13:39:38.297', 0, '20041215 13:39:38.297', 0, 0)
INSERT INTO [dbo].[SecurityGroupPermissions] ([SecurityGroupID], [PermissionID], [Allowed], [CreatedDate], [CreatedUserID], [ModifiedDate], [ModifiedUserID], [Denied]) VALUES (26, 157, 1, '20041215 13:39:38.297', 0, '20041215 13:39:38.297', 0, 0)
INSERT INTO [dbo].[SecurityGroupPermissions] ([SecurityGroupID], [PermissionID], [Allowed], [CreatedDate], [CreatedUserID], [ModifiedDate], [ModifiedUserID], [Denied]) VALUES (26, 158, 1, '20041215 13:39:38.297', 0, '20041215 13:39:38.297', 0, 0)
INSERT INTO [dbo].[SecurityGroupPermissions] ([SecurityGroupID], [PermissionID], [Allowed], [CreatedDate], [CreatedUserID], [ModifiedDate], [ModifiedUserID], [Denied]) VALUES (26, 159, 1, '20041215 13:39:38.297', 0, '20041215 13:39:38.297', 0, 0)
INSERT INTO [dbo].[SecurityGroupPermissions] ([SecurityGroupID], [PermissionID], [Allowed], [CreatedDate], [CreatedUserID], [ModifiedDate], [ModifiedUserID], [Denied]) VALUES (26, 160, 1, '20041215 13:39:38.297', 0, '20041215 13:39:38.297', 0, 0)
INSERT INTO [dbo].[SecurityGroupPermissions] ([SecurityGroupID], [PermissionID], [Allowed], [CreatedDate], [CreatedUserID], [ModifiedDate], [ModifiedUserID], [Denied]) VALUES (26, 161, 1, '20041215 13:39:38.297', 0, '20041215 13:39:38.297', 0, 0)
INSERT INTO [dbo].[SecurityGroupPermissions] ([SecurityGroupID], [PermissionID], [Allowed], [CreatedDate], [CreatedUserID], [ModifiedDate], [ModifiedUserID], [Denied]) VALUES (26, 162, 1, '20041215 13:39:38.297', 0, '20041215 13:39:38.297', 0, 0)
INSERT INTO [dbo].[SecurityGroupPermissions] ([SecurityGroupID], [PermissionID], [Allowed], [CreatedDate], [CreatedUserID], [ModifiedDate], [ModifiedUserID], [Denied]) VALUES (26, 163, 1, '20041215 13:39:38.297', 0, '20041215 13:39:38.297', 0, 0)
INSERT INTO [dbo].[SecurityGroupPermissions] ([SecurityGroupID], [PermissionID], [Allowed], [CreatedDate], [CreatedUserID], [ModifiedDate], [ModifiedUserID], [Denied]) VALUES (26, 164, 1, '20041215 13:39:38.297', 0, '20041215 13:39:38.297', 0, 0)
INSERT INTO [dbo].[SecurityGroupPermissions] ([SecurityGroupID], [PermissionID], [Allowed], [CreatedDate], [CreatedUserID], [ModifiedDate], [ModifiedUserID], [Denied]) VALUES (26, 165, 1, '20041215 13:39:38.297', 0, '20041215 13:39:38.297', 0, 0)
INSERT INTO [dbo].[SecurityGroupPermissions] ([SecurityGroupID], [PermissionID], [Allowed], [CreatedDate], [CreatedUserID], [ModifiedDate], [ModifiedUserID], [Denied]) VALUES (26, 166, 1, '20041215 13:39:38.297', 0, '20041215 13:39:38.297', 0, 0)
INSERT INTO [dbo].[SecurityGroupPermissions] ([SecurityGroupID], [PermissionID], [Allowed], [CreatedDate], [CreatedUserID], [ModifiedDate], [ModifiedUserID], [Denied]) VALUES (26, 167, 1, '20041215 13:39:38.297', 0, '20041215 13:39:38.297', 0, 0)
INSERT INTO [dbo].[SecurityGroupPermissions] ([SecurityGroupID], [PermissionID], [Allowed], [CreatedDate], [CreatedUserID], [ModifiedDate], [ModifiedUserID], [Denied]) VALUES (26, 168, 1, '20041215 13:39:38.297', 0, '20041215 13:39:38.297', 0, 0)
INSERT INTO [dbo].[SecurityGroupPermissions] ([SecurityGroupID], [PermissionID], [Allowed], [CreatedDate], [CreatedUserID], [ModifiedDate], [ModifiedUserID], [Denied]) VALUES (26, 169, 1, '20041215 13:39:38.297', 0, '20041215 13:39:38.297', 0, 0)
INSERT INTO [dbo].[SecurityGroupPermissions] ([SecurityGroupID], [PermissionID], [Allowed], [CreatedDate], [CreatedUserID], [ModifiedDate], [ModifiedUserID], [Denied]) VALUES (26, 170, 1, '20041215 13:39:38.297', 0, '20041215 13:39:38.297', 0, 0)
INSERT INTO [dbo].[SecurityGroupPermissions] ([SecurityGroupID], [PermissionID], [Allowed], [CreatedDate], [CreatedUserID], [ModifiedDate], [ModifiedUserID], [Denied]) VALUES (26, 171, 1, '20041215 13:39:38.297', 0, '20041215 13:39:38.297', 0, 0)
INSERT INTO [dbo].[SecurityGroupPermissions] ([SecurityGroupID], [PermissionID], [Allowed], [CreatedDate], [CreatedUserID], [ModifiedDate], [ModifiedUserID], [Denied]) VALUES (26, 179, 1, '20041215 13:39:38.297', 0, '20041215 13:39:38.297', 0, 0)
INSERT INTO [dbo].[SecurityGroupPermissions] ([SecurityGroupID], [PermissionID], [Allowed], [CreatedDate], [CreatedUserID], [ModifiedDate], [ModifiedUserID], [Denied]) VALUES (26, 180, 1, '20041215 13:39:38.297', 0, '20041215 13:39:38.297', 0, 0)
INSERT INTO [dbo].[SecurityGroupPermissions] ([SecurityGroupID], [PermissionID], [Allowed], [CreatedDate], [CreatedUserID], [ModifiedDate], [ModifiedUserID], [Denied]) VALUES (26, 181, 1, '20041215 13:39:38.297', 0, '20041215 13:39:38.297', 0, 0)
INSERT INTO [dbo].[SecurityGroupPermissions] ([SecurityGroupID], [PermissionID], [Allowed], [CreatedDate], [CreatedUserID], [ModifiedDate], [ModifiedUserID], [Denied]) VALUES (26, 182, 1, '20041215 13:39:38.297', 0, '20041215 13:39:38.297', 0, 0)
INSERT INTO [dbo].[SecurityGroupPermissions] ([SecurityGroupID], [PermissionID], [Allowed], [CreatedDate], [CreatedUserID], [ModifiedDate], [ModifiedUserID], [Denied]) VALUES (26, 183, 1, '20041215 13:39:38.297', 0, '20041215 13:39:38.297', 0, 0)
INSERT INTO [dbo].[SecurityGroupPermissions] ([SecurityGroupID], [PermissionID], [Allowed], [CreatedDate], [CreatedUserID], [ModifiedDate], [ModifiedUserID], [Denied]) VALUES (26, 184, 1, '20041215 13:39:38.297', 0, '20041215 13:39:38.297', 0, 0)
INSERT INTO [dbo].[SecurityGroupPermissions] ([SecurityGroupID], [PermissionID], [Allowed], [CreatedDate], [CreatedUserID], [ModifiedDate], [ModifiedUserID], [Denied]) VALUES (26, 185, 1, '20041215 13:39:38.297', 0, '20041215 13:39:38.297', 0, 0)
INSERT INTO [dbo].[SecurityGroupPermissions] ([SecurityGroupID], [PermissionID], [Allowed], [CreatedDate], [CreatedUserID], [ModifiedDate], [ModifiedUserID], [Denied]) VALUES (26, 186, 1, '20041215 13:39:38.297', 0, '20041215 13:39:38.297', 0, 0)
INSERT INTO [dbo].[SecurityGroupPermissions] ([SecurityGroupID], [PermissionID], [Allowed], [CreatedDate], [CreatedUserID], [ModifiedDate], [ModifiedUserID], [Denied]) VALUES (26, 187, 1, '20041215 13:39:38.297', 0, '20041215 13:39:38.297', 0, 0)
INSERT INTO [dbo].[SecurityGroupPermissions] ([SecurityGroupID], [PermissionID], [Allowed], [CreatedDate], [CreatedUserID], [ModifiedDate], [ModifiedUserID], [Denied]) VALUES (26, 188, 1, '20041215 13:39:38.297', 0, '20041215 13:39:38.297', 0, 0)
INSERT INTO [dbo].[SecurityGroupPermissions] ([SecurityGroupID], [PermissionID], [Allowed], [CreatedDate], [CreatedUserID], [ModifiedDate], [ModifiedUserID], [Denied]) VALUES (26, 189, 1, '20041215 13:39:38.297', 0, '20041215 13:39:38.297', 0, 0)
INSERT INTO [dbo].[SecurityGroupPermissions] ([SecurityGroupID], [PermissionID], [Allowed], [CreatedDate], [CreatedUserID], [ModifiedDate], [ModifiedUserID], [Denied]) VALUES (26, 190, 1, '20041215 13:39:38.297', 0, '20041215 13:39:38.297', 0, 0)
INSERT INTO [dbo].[SecurityGroupPermissions] ([SecurityGroupID], [PermissionID], [Allowed], [CreatedDate], [CreatedUserID], [ModifiedDate], [ModifiedUserID], [Denied]) VALUES (26, 191, 1, '20041215 13:39:38.297', 0, '20041215 13:39:38.297', 0, 0)
INSERT INTO [dbo].[SecurityGroupPermissions] ([SecurityGroupID], [PermissionID], [Allowed], [CreatedDate], [CreatedUserID], [ModifiedDate], [ModifiedUserID], [Denied]) VALUES (26, 192, 1, '20041215 13:39:38.297', 0, '20041215 13:39:38.297', 0, 0)
INSERT INTO [dbo].[SecurityGroupPermissions] ([SecurityGroupID], [PermissionID], [Allowed], [CreatedDate], [CreatedUserID], [ModifiedDate], [ModifiedUserID], [Denied]) VALUES (26, 193, 1, '20041215 13:39:38.297', 0, '20041215 13:39:38.297', 0, 0)
INSERT INTO [dbo].[SecurityGroupPermissions] ([SecurityGroupID], [PermissionID], [Allowed], [CreatedDate], [CreatedUserID], [ModifiedDate], [ModifiedUserID], [Denied]) VALUES (26, 194, 1, '20041215 13:39:38.297', 0, '20041215 13:39:38.297', 0, 0)
INSERT INTO [dbo].[SecurityGroupPermissions] ([SecurityGroupID], [PermissionID], [Allowed], [CreatedDate], [CreatedUserID], [ModifiedDate], [ModifiedUserID], [Denied]) VALUES (26, 195, 1, '20041215 13:39:38.297', 0, '20041215 13:39:38.297', 0, 0)
INSERT INTO [dbo].[SecurityGroupPermissions] ([SecurityGroupID], [PermissionID], [Allowed], [CreatedDate], [CreatedUserID], [ModifiedDate], [ModifiedUserID], [Denied]) VALUES (26, 196, 1, '20041215 13:39:38.297', 0, '20041215 13:39:38.297', 0, 0)
INSERT INTO [dbo].[SecurityGroupPermissions] ([SecurityGroupID], [PermissionID], [Allowed], [CreatedDate], [CreatedUserID], [ModifiedDate], [ModifiedUserID], [Denied]) VALUES (26, 197, 1, '20041215 13:39:38.297', 0, '20041215 13:39:38.297', 0, 0)
INSERT INTO [dbo].[SecurityGroupPermissions] ([SecurityGroupID], [PermissionID], [Allowed], [CreatedDate], [CreatedUserID], [ModifiedDate], [ModifiedUserID], [Denied]) VALUES (26, 198, 1, '20041215 13:39:38.297', 0, '20041215 13:39:38.297', 0, 0)
INSERT INTO [dbo].[SecurityGroupPermissions] ([SecurityGroupID], [PermissionID], [Allowed], [CreatedDate], [CreatedUserID], [ModifiedDate], [ModifiedUserID], [Denied]) VALUES (26, 199, 1, '20041215 13:39:38.297', 0, '20041215 13:39:38.297', 0, 0)
INSERT INTO [dbo].[SecurityGroupPermissions] ([SecurityGroupID], [PermissionID], [Allowed], [CreatedDate], [CreatedUserID], [ModifiedDate], [ModifiedUserID], [Denied]) VALUES (26, 205, 1, '20041215 13:39:38.297', 0, '20041215 13:39:38.297', 0, 0)
INSERT INTO [dbo].[SecurityGroupPermissions] ([SecurityGroupID], [PermissionID], [Allowed], [CreatedDate], [CreatedUserID], [ModifiedDate], [ModifiedUserID], [Denied]) VALUES (26, 206, 1, '20041215 13:39:38.297', 0, '20041215 13:39:38.297', 0, 0)
INSERT INTO [dbo].[SecurityGroupPermissions] ([SecurityGroupID], [PermissionID], [Allowed], [CreatedDate], [CreatedUserID], [ModifiedDate], [ModifiedUserID], [Denied]) VALUES (26, 207, 1, '20041215 13:39:38.297', 0, '20041215 13:39:38.297', 0, 0)
INSERT INTO [dbo].[SecurityGroupPermissions] ([SecurityGroupID], [PermissionID], [Allowed], [CreatedDate], [CreatedUserID], [ModifiedDate], [ModifiedUserID], [Denied]) VALUES (26, 208, 1, '20041215 13:39:38.297', 0, '20041215 13:39:38.297', 0, 0)
INSERT INTO [dbo].[SecurityGroupPermissions] ([SecurityGroupID], [PermissionID], [Allowed], [CreatedDate], [CreatedUserID], [ModifiedDate], [ModifiedUserID], [Denied]) VALUES (26, 209, 1, '20041215 13:39:38.297', 0, '20041215 13:39:38.297', 0, 0)
INSERT INTO [dbo].[SecurityGroupPermissions] ([SecurityGroupID], [PermissionID], [Allowed], [CreatedDate], [CreatedUserID], [ModifiedDate], [ModifiedUserID], [Denied]) VALUES (26, 210, 1, '20041215 13:39:38.297', 0, '20041215 13:39:38.297', 0, 0)
INSERT INTO [dbo].[SecurityGroupPermissions] ([SecurityGroupID], [PermissionID], [Allowed], [CreatedDate], [CreatedUserID], [ModifiedDate], [ModifiedUserID], [Denied]) VALUES (26, 211, 1, '20041215 13:39:38.297', 0, '20041215 13:39:38.297', 0, 0)
INSERT INTO [dbo].[SecurityGroupPermissions] ([SecurityGroupID], [PermissionID], [Allowed], [CreatedDate], [CreatedUserID], [ModifiedDate], [ModifiedUserID], [Denied]) VALUES (26, 212, 1, '20041215 13:39:38.297', 0, '20041215 13:39:38.297', 0, 0)
INSERT INTO [dbo].[SecurityGroupPermissions] ([SecurityGroupID], [PermissionID], [Allowed], [CreatedDate], [CreatedUserID], [ModifiedDate], [ModifiedUserID], [Denied]) VALUES (26, 213, 1, '20041215 13:39:38.297', 0, '20041215 13:39:38.297', 0, 0)
INSERT INTO [dbo].[SecurityGroupPermissions] ([SecurityGroupID], [PermissionID], [Allowed], [CreatedDate], [CreatedUserID], [ModifiedDate], [ModifiedUserID], [Denied]) VALUES (26, 214, 1, '20041215 13:39:38.297', 0, '20041215 13:39:38.297', 0, 0)
INSERT INTO [dbo].[SecurityGroupPermissions] ([SecurityGroupID], [PermissionID], [Allowed], [CreatedDate], [CreatedUserID], [ModifiedDate], [ModifiedUserID], [Denied]) VALUES (26, 215, 1, '20041215 13:39:38.297', 0, '20041215 13:39:38.297', 0, 0)
INSERT INTO [dbo].[SecurityGroupPermissions] ([SecurityGroupID], [PermissionID], [Allowed], [CreatedDate], [CreatedUserID], [ModifiedDate], [ModifiedUserID], [Denied]) VALUES (26, 216, 1, '20041215 13:39:38.297', 0, '20041215 13:39:38.297', 0, 0)
INSERT INTO [dbo].[SecurityGroupPermissions] ([SecurityGroupID], [PermissionID], [Allowed], [CreatedDate], [CreatedUserID], [ModifiedDate], [ModifiedUserID], [Denied]) VALUES (26, 217, 1, '20041215 13:39:38.297', 0, '20041215 13:39:38.297', 0, 0)
INSERT INTO [dbo].[SecurityGroupPermissions] ([SecurityGroupID], [PermissionID], [Allowed], [CreatedDate], [CreatedUserID], [ModifiedDate], [ModifiedUserID], [Denied]) VALUES (26, 218, 1, '20041215 13:39:38.297', 0, '20041215 13:39:38.297', 0, 0)
INSERT INTO [dbo].[SecurityGroupPermissions] ([SecurityGroupID], [PermissionID], [Allowed], [CreatedDate], [CreatedUserID], [ModifiedDate], [ModifiedUserID], [Denied]) VALUES (26, 219, 1, '20041215 13:39:38.297', 0, '20041215 13:39:38.297', 0, 0)
INSERT INTO [dbo].[SecurityGroupPermissions] ([SecurityGroupID], [PermissionID], [Allowed], [CreatedDate], [CreatedUserID], [ModifiedDate], [ModifiedUserID], [Denied]) VALUES (26, 220, 1, '20041215 13:39:38.297', 0, '20041215 13:39:38.297', 0, 0)
INSERT INTO [dbo].[SecurityGroupPermissions] ([SecurityGroupID], [PermissionID], [Allowed], [CreatedDate], [CreatedUserID], [ModifiedDate], [ModifiedUserID], [Denied]) VALUES (26, 221, 1, '20041215 13:39:38.297', 0, '20041215 13:39:38.297', 0, 0)
INSERT INTO [dbo].[SecurityGroupPermissions] ([SecurityGroupID], [PermissionID], [Allowed], [CreatedDate], [CreatedUserID], [ModifiedDate], [ModifiedUserID], [Denied]) VALUES (26, 222, 1, '20041215 13:39:38.297', 0, '20041215 13:39:38.297', 0, 0)
INSERT INTO [dbo].[SecurityGroupPermissions] ([SecurityGroupID], [PermissionID], [Allowed], [CreatedDate], [CreatedUserID], [ModifiedDate], [ModifiedUserID], [Denied]) VALUES (26, 223, 1, '20041215 13:39:38.297', 0, '20041215 13:39:38.297', 0, 0)
INSERT INTO [dbo].[SecurityGroupPermissions] ([SecurityGroupID], [PermissionID], [Allowed], [CreatedDate], [CreatedUserID], [ModifiedDate], [ModifiedUserID], [Denied]) VALUES (26, 224, 1, '20041215 13:39:38.297', 0, '20041215 13:39:38.297', 0, 0)
INSERT INTO [dbo].[SecurityGroupPermissions] ([SecurityGroupID], [PermissionID], [Allowed], [CreatedDate], [CreatedUserID], [ModifiedDate], [ModifiedUserID], [Denied]) VALUES (26, 225, 1, '20041215 13:39:38.297', 0, '20041215 13:39:38.297', 0, 0)
INSERT INTO [dbo].[SecurityGroupPermissions] ([SecurityGroupID], [PermissionID], [Allowed], [CreatedDate], [CreatedUserID], [ModifiedDate], [ModifiedUserID], [Denied]) VALUES (26, 226, 1, '20041215 13:39:38.297', 0, '20041215 13:39:38.297', 0, 0)
INSERT INTO [dbo].[SecurityGroupPermissions] ([SecurityGroupID], [PermissionID], [Allowed], [CreatedDate], [CreatedUserID], [ModifiedDate], [ModifiedUserID], [Denied]) VALUES (26, 227, 1, '20041215 13:39:38.297', 0, '20041215 13:39:38.297', 0, 0)
INSERT INTO [dbo].[SecurityGroupPermissions] ([SecurityGroupID], [PermissionID], [Allowed], [CreatedDate], [CreatedUserID], [ModifiedDate], [ModifiedUserID], [Denied]) VALUES (26, 228, 1, '20041215 13:39:38.297', 0, '20041215 13:39:38.297', 0, 0)
INSERT INTO [dbo].[SecurityGroupPermissions] ([SecurityGroupID], [PermissionID], [Allowed], [CreatedDate], [CreatedUserID], [ModifiedDate], [ModifiedUserID], [Denied]) VALUES (26, 229, 1, '20041215 13:39:38.297', 0, '20041215 13:39:38.297', 0, 0)
INSERT INTO [dbo].[SecurityGroupPermissions] ([SecurityGroupID], [PermissionID], [Allowed], [CreatedDate], [CreatedUserID], [ModifiedDate], [ModifiedUserID], [Denied]) VALUES (26, 230, 1, '20041215 13:39:38.297', 0, '20041215 13:39:38.297', 0, 0)
INSERT INTO [dbo].[SecurityGroupPermissions] ([SecurityGroupID], [PermissionID], [Allowed], [CreatedDate], [CreatedUserID], [ModifiedDate], [ModifiedUserID], [Denied]) VALUES (26, 231, 1, '20041215 13:39:38.297', 0, '20041215 13:39:38.297', 0, 0)
INSERT INTO [dbo].[SecurityGroupPermissions] ([SecurityGroupID], [PermissionID], [Allowed], [CreatedDate], [CreatedUserID], [ModifiedDate], [ModifiedUserID], [Denied]) VALUES (26, 232, 1, '20041215 13:39:38.297', 0, '20041215 13:39:38.297', 0, 0)
INSERT INTO [dbo].[SecurityGroupPermissions] ([SecurityGroupID], [PermissionID], [Allowed], [CreatedDate], [CreatedUserID], [ModifiedDate], [ModifiedUserID], [Denied]) VALUES (26, 233, 1, '20041215 13:39:38.297', 0, '20041215 13:39:38.297', 0, 0)
INSERT INTO [dbo].[SecurityGroupPermissions] ([SecurityGroupID], [PermissionID], [Allowed], [CreatedDate], [CreatedUserID], [ModifiedDate], [ModifiedUserID], [Denied]) VALUES (26, 234, 1, '20041215 13:39:38.297', 0, '20041215 13:39:38.297', 0, 0)
INSERT INTO [dbo].[SecurityGroupPermissions] ([SecurityGroupID], [PermissionID], [Allowed], [CreatedDate], [CreatedUserID], [ModifiedDate], [ModifiedUserID], [Denied]) VALUES (26, 235, 1, '20041215 13:39:38.297', 0, '20041215 13:39:38.297', 0, 0)
INSERT INTO [dbo].[SecurityGroupPermissions] ([SecurityGroupID], [PermissionID], [Allowed], [CreatedDate], [CreatedUserID], [ModifiedDate], [ModifiedUserID], [Denied]) VALUES (26, 236, 1, '20041215 13:39:38.297', 0, '20041215 13:39:38.297', 0, 0)
INSERT INTO [dbo].[SecurityGroupPermissions] ([SecurityGroupID], [PermissionID], [Allowed], [CreatedDate], [CreatedUserID], [ModifiedDate], [ModifiedUserID], [Denied]) VALUES (26, 237, 1, '20041215 13:39:38.297', 0, '20041215 13:39:38.297', 0, 0)
INSERT INTO [dbo].[SecurityGroupPermissions] ([SecurityGroupID], [PermissionID], [Allowed], [CreatedDate], [CreatedUserID], [ModifiedDate], [ModifiedUserID], [Denied]) VALUES (26, 238, 1, '20041215 13:39:38.297', 0, '20041215 13:39:38.297', 0, 0)
INSERT INTO [dbo].[SecurityGroupPermissions] ([SecurityGroupID], [PermissionID], [Allowed], [CreatedDate], [CreatedUserID], [ModifiedDate], [ModifiedUserID], [Denied]) VALUES (26, 239, 1, '20041215 13:39:38.297', 0, '20041215 13:39:38.297', 0, 0)
INSERT INTO [dbo].[SecurityGroupPermissions] ([SecurityGroupID], [PermissionID], [Allowed], [CreatedDate], [CreatedUserID], [ModifiedDate], [ModifiedUserID], [Denied]) VALUES (26, 240, 1, '20041215 13:39:38.297', 0, '20041215 13:39:38.297', 0, 0)
INSERT INTO [dbo].[SecurityGroupPermissions] ([SecurityGroupID], [PermissionID], [Allowed], [CreatedDate], [CreatedUserID], [ModifiedDate], [ModifiedUserID], [Denied]) VALUES (26, 241, 1, '20041215 13:39:38.297', 0, '20041215 13:39:38.297', 0, 0)
INSERT INTO [dbo].[SecurityGroupPermissions] ([SecurityGroupID], [PermissionID], [Allowed], [CreatedDate], [CreatedUserID], [ModifiedDate], [ModifiedUserID], [Denied]) VALUES (26, 242, 1, '20041215 13:39:38.297', 0, '20041215 13:39:38.297', 0, 0)
INSERT INTO [dbo].[SecurityGroupPermissions] ([SecurityGroupID], [PermissionID], [Allowed], [CreatedDate], [CreatedUserID], [ModifiedDate], [ModifiedUserID], [Denied]) VALUES (26, 243, 1, '20041215 13:39:38.297', 0, '20041215 13:39:38.297', 0, 0)
INSERT INTO [dbo].[SecurityGroupPermissions] ([SecurityGroupID], [PermissionID], [Allowed], [CreatedDate], [CreatedUserID], [ModifiedDate], [ModifiedUserID], [Denied]) VALUES (26, 244, 1, '20041215 13:39:38.297', 0, '20041215 13:39:38.297', 0, 0)
INSERT INTO [dbo].[SecurityGroupPermissions] ([SecurityGroupID], [PermissionID], [Allowed], [CreatedDate], [CreatedUserID], [ModifiedDate], [ModifiedUserID], [Denied]) VALUES (26, 245, 1, '20041215 13:39:38.297', 0, '20041215 13:39:38.297', 0, 0)
INSERT INTO [dbo].[SecurityGroupPermissions] ([SecurityGroupID], [PermissionID], [Allowed], [CreatedDate], [CreatedUserID], [ModifiedDate], [ModifiedUserID], [Denied]) VALUES (26, 246, 1, '20041215 13:39:38.297', 0, '20041215 13:39:38.297', 0, 0)
INSERT INTO [dbo].[SecurityGroupPermissions] ([SecurityGroupID], [PermissionID], [Allowed], [CreatedDate], [CreatedUserID], [ModifiedDate], [ModifiedUserID], [Denied]) VALUES (26, 247, 1, '20041215 13:39:38.297', 0, '20041215 13:39:38.297', 0, 0)
INSERT INTO [dbo].[SecurityGroupPermissions] ([SecurityGroupID], [PermissionID], [Allowed], [CreatedDate], [CreatedUserID], [ModifiedDate], [ModifiedUserID], [Denied]) VALUES (26, 248, 1, '20041215 13:39:38.297', 0, '20041215 13:39:38.297', 0, 0)
INSERT INTO [dbo].[SecurityGroupPermissions] ([SecurityGroupID], [PermissionID], [Allowed], [CreatedDate], [CreatedUserID], [ModifiedDate], [ModifiedUserID], [Denied]) VALUES (26, 249, 1, '20041215 13:39:38.297', 0, '20041215 13:39:38.297', 0, 0)
INSERT INTO [dbo].[SecurityGroupPermissions] ([SecurityGroupID], [PermissionID], [Allowed], [CreatedDate], [CreatedUserID], [ModifiedDate], [ModifiedUserID], [Denied]) VALUES (26, 250, 1, '20041215 13:39:38.297', 0, '20041215 13:39:38.297', 0, 0)
INSERT INTO [dbo].[SecurityGroupPermissions] ([SecurityGroupID], [PermissionID], [Allowed], [CreatedDate], [CreatedUserID], [ModifiedDate], [ModifiedUserID], [Denied]) VALUES (26, 251, 1, '20041215 13:39:38.297', 0, '20041215 13:39:38.297', 0, 0)
INSERT INTO [dbo].[SecurityGroupPermissions] ([SecurityGroupID], [PermissionID], [Allowed], [CreatedDate], [CreatedUserID], [ModifiedDate], [ModifiedUserID], [Denied]) VALUES (26, 252, 1, '20041215 13:39:38.297', 0, '20041215 13:39:38.297', 0, 0)
INSERT INTO [dbo].[SecurityGroupPermissions] ([SecurityGroupID], [PermissionID], [Allowed], [CreatedDate], [CreatedUserID], [ModifiedDate], [ModifiedUserID], [Denied]) VALUES (26, 253, 1, '20041215 13:39:38.297', 0, '20041215 13:39:38.297', 0, 0)
INSERT INTO [dbo].[SecurityGroupPermissions] ([SecurityGroupID], [PermissionID], [Allowed], [CreatedDate], [CreatedUserID], [ModifiedDate], [ModifiedUserID], [Denied]) VALUES (26, 254, 1, '20041215 13:39:38.297', 0, '20041215 13:39:38.297', 0, 0)
INSERT INTO [dbo].[SecurityGroupPermissions] ([SecurityGroupID], [PermissionID], [Allowed], [CreatedDate], [CreatedUserID], [ModifiedDate], [ModifiedUserID], [Denied]) VALUES (26, 255, 1, '20041215 13:39:38.297', 0, '20041215 13:39:38.297', 0, 0)
INSERT INTO [dbo].[SecurityGroupPermissions] ([SecurityGroupID], [PermissionID], [Allowed], [CreatedDate], [CreatedUserID], [ModifiedDate], [ModifiedUserID], [Denied]) VALUES (26, 256, 1, '20041215 13:39:38.297', 0, '20041215 13:39:38.297', 0, 0)
INSERT INTO [dbo].[SecurityGroupPermissions] ([SecurityGroupID], [PermissionID], [Allowed], [CreatedDate], [CreatedUserID], [ModifiedDate], [ModifiedUserID], [Denied]) VALUES (26, 257, 1, '20041215 13:39:38.297', 0, '20041215 13:39:38.297', 0, 0)
INSERT INTO [dbo].[SecurityGroupPermissions] ([SecurityGroupID], [PermissionID], [Allowed], [CreatedDate], [CreatedUserID], [ModifiedDate], [ModifiedUserID], [Denied]) VALUES (26, 258, 1, '20041215 13:39:38.297', 0, '20041215 13:39:38.297', 0, 0)
INSERT INTO [dbo].[SecurityGroupPermissions] ([SecurityGroupID], [PermissionID], [Allowed], [CreatedDate], [CreatedUserID], [ModifiedDate], [ModifiedUserID], [Denied]) VALUES (26, 259, 1, '20041215 13:39:38.297', 0, '20041215 13:39:38.297', 0, 0)
INSERT INTO [dbo].[SecurityGroupPermissions] ([SecurityGroupID], [PermissionID], [Allowed], [CreatedDate], [CreatedUserID], [ModifiedDate], [ModifiedUserID], [Denied]) VALUES (26, 260, 1, '20041215 13:39:38.297', 0, '20041215 13:39:38.297', 0, 0)
INSERT INTO [dbo].[SecurityGroupPermissions] ([SecurityGroupID], [PermissionID], [Allowed], [CreatedDate], [CreatedUserID], [ModifiedDate], [ModifiedUserID], [Denied]) VALUES (26, 261, 1, '20041215 13:39:38.297', 0, '20041215 13:39:38.297', 0, 0)
INSERT INTO [dbo].[SecurityGroupPermissions] ([SecurityGroupID], [PermissionID], [Allowed], [CreatedDate], [CreatedUserID], [ModifiedDate], [ModifiedUserID], [Denied]) VALUES (26, 262, 1, '20041215 13:39:38.297', 0, '20041215 13:39:38.297', 0, 0)
INSERT INTO [dbo].[SecurityGroupPermissions] ([SecurityGroupID], [PermissionID], [Allowed], [CreatedDate], [CreatedUserID], [ModifiedDate], [ModifiedUserID], [Denied]) VALUES (26, 263, 1, '20041215 13:39:38.297', 0, '20041215 13:39:38.297', 0, 0)
INSERT INTO [dbo].[SecurityGroupPermissions] ([SecurityGroupID], [PermissionID], [Allowed], [CreatedDate], [CreatedUserID], [ModifiedDate], [ModifiedUserID], [Denied]) VALUES (26, 264, 1, '20041215 13:39:38.297', 0, '20041215 13:39:38.297', 0, 0)
INSERT INTO [dbo].[SecurityGroupPermissions] ([SecurityGroupID], [PermissionID], [Allowed], [CreatedDate], [CreatedUserID], [ModifiedDate], [ModifiedUserID], [Denied]) VALUES (26, 265, 1, '20041215 13:39:38.297', 0, '20041215 13:39:38.297', 0, 0)
INSERT INTO [dbo].[SecurityGroupPermissions] ([SecurityGroupID], [PermissionID], [Allowed], [CreatedDate], [CreatedUserID], [ModifiedDate], [ModifiedUserID], [Denied]) VALUES (26, 266, 1, '20041215 13:39:38.297', 0, '20041215 13:39:38.297', 0, 0)
INSERT INTO [dbo].[SecurityGroupPermissions] ([SecurityGroupID], [PermissionID], [Allowed], [CreatedDate], [CreatedUserID], [ModifiedDate], [ModifiedUserID], [Denied]) VALUES (26, 267, 1, '20041215 13:39:38.297', 0, '20041215 13:39:38.297', 0, 0)
INSERT INTO [dbo].[SecurityGroupPermissions] ([SecurityGroupID], [PermissionID], [Allowed], [CreatedDate], [CreatedUserID], [ModifiedDate], [ModifiedUserID], [Denied]) VALUES (26, 268, 1, '20041215 13:39:38.297', 0, '20041215 13:39:38.297', 0, 0)
INSERT INTO [dbo].[SecurityGroupPermissions] ([SecurityGroupID], [PermissionID], [Allowed], [CreatedDate], [CreatedUserID], [ModifiedDate], [ModifiedUserID], [Denied]) VALUES (26, 269, 1, '20041215 13:39:38.297', 0, '20041215 13:39:38.297', 0, 0)
INSERT INTO [dbo].[SecurityGroupPermissions] ([SecurityGroupID], [PermissionID], [Allowed], [CreatedDate], [CreatedUserID], [ModifiedDate], [ModifiedUserID], [Denied]) VALUES (26, 270, 1, '20041215 13:39:38.297', 0, '20041215 13:39:38.297', 0, 0)
INSERT INTO [dbo].[SecurityGroupPermissions] ([SecurityGroupID], [PermissionID], [Allowed], [CreatedDate], [CreatedUserID], [ModifiedDate], [ModifiedUserID], [Denied]) VALUES (26, 271, 1, '20041215 13:39:38.297', 0, '20041215 13:39:38.297', 0, 0)
INSERT INTO [dbo].[SecurityGroupPermissions] ([SecurityGroupID], [PermissionID], [Allowed], [CreatedDate], [CreatedUserID], [ModifiedDate], [ModifiedUserID], [Denied]) VALUES (26, 272, 1, '20041215 13:39:38.297', 0, '20041215 13:39:38.297', 0, 0)
INSERT INTO [dbo].[SecurityGroupPermissions] ([SecurityGroupID], [PermissionID], [Allowed], [CreatedDate], [CreatedUserID], [ModifiedDate], [ModifiedUserID], [Denied]) VALUES (26, 273, 1, '20041215 13:39:38.297', 0, '20041215 13:39:38.297', 0, 0)
INSERT INTO [dbo].[SecurityGroupPermissions] ([SecurityGroupID], [PermissionID], [Allowed], [CreatedDate], [CreatedUserID], [ModifiedDate], [ModifiedUserID], [Denied]) VALUES (26, 274, 1, '20041215 13:39:38.297', 0, '20041215 13:39:38.297', 0, 0)
INSERT INTO [dbo].[SecurityGroupPermissions] ([SecurityGroupID], [PermissionID], [Allowed], [CreatedDate], [CreatedUserID], [ModifiedDate], [ModifiedUserID], [Denied]) VALUES (26, 275, 1, '20041215 13:39:38.297', 0, '20041215 13:39:38.297', 0, 0)
INSERT INTO [dbo].[SecurityGroupPermissions] ([SecurityGroupID], [PermissionID], [Allowed], [CreatedDate], [CreatedUserID], [ModifiedDate], [ModifiedUserID], [Denied]) VALUES (26, 276, 1, '20041215 13:39:38.297', 0, '20041215 13:39:38.297', 0, 0)
INSERT INTO [dbo].[SecurityGroupPermissions] ([SecurityGroupID], [PermissionID], [Allowed], [CreatedDate], [CreatedUserID], [ModifiedDate], [ModifiedUserID], [Denied]) VALUES (26, 277, 1, '20041215 13:39:38.297', 0, '20041215 13:39:38.297', 0, 0)
INSERT INTO [dbo].[SecurityGroupPermissions] ([SecurityGroupID], [PermissionID], [Allowed], [CreatedDate], [CreatedUserID], [ModifiedDate], [ModifiedUserID], [Denied]) VALUES (26, 278, 1, '20041215 13:39:38.297', 0, '20041215 13:39:38.297', 0, 0)
INSERT INTO [dbo].[SecurityGroupPermissions] ([SecurityGroupID], [PermissionID], [Allowed], [CreatedDate], [CreatedUserID], [ModifiedDate], [ModifiedUserID], [Denied]) VALUES (26, 279, 1, '20041215 13:39:38.297', 0, '20041215 13:39:38.297', 0, 0)
INSERT INTO [dbo].[SecurityGroupPermissions] ([SecurityGroupID], [PermissionID], [Allowed], [CreatedDate], [CreatedUserID], [ModifiedDate], [ModifiedUserID], [Denied]) VALUES (26, 280, 1, '20041215 13:39:38.297', 0, '20041215 13:39:38.297', 0, 0)
INSERT INTO [dbo].[SecurityGroupPermissions] ([SecurityGroupID], [PermissionID], [Allowed], [CreatedDate], [CreatedUserID], [ModifiedDate], [ModifiedUserID], [Denied]) VALUES (26, 281, 1, '20041215 13:39:38.297', 0, '20041215 13:39:38.297', 0, 0)
INSERT INTO [dbo].[SecurityGroupPermissions] ([SecurityGroupID], [PermissionID], [Allowed], [CreatedDate], [CreatedUserID], [ModifiedDate], [ModifiedUserID], [Denied]) VALUES (26, 282, 1, '20041215 13:39:38.297', 0, '20041215 13:39:38.297', 0, 0)
INSERT INTO [dbo].[SecurityGroupPermissions] ([SecurityGroupID], [PermissionID], [Allowed], [CreatedDate], [CreatedUserID], [ModifiedDate], [ModifiedUserID], [Denied]) VALUES (26, 283, 1, '20041215 13:39:38.297', 0, '20041215 13:39:38.297', 0, 0)
INSERT INTO [dbo].[SecurityGroupPermissions] ([SecurityGroupID], [PermissionID], [Allowed], [CreatedDate], [CreatedUserID], [ModifiedDate], [ModifiedUserID], [Denied]) VALUES (26, 284, 1, '20041215 13:39:38.297', 0, '20041215 13:39:38.297', 0, 0)
INSERT INTO [dbo].[SecurityGroupPermissions] ([SecurityGroupID], [PermissionID], [Allowed], [CreatedDate], [CreatedUserID], [ModifiedDate], [ModifiedUserID], [Denied]) VALUES (26, 285, 1, '20041215 13:39:38.297', 0, '20041215 13:39:38.297', 0, 0)
INSERT INTO [dbo].[SecurityGroupPermissions] ([SecurityGroupID], [PermissionID], [Allowed], [CreatedDate], [CreatedUserID], [ModifiedDate], [ModifiedUserID], [Denied]) VALUES (26, 286, 1, '20041215 13:39:38.297', 0, '20041215 13:39:38.297', 0, 0)
INSERT INTO [dbo].[SecurityGroupPermissions] ([SecurityGroupID], [PermissionID], [Allowed], [CreatedDate], [CreatedUserID], [ModifiedDate], [ModifiedUserID], [Denied]) VALUES (26, 287, 1, '20041215 13:39:38.297', 0, '20041215 13:39:38.297', 0, 0)
INSERT INTO [dbo].[SecurityGroupPermissions] ([SecurityGroupID], [PermissionID], [Allowed], [CreatedDate], [CreatedUserID], [ModifiedDate], [ModifiedUserID], [Denied]) VALUES (26, 288, 1, '20041215 13:39:38.297', 0, '20041215 13:39:38.297', 0, 0)
INSERT INTO [dbo].[SecurityGroupPermissions] ([SecurityGroupID], [PermissionID], [Allowed], [CreatedDate], [CreatedUserID], [ModifiedDate], [ModifiedUserID], [Denied]) VALUES (26, 289, 1, '20041215 13:39:38.297', 0, '20041215 13:39:38.297', 0, 0)
INSERT INTO [dbo].[SecurityGroupPermissions] ([SecurityGroupID], [PermissionID], [Allowed], [CreatedDate], [CreatedUserID], [ModifiedDate], [ModifiedUserID], [Denied]) VALUES (26, 290, 1, '20041215 13:39:38.297', 0, '20041215 13:39:38.297', 0, 0)
INSERT INTO [dbo].[SecurityGroupPermissions] ([SecurityGroupID], [PermissionID], [Allowed], [CreatedDate], [CreatedUserID], [ModifiedDate], [ModifiedUserID], [Denied]) VALUES (26, 291, 1, '20041215 13:39:38.297', 0, '20041215 13:39:38.297', 0, 0)
INSERT INTO [dbo].[SecurityGroupPermissions] ([SecurityGroupID], [PermissionID], [Allowed], [CreatedDate], [CreatedUserID], [ModifiedDate], [ModifiedUserID], [Denied]) VALUES (26, 292, 1, '20041215 13:39:38.297', 0, '20041215 13:39:38.297', 0, 0)
INSERT INTO [dbo].[SecurityGroupPermissions] ([SecurityGroupID], [PermissionID], [Allowed], [CreatedDate], [CreatedUserID], [ModifiedDate], [ModifiedUserID], [Denied]) VALUES (26, 293, 1, '20041215 13:39:38.297', 0, '20041215 13:39:38.297', 0, 0)
INSERT INTO [dbo].[SecurityGroupPermissions] ([SecurityGroupID], [PermissionID], [Allowed], [CreatedDate], [CreatedUserID], [ModifiedDate], [ModifiedUserID], [Denied]) VALUES (26, 294, 1, '20041215 13:39:38.297', 0, '20041215 13:39:38.297', 0, 0)
INSERT INTO [dbo].[SecurityGroupPermissions] ([SecurityGroupID], [PermissionID], [Allowed], [CreatedDate], [CreatedUserID], [ModifiedDate], [ModifiedUserID], [Denied]) VALUES (26, 295, 1, '20041215 13:39:38.297', 0, '20041215 13:39:38.297', 0, 0)
INSERT INTO [dbo].[SecurityGroupPermissions] ([SecurityGroupID], [PermissionID], [Allowed], [CreatedDate], [CreatedUserID], [ModifiedDate], [ModifiedUserID], [Denied]) VALUES (26, 296, 1, '20041215 13:39:38.297', 0, '20041215 13:39:38.297', 0, 0)
INSERT INTO [dbo].[SecurityGroupPermissions] ([SecurityGroupID], [PermissionID], [Allowed], [CreatedDate], [CreatedUserID], [ModifiedDate], [ModifiedUserID], [Denied]) VALUES (26, 297, 1, '20041215 13:39:38.297', 0, '20041215 13:39:38.297', 0, 0)
INSERT INTO [dbo].[SecurityGroupPermissions] ([SecurityGroupID], [PermissionID], [Allowed], [CreatedDate], [CreatedUserID], [ModifiedDate], [ModifiedUserID], [Denied]) VALUES (26, 298, 1, '20041215 13:39:38.297', 0, '20041215 13:39:38.297', 0, 0)
INSERT INTO [dbo].[SecurityGroupPermissions] ([SecurityGroupID], [PermissionID], [Allowed], [CreatedDate], [CreatedUserID], [ModifiedDate], [ModifiedUserID], [Denied]) VALUES (26, 299, 1, '20041215 13:39:38.297', 0, '20041215 13:39:38.297', 0, 0)
INSERT INTO [dbo].[SecurityGroupPermissions] ([SecurityGroupID], [PermissionID], [Allowed], [CreatedDate], [CreatedUserID], [ModifiedDate], [ModifiedUserID], [Denied]) VALUES (26, 302, 1, '20041215 13:39:38.297', 0, '20041215 13:39:38.297', 0, 0)
INSERT INTO [dbo].[SecurityGroupPermissions] ([SecurityGroupID], [PermissionID], [Allowed], [CreatedDate], [CreatedUserID], [ModifiedDate], [ModifiedUserID], [Denied]) VALUES (26, 303, 1, '20041215 13:39:38.297', 0, '20041215 13:39:38.297', 0, 0)
INSERT INTO [dbo].[SecurityGroupPermissions] ([SecurityGroupID], [PermissionID], [Allowed], [CreatedDate], [CreatedUserID], [ModifiedDate], [ModifiedUserID], [Denied]) VALUES (26, 304, 1, '20041215 13:39:38.297', 0, '20041215 13:39:38.297', 0, 0)
INSERT INTO [dbo].[SecurityGroupPermissions] ([SecurityGroupID], [PermissionID], [Allowed], [CreatedDate], [CreatedUserID], [ModifiedDate], [ModifiedUserID], [Denied]) VALUES (26, 305, 1, '20041215 13:39:38.297', 0, '20041215 13:39:38.297', 0, 0)
INSERT INTO [dbo].[SecurityGroupPermissions] ([SecurityGroupID], [PermissionID], [Allowed], [CreatedDate], [CreatedUserID], [ModifiedDate], [ModifiedUserID], [Denied]) VALUES (26, 306, 1, '20041215 13:39:38.297', 0, '20041215 13:39:38.297', 0, 0)
INSERT INTO [dbo].[SecurityGroupPermissions] ([SecurityGroupID], [PermissionID], [Allowed], [CreatedDate], [CreatedUserID], [ModifiedDate], [ModifiedUserID], [Denied]) VALUES (26, 307, 1, '20041215 13:39:38.297', 0, '20041215 13:39:38.297', 0, 0)
INSERT INTO [dbo].[SecurityGroupPermissions] ([SecurityGroupID], [PermissionID], [Allowed], [CreatedDate], [CreatedUserID], [ModifiedDate], [ModifiedUserID], [Denied]) VALUES (26, 308, 1, '20041215 13:39:38.297', 0, '20041215 13:39:38.297', 0, 0)
INSERT INTO [dbo].[SecurityGroupPermissions] ([SecurityGroupID], [PermissionID], [Allowed], [CreatedDate], [CreatedUserID], [ModifiedDate], [ModifiedUserID], [Denied]) VALUES (26, 309, 1, '20041215 13:39:38.297', 0, '20041215 13:39:38.297', 0, 0)
INSERT INTO [dbo].[SecurityGroupPermissions] ([SecurityGroupID], [PermissionID], [Allowed], [CreatedDate], [CreatedUserID], [ModifiedDate], [ModifiedUserID], [Denied]) VALUES (26, 310, 1, '20041215 13:39:38.297', 0, '20041215 13:39:38.297', 0, 0)
INSERT INTO [dbo].[SecurityGroupPermissions] ([SecurityGroupID], [PermissionID], [Allowed], [CreatedDate], [CreatedUserID], [ModifiedDate], [ModifiedUserID], [Denied]) VALUES (26, 311, 1, '20041215 13:39:38.297', 0, '20041215 13:39:38.297', 0, 0)
INSERT INTO [dbo].[SecurityGroupPermissions] ([SecurityGroupID], [PermissionID], [Allowed], [CreatedDate], [CreatedUserID], [ModifiedDate], [ModifiedUserID], [Denied]) VALUES (26, 312, 1, '20041215 13:39:38.297', 0, '20041215 13:39:38.297', 0, 0)
INSERT INTO [dbo].[SecurityGroupPermissions] ([SecurityGroupID], [PermissionID], [Allowed], [CreatedDate], [CreatedUserID], [ModifiedDate], [ModifiedUserID], [Denied]) VALUES (26, 313, 1, '20041215 13:39:38.297', 0, '20041215 13:39:38.297', 0, 0)
INSERT INTO [dbo].[SecurityGroupPermissions] ([SecurityGroupID], [PermissionID], [Allowed], [CreatedDate], [CreatedUserID], [ModifiedDate], [ModifiedUserID], [Denied]) VALUES (26, 314, 1, '20041215 13:39:38.297', 0, '20041215 13:39:38.297', 0, 0)
INSERT INTO [dbo].[SecurityGroupPermissions] ([SecurityGroupID], [PermissionID], [Allowed], [CreatedDate], [CreatedUserID], [ModifiedDate], [ModifiedUserID], [Denied]) VALUES (26, 315, 1, '20041215 13:39:38.297', 0, '20041215 13:39:38.297', 0, 0)
INSERT INTO [dbo].[SecurityGroupPermissions] ([SecurityGroupID], [PermissionID], [Allowed], [CreatedDate], [CreatedUserID], [ModifiedDate], [ModifiedUserID], [Denied]) VALUES (26, 316, 1, '20041215 13:39:38.297', 0, '20041215 13:39:38.297', 0, 0)
INSERT INTO [dbo].[SecurityGroupPermissions] ([SecurityGroupID], [PermissionID], [Allowed], [CreatedDate], [CreatedUserID], [ModifiedDate], [ModifiedUserID], [Denied]) VALUES (26, 317, 1, '20041215 13:39:38.297', 0, '20041215 13:39:38.297', 0, 0)
INSERT INTO [dbo].[SecurityGroupPermissions] ([SecurityGroupID], [PermissionID], [Allowed], [CreatedDate], [CreatedUserID], [ModifiedDate], [ModifiedUserID], [Denied]) VALUES (26, 318, 1, '20041215 13:39:38.297', 0, '20041215 13:39:38.297', 0, 0)
INSERT INTO [dbo].[SecurityGroupPermissions] ([SecurityGroupID], [PermissionID], [Allowed], [CreatedDate], [CreatedUserID], [ModifiedDate], [ModifiedUserID], [Denied]) VALUES (26, 321, 1, '20041215 13:39:38.297', 0, '20041215 13:39:38.297', 0, 0)
INSERT INTO [dbo].[SecurityGroupPermissions] ([SecurityGroupID], [PermissionID], [Allowed], [CreatedDate], [CreatedUserID], [ModifiedDate], [ModifiedUserID], [Denied]) VALUES (26, 322, 1, '20041215 13:39:38.297', 0, '20041215 13:39:38.297', 0, 0)
INSERT INTO [dbo].[SecurityGroupPermissions] ([SecurityGroupID], [PermissionID], [Allowed], [CreatedDate], [CreatedUserID], [ModifiedDate], [ModifiedUserID], [Denied]) VALUES (26, 323, 1, '20041215 13:39:38.297', 0, '20041215 13:39:38.297', 0, 0)
INSERT INTO [dbo].[SecurityGroupPermissions] ([SecurityGroupID], [PermissionID], [Allowed], [CreatedDate], [CreatedUserID], [ModifiedDate], [ModifiedUserID], [Denied]) VALUES (26, 324, 1, '20041215 13:39:38.297', 0, '20041215 13:39:38.297', 0, 0)
INSERT INTO [dbo].[SecurityGroupPermissions] ([SecurityGroupID], [PermissionID], [Allowed], [CreatedDate], [CreatedUserID], [ModifiedDate], [ModifiedUserID], [Denied]) VALUES (26, 326, 1, '20041215 13:39:38.297', 0, '20041215 13:39:38.297', 0, 0)
INSERT INTO [dbo].[SecurityGroupPermissions] ([SecurityGroupID], [PermissionID], [Allowed], [CreatedDate], [CreatedUserID], [ModifiedDate], [ModifiedUserID], [Denied]) VALUES (26, 327, 1, '20041215 13:39:38.297', 0, '20041215 13:39:38.297', 0, 0)
INSERT INTO [dbo].[SecurityGroupPermissions] ([SecurityGroupID], [PermissionID], [Allowed], [CreatedDate], [CreatedUserID], [ModifiedDate], [ModifiedUserID], [Denied]) VALUES (26, 328, 1, '20041215 13:39:38.297', 0, '20041215 13:39:38.297', 0, 0)
INSERT INTO [dbo].[SecurityGroupPermissions] ([SecurityGroupID], [PermissionID], [Allowed], [CreatedDate], [CreatedUserID], [ModifiedDate], [ModifiedUserID], [Denied]) VALUES (26, 329, 1, '20041215 13:39:38.297', 0, '20041215 13:39:38.297', 0, 0)
INSERT INTO [dbo].[SecurityGroupPermissions] ([SecurityGroupID], [PermissionID], [Allowed], [CreatedDate], [CreatedUserID], [ModifiedDate], [ModifiedUserID], [Denied]) VALUES (26, 330, 1, '20041215 13:39:38.297', 0, '20041215 13:39:38.297', 0, 0)


--
INSERT INTO [dbo].[CustomerUsers] (
	[CustomerID],
	[UserID])
SELECT 1,
	UserID
FROM dbo.Users U
WHERE U.UserID NOT IN (SELECT UserID FROM CustomerUsers WHERE CustomerID = 1)


---COMMIT
