--select *
--from WebServiceData
--
--select *
--from dbo.WebServiceDataField
--
--select *
--from dbo.WebServiceDataParameter

DELETE WebServiceData
WHERE WebServiceDataId IN (7,8)

DELETE WebServiceDataField
WHERE WebServiceDataId IN (8)

DELETE WebServiceDataParameter
WHERE WebServiceDataId IN (7,8)

INSERT INTO dbo.WebServiceData(WebServiceDataId,Name, DisplayName, DataRecordName, WebServiceCmdName, HelpTextParameters)
VALUES(7,'Practices','Practices','Practice','Get Practices','Select one or more query parameters to limit the records returned.  You should narrow your query to a specific practice.  Overly broad queries may return too much data or result in slow response times.')

INSERT INTO dbo.WebServiceDataField(WebServiceDataId, Name, DisplayName, DataType, SortOrder, ReturnFieldByDefault)
VALUES(7,'ID','ID','string',1,1)
INSERT INTO dbo.WebServiceDataField(WebServiceDataId, Name, DisplayName, DataType, SortOrder, ReturnFieldByDefault)
VALUES(7,'CreatedDate','Created Date','string',2,1)
INSERT INTO dbo.WebServiceDataField(WebServiceDataId, Name, DisplayName, DataType, SortOrder, ReturnFieldByDefault)
VALUES(7,'LastModifiedDate','Last Modified Date','string',3,1)
INSERT INTO dbo.WebServiceDataField(WebServiceDataId, Name, DisplayName, DataType, SortOrder, ReturnFieldByDefault)
VALUES(7,'PracticeName','Practice Name','string',4,1)
INSERT INTO dbo.WebServiceDataField(WebServiceDataId, Name, DisplayName, DataType, SortOrder, ReturnFieldByDefault)
VALUES(7,'TaxID','Tax ID','string',5,1)
INSERT INTO dbo.WebServiceDataField(WebServiceDataId, Name, DisplayName, DataType, SortOrder, ReturnFieldByDefault)
VALUES(7,'NPI','NPI','string',6,1)
INSERT INTO dbo.WebServiceDataField(WebServiceDataId, Name, DisplayName, DataType, SortOrder, ReturnFieldByDefault)
VALUES(7,'Active','Active','string',7,1)
INSERT INTO dbo.WebServiceDataField(WebServiceDataId, Name, DisplayName, DataType, SortOrder, ReturnFieldByDefault)
VALUES(7,'SubscriptionEdition','Subscription Edition','string',8,1)
INSERT INTO dbo.WebServiceDataField(WebServiceDataId, Name, DisplayName, DataType, SortOrder, ReturnFieldByDefault)
VALUES(7,'PracticeAddressLine1','Practice Address Line1','string',9,1)
INSERT INTO dbo.WebServiceDataField(WebServiceDataId, Name, DisplayName, DataType, SortOrder, ReturnFieldByDefault)
VALUES(7,'PracticeAddressLine2','Practice Address Line2','string',10,1)
INSERT INTO dbo.WebServiceDataField(WebServiceDataId, Name, DisplayName, DataType, SortOrder, ReturnFieldByDefault)
VALUES(7,'PracticeCity','Practice City','string',11,1)
INSERT INTO dbo.WebServiceDataField(WebServiceDataId, Name, DisplayName, DataType, SortOrder, ReturnFieldByDefault)
VALUES(7,'PracticeState','Practice State','string',12,1)
INSERT INTO dbo.WebServiceDataField(WebServiceDataId, Name, DisplayName, DataType, SortOrder, ReturnFieldByDefault)
VALUES(7,'PracticeCountry','Practice Country','string',13,1)
INSERT INTO dbo.WebServiceDataField(WebServiceDataId, Name, DisplayName, DataType, SortOrder, ReturnFieldByDefault)
VALUES(7,'PracticeZipCode','Practice Zip Code','string',14,1)
INSERT INTO dbo.WebServiceDataField(WebServiceDataId, Name, DisplayName, DataType, SortOrder, ReturnFieldByDefault)
VALUES(7,'WebSite','Web Site','string',15,1)
INSERT INTO dbo.WebServiceDataField(WebServiceDataId, Name, DisplayName, DataType, SortOrder, ReturnFieldByDefault)
VALUES(7,'Phone','Phone','string',16,1)
INSERT INTO dbo.WebServiceDataField(WebServiceDataId, Name, DisplayName, DataType, SortOrder, ReturnFieldByDefault)
VALUES(7,'PhoneExt','Phone Ext','string',17,1)
INSERT INTO dbo.WebServiceDataField(WebServiceDataId, Name, DisplayName, DataType, SortOrder, ReturnFieldByDefault)
VALUES(7,'Fax','Fax','string',18,1)
INSERT INTO dbo.WebServiceDataField(WebServiceDataId, Name, DisplayName, DataType, SortOrder, ReturnFieldByDefault)
VALUES(7,'FaxExt','Fax Ext','string',19,1)
INSERT INTO dbo.WebServiceDataField(WebServiceDataId, Name, DisplayName, DataType, SortOrder, ReturnFieldByDefault)
VALUES(7,'kFaxNumber','kFax Number','string',20,1)
INSERT INTO dbo.WebServiceDataField(WebServiceDataId, Name, DisplayName, DataType, SortOrder, ReturnFieldByDefault)
VALUES(7,'Email','Email','string',21,1)
INSERT INTO dbo.WebServiceDataField(WebServiceDataId, Name, DisplayName, DataType, SortOrder, ReturnFieldByDefault)
VALUES(7,'AdministratorFullName','Administrator Full Name','string',22,1)
INSERT INTO dbo.WebServiceDataField(WebServiceDataId, Name, DisplayName, DataType, SortOrder, ReturnFieldByDefault)
VALUES(7,'AdministratorAddressLine1','Administrator Address Line1','string',23,1)
INSERT INTO dbo.WebServiceDataField(WebServiceDataId, Name, DisplayName, DataType, SortOrder, ReturnFieldByDefault)
VALUES(7,'AdministratorAddressLine2','Administrator Address Line2','string',24,1)
INSERT INTO dbo.WebServiceDataField(WebServiceDataId, Name, DisplayName, DataType, SortOrder, ReturnFieldByDefault)
VALUES(7,'AdministratorCity','Administrator City','string',25,1)
INSERT INTO dbo.WebServiceDataField(WebServiceDataId, Name, DisplayName, DataType, SortOrder, ReturnFieldByDefault)
VALUES(7,'AdministratorState','Administrator State','string',26,1)
INSERT INTO dbo.WebServiceDataField(WebServiceDataId, Name, DisplayName, DataType, SortOrder, ReturnFieldByDefault)
VALUES(7,'AdministratorCountry','Administrator Country','string',27,1)
INSERT INTO dbo.WebServiceDataField(WebServiceDataId, Name, DisplayName, DataType, SortOrder, ReturnFieldByDefault)
VALUES(7,'AdministratorZipCode','Administrator Zip Code','string',28,1)
INSERT INTO dbo.WebServiceDataField(WebServiceDataId, Name, DisplayName, DataType, SortOrder, ReturnFieldByDefault)
VALUES(7,'AdministratorPhone','Administrator Phone','string',29,1)
INSERT INTO dbo.WebServiceDataField(WebServiceDataId, Name, DisplayName, DataType, SortOrder, ReturnFieldByDefault)
VALUES(7,'AdministratorPhoneExt','Administrator Phone Ext','string',30,1)
INSERT INTO dbo.WebServiceDataField(WebServiceDataId, Name, DisplayName, DataType, SortOrder, ReturnFieldByDefault)
VALUES(7,'AdministratorFax','Administrator Fax','string',31,1)
INSERT INTO dbo.WebServiceDataField(WebServiceDataId, Name, DisplayName, DataType, SortOrder, ReturnFieldByDefault)
VALUES(7,'AdministratorFaxExt','Administrator Fax Ext','string',32,1)
INSERT INTO dbo.WebServiceDataField(WebServiceDataId, Name, DisplayName, DataType, SortOrder, ReturnFieldByDefault)
VALUES(7,'AdministratorEmail','Administrator Email','string',33,1)
INSERT INTO dbo.WebServiceDataField(WebServiceDataId, Name, DisplayName, DataType, SortOrder, ReturnFieldByDefault)
VALUES(7,'BillingContactFullName','Billing Contact Full Name','string',34,1)
INSERT INTO dbo.WebServiceDataField(WebServiceDataId, Name, DisplayName, DataType, SortOrder, ReturnFieldByDefault)
VALUES(7,'BillingContactAddressLine1','Billing Contact Address Line1','string',35,1)
INSERT INTO dbo.WebServiceDataField(WebServiceDataId, Name, DisplayName, DataType, SortOrder, ReturnFieldByDefault)
VALUES(7,'BillingContactAddressLine2','Billing Contact Address Line2','string',36,1)
INSERT INTO dbo.WebServiceDataField(WebServiceDataId, Name, DisplayName, DataType, SortOrder, ReturnFieldByDefault)
VALUES(7,'BillingContactCity','Billing Contact City','string',37,1)
INSERT INTO dbo.WebServiceDataField(WebServiceDataId, Name, DisplayName, DataType, SortOrder, ReturnFieldByDefault)
VALUES(7,'BillingContactState','Billing Contact State','string',38,1)
INSERT INTO dbo.WebServiceDataField(WebServiceDataId, Name, DisplayName, DataType, SortOrder, ReturnFieldByDefault)
VALUES(7,'BillingContactCountry','Billing Contact Country','string',39,1)
INSERT INTO dbo.WebServiceDataField(WebServiceDataId, Name, DisplayName, DataType, SortOrder, ReturnFieldByDefault)
VALUES(7,'BillingContactZipCode','Billing Contact Zip Code','string',40,1)
INSERT INTO dbo.WebServiceDataField(WebServiceDataId, Name, DisplayName, DataType, SortOrder, ReturnFieldByDefault)
VALUES(7,'BillingContactPhone','Billing Contact Phone','string',41,1)
INSERT INTO dbo.WebServiceDataField(WebServiceDataId, Name, DisplayName, DataType, SortOrder, ReturnFieldByDefault)
VALUES(7,'BillingContactPhoneExt','Billing Contact Phone Ext','string',42,1)
INSERT INTO dbo.WebServiceDataField(WebServiceDataId, Name, DisplayName, DataType, SortOrder, ReturnFieldByDefault)
VALUES(7,'BillingContactFax','Billing Contact Fax','string',43,1)
INSERT INTO dbo.WebServiceDataField(WebServiceDataId, Name, DisplayName, DataType, SortOrder, ReturnFieldByDefault)
VALUES(7,'BillingContactFaxExt','Billing Contact Fax Ext','string',44,1)
INSERT INTO dbo.WebServiceDataField(WebServiceDataId, Name, DisplayName, DataType, SortOrder, ReturnFieldByDefault)
VALUES(7,'BillingContactEmail','Billing Contact Email','string',45,1)
INSERT INTO dbo.WebServiceDataField(WebServiceDataId, Name, DisplayName, DataType, SortOrder, ReturnFieldByDefault)
VALUES(7,'Notes','Notes','string',46,1)

INSERT INTO dbo.WebServiceDataParameter(WebServiceDataId, Name, DisplayName, DataType, IsRequired, SortOrder)
VALUES(7,'ID','ID','string',0,1)
INSERT INTO dbo.WebServiceDataParameter(WebServiceDataId, Name, DisplayName, DataType, IsRequired, SortOrder)
VALUES(7,'PracticeName','Practice Name','string',0,2)
INSERT INTO dbo.WebServiceDataParameter(WebServiceDataId, Name, DisplayName, DataType, IsRequired, SortOrder)
VALUES(7,'FromCreatedDate','From Created Date','string',0,3)
INSERT INTO dbo.WebServiceDataParameter(WebServiceDataId, Name, DisplayName, DataType, IsRequired, SortOrder)
VALUES(7,'ToCreatedDate','To Created Date','string',0,4)
INSERT INTO dbo.WebServiceDataParameter(WebServiceDataId, Name, DisplayName, DataType, IsRequired, SortOrder)
VALUES(7,'FromLastModifiedDate','From Last Modified Date','string',0,5)
INSERT INTO dbo.WebServiceDataParameter(WebServiceDataId, Name, DisplayName, DataType, IsRequired, SortOrder)
VALUES(7,'ToLastModifiedDate','To Last Modified Date','string',0,6)
INSERT INTO dbo.WebServiceDataParameter(WebServiceDataId, Name, DisplayName, DataType, IsRequired, SortOrder)
VALUES(7,'TaxID','Tax ID','string',0,7)
INSERT INTO dbo.WebServiceDataParameter(WebServiceDataId, Name, DisplayName, DataType, IsRequired, SortOrder)
VALUES(7,'NPI','NPI','string',0,8)
INSERT INTO dbo.WebServiceDataParameter(WebServiceDataId, Name, DisplayName, DataType, IsRequired, SortOrder)
VALUES(7,'Active','Active','string',0,9)

INSERT INTO dbo.WebServiceData(WebServiceDataId,Name, DisplayName, DataRecordName, WebServiceCmdName, HelpTextParameters)
VALUES(8,'Payments','Payments','Payment','Get Payments','Select one or more query parameters to limit the records returned.  You should narrow your query to a specific practice.  Overly broad queries may return too much data or result in slow response times.')

INSERT INTO dbo.WebServiceDataField(WebServiceDataId, Name, DisplayName, DataType, SortOrder, ReturnFieldByDefault)
VALUES(8,'ID','ID','string',1,1)
INSERT INTO dbo.WebServiceDataField(WebServiceDataId, Name, DisplayName, DataType, SortOrder, ReturnFieldByDefault)
VALUES(8,'PracticeId','Practice ID','string',2,1)
INSERT INTO dbo.WebServiceDataField(WebServiceDataId, Name, DisplayName, DataType, SortOrder, ReturnFieldByDefault)
VALUES(8,'CreatedDate','Created Date','string',3,1)
INSERT INTO dbo.WebServiceDataField(WebServiceDataId, Name, DisplayName, DataType, SortOrder, ReturnFieldByDefault)
VALUES(8,'LastModifiedDate','Last Modified Date','string',4,1)
INSERT INTO dbo.WebServiceDataField(WebServiceDataId, Name, DisplayName, DataType, SortOrder, ReturnFieldByDefault)
VALUES(8,'BatchNumber','Batch Number','string',5,1)
INSERT INTO dbo.WebServiceDataField(WebServiceDataId, Name, DisplayName, DataType, SortOrder, ReturnFieldByDefault)
VALUES(8,'PostDate','Post Date','string',6,1)
INSERT INTO dbo.WebServiceDataField(WebServiceDataId, Name, DisplayName, DataType, SortOrder, ReturnFieldByDefault)
VALUES(8,'AdjudicationDate','Adjudication Date','string',7,1)
INSERT INTO dbo.WebServiceDataField(WebServiceDataId, Name, DisplayName, DataType, SortOrder, ReturnFieldByDefault)
VALUES(8,'PayerType','Payer Type','string',8,1)
INSERT INTO dbo.WebServiceDataField(WebServiceDataId, Name, DisplayName, DataType, SortOrder, ReturnFieldByDefault)
VALUES(8,'PayerName','Payer Name','string',9,1)
INSERT INTO dbo.WebServiceDataField(WebServiceDataId, Name, DisplayName, DataType, SortOrder, ReturnFieldByDefault)
VALUES(8,'AppointmentID','Appointment ID','string',10,1)
INSERT INTO dbo.WebServiceDataField(WebServiceDataId, Name, DisplayName, DataType, SortOrder, ReturnFieldByDefault)
VALUES(8,'ReferenceNumber','Reference Number','string',11,1)
INSERT INTO dbo.WebServiceDataField(WebServiceDataId, Name, DisplayName, DataType, SortOrder, ReturnFieldByDefault)
VALUES(8,'PaymentMethod','Payment Method','string',12,1)
INSERT INTO dbo.WebServiceDataField(WebServiceDataId, Name, DisplayName, DataType, SortOrder, ReturnFieldByDefault)
VALUES(8,'Category','Category','string',13,1)
INSERT INTO dbo.WebServiceDataField(WebServiceDataId, Name, DisplayName, DataType, SortOrder, ReturnFieldByDefault)
VALUES(8,'Amount','Amount','string',14,1)
INSERT INTO dbo.WebServiceDataField(WebServiceDataId, Name, DisplayName, DataType, SortOrder, ReturnFieldByDefault)
VALUES(8,'Applied','Applied','string',15,1)
INSERT INTO dbo.WebServiceDataField(WebServiceDataId, Name, DisplayName, DataType, SortOrder, ReturnFieldByDefault)
VALUES(8,'Adjustments','Adjustments','string',16,1)
INSERT INTO dbo.WebServiceDataField(WebServiceDataId, Name, DisplayName, DataType, SortOrder, ReturnFieldByDefault)
VALUES(8,'Refunds','Refunds','string',17,1)
INSERT INTO dbo.WebServiceDataField(WebServiceDataId, Name, DisplayName, DataType, SortOrder, ReturnFieldByDefault)
VALUES(8,'Unapplied','Unapplied','string',18,1)

--INSERT INTO dbo.WebServiceDataParameter(WebServiceDataId, Name, DisplayName, DataType, IsRequired, SortOrder)
--VALUES(8,'ID','ID','string',0,1)
--INSERT INTO dbo.WebServiceDataParameter(WebServiceDataId, Name, DisplayName, DataType, IsRequired, SortOrder)
--VALUES(8,'PracticeID','Practice ID','string',0,2)
--INSERT INTO dbo.WebServiceDataParameter(WebServiceDataId, Name, DisplayName, DataType, IsRequired, SortOrder)
--VALUES(8,'FromCreatedDate','From Created Date','string',0,3)
--INSERT INTO dbo.WebServiceDataParameter(WebServiceDataId, Name, DisplayName, DataType, IsRequired, SortOrder)
--VALUES(8,'ToCreatedDate','To Created Date','string',0,4)
--INSERT INTO dbo.WebServiceDataParameter(WebServiceDataId, Name, DisplayName, DataType, IsRequired, SortOrder)
--VALUES(8,'FromLastModifiedDate','From Last Modified Date','string',0,5)
--INSERT INTO dbo.WebServiceDataParameter(WebServiceDataId, Name, DisplayName, DataType, IsRequired, SortOrder)
--VALUES(8,'ToLastModifiedDate','To Last Modified Date','string',0,6)
--INSERT INTO dbo.WebServiceDataParameter(WebServiceDataId, Name, DisplayName, DataType, IsRequired, SortOrder)
--VALUES(8,'PracticeName','Practice Name','string',0,7)
--INSERT INTO dbo.WebServiceDataParameter(WebServiceDataId, Name, DisplayName, DataType, IsRequired, SortOrder)
--VALUES(8,'BatchNumber','Batch Number','string',0,8)
--INSERT INTO dbo.WebServiceDataParameter(WebServiceDataId, Name, DisplayName, DataType, IsRequired, SortOrder)
--VALUES(8,'FromPostDate','From Post Date','string',0,9)
--INSERT INTO dbo.WebServiceDataParameter(WebServiceDataId, Name, DisplayName, DataType, IsRequired, SortOrder)
--VALUES(8,'ToPostDate','To Post Date','string',0,10)
--INSERT INTO dbo.WebServiceDataParameter(WebServiceDataId, Name, DisplayName, DataType, IsRequired, SortOrder)
--VALUES(8,'PayerType','Payer Type','string',0,11)
--INSERT INTO dbo.WebServiceDataParameter(WebServiceDataId, Name, DisplayName, DataType, IsRequired, SortOrder)
--VALUES(8,'PayerName','Payer Name','string',0,12)
--INSERT INTO dbo.WebServiceDataParameter(WebServiceDataId, Name, DisplayName, DataType, IsRequired, SortOrder)
--VALUES(8,'AppointmentID','Appointment ID','string',0,13)
--INSERT INTO dbo.WebServiceDataParameter(WebServiceDataId, Name, DisplayName, DataType, IsRequired, SortOrder)
--VALUES(8,'ReferenceNumber','Reference Number','string',0,14)
--INSERT INTO dbo.WebServiceDataParameter(WebServiceDataId, Name, DisplayName, DataType, IsRequired, SortOrder)
--VALUES(8,'Amount','Amount','string',0,15)