if exists (select * from sys.tables where name = 'DRGCode')
	drop table dbo.DRGCode
GO

create table dbo.DRGCode (
	DRGCodeID int not null identity(1, 1),
	Code varchar(4) not null,
	Name varchar(255) null,
	[Description] varchar(255) null
	
	CONSTRAINT PK_DRGCode PRIMARY KEY CLUSTERED 
	(
		DRGCodeID ASC
	)
)

insert into DRGCode(Code, Name) values ('001', 'HEART TRANSPLANT OR IMPLANT OF HEART ASSIST SYSTEM W MCC')
insert into DRGCode(Code, Name) values ('002', 'HEART TRANSPLANT OR IMPLANT OF HEART ASSIST SYSTEM W/O MCC')
insert into DRGCode(Code, Name) values ('003', 'ECMO OR TRACH W MV 96+ HRS OR PDX EXC FACE, MOUTH & NECK W MAJ O.R.')
insert into DRGCode(Code, Name) values ('004', 'TRACH W MV 96+ HRS OR PDX EXC FACE, MOUTH & NECK W/O MAJ O.R.')
insert into DRGCode(Code, Name) values ('005', 'LIVER TRANSPLANT W MCC OR INTESTINAL TRANSPLANT')
insert into DRGCode(Code, Name) values ('006', 'LIVER TRANSPLANT W/O MCC')
insert into DRGCode(Code, Name) values ('007', 'LUNG TRANSPLANT')
insert into DRGCode(Code, Name) values ('008', 'SIMULTANEOUS PANCREAS/KIDNEY TRANSPLANT')
insert into DRGCode(Code, Name) values ('009', 'BONE MARROW TRANSPLANT')
insert into DRGCode(Code, Name) values ('010', 'PANCREAS TRANSPLANT')
insert into DRGCode(Code, Name) values ('011', 'TRACHEOSTOMY FOR FACE,MOUTH & NECK DIAGNOSES W MCC')
insert into DRGCode(Code, Name) values ('012', 'TRACHEOSTOMY FOR FACE,MOUTH & NECK DIAGNOSES W CC')
insert into DRGCode(Code, Name) values ('013', 'TRACHEOSTOMY FOR FACE,MOUTH & NECK DIAGNOSES W/O CC/MCC')
insert into DRGCode(Code, Name) values ('020', 'INTRACRANIAL VASCULAR PROCEDURES W PDX HEMORRHAGE W MCC')
insert into DRGCode(Code, Name) values ('021', 'INTRACRANIAL VASCULAR PROCEDURES W PDX HEMORRHAGE W CC')
insert into DRGCode(Code, Name) values ('022', 'INTRACRANIAL VASCULAR PROCEDURES W PDX HEMORRHAGE W/O CC/MCC')
insert into DRGCode(Code, Name) values ('023', 'CRANIO W MAJOR DEV IMPL/ACUTE COMPLEX CNS PDX W MCC OR CHEMO IMPLANT')
insert into DRGCode(Code, Name) values ('024', 'CRANIO W MAJOR DEV IMPL/ACUTE COMPLEX CNS PDX W/O MCC')
insert into DRGCode(Code, Name) values ('025', 'CRANIOTOMY & ENDOVASCULAR INTRACRANIAL PROCEDURES W MCC')
insert into DRGCode(Code, Name) values ('026', 'CRANIOTOMY & ENDOVASCULAR INTRACRANIAL PROCEDURES W CC')
insert into DRGCode(Code, Name) values ('027', 'CRANIOTOMY & ENDOVASCULAR INTRACRANIAL PROCEDURES W/O CC/MCC')
insert into DRGCode(Code, Name) values ('028', 'SPINAL PROCEDURES W MCC')
insert into DRGCode(Code, Name) values ('029', 'SPINAL PROCEDURES W CC OR SPINAL NEUROSTIMULATORS')
insert into DRGCode(Code, Name) values ('030', 'SPINAL PROCEDURES W/O CC/MCC')
insert into DRGCode(Code, Name) values ('031', 'VENTRICULAR SHUNT PROCEDURES W MCC')
insert into DRGCode(Code, Name) values ('032', 'VENTRICULAR SHUNT PROCEDURES W CC')
insert into DRGCode(Code, Name) values ('033', 'VENTRICULAR SHUNT PROCEDURES W/O CC/MCC')
insert into DRGCode(Code, Name) values ('034', 'CAROTID ARTERY STENT PROCEDURE W MCC')
insert into DRGCode(Code, Name) values ('035', 'CAROTID ARTERY STENT PROCEDURE W CC')
insert into DRGCode(Code, Name) values ('036', 'CAROTID ARTERY STENT PROCEDURE W/O CC/MCC')
insert into DRGCode(Code, Name) values ('037', 'EXTRACRANIAL PROCEDURES W MCC')
insert into DRGCode(Code, Name) values ('038', 'EXTRACRANIAL PROCEDURES W CC')
insert into DRGCode(Code, Name) values ('039', 'EXTRACRANIAL PROCEDURES W/O CC/MCC')
insert into DRGCode(Code, Name) values ('040', 'PERIPH/CRANIAL NERVE & OTHER NERV SYST PROC W MCC')
insert into DRGCode(Code, Name) values ('041', 'PERIPH/CRANIAL NERVE & OTHER NERV SYST PROC W CC OR PERIPH NEUROSTIM')
insert into DRGCode(Code, Name) values ('042', 'PERIPH/CRANIAL NERVE & OTHER NERV SYST PROC W/O CC/MCC')
insert into DRGCode(Code, Name) values ('052', 'SPINAL DISORDERS & INJURIES W CC/MCC')
insert into DRGCode(Code, Name) values ('053', 'SPINAL DISORDERS & INJURIES W/O CC/MCC')
insert into DRGCode(Code, Name) values ('054', 'NERVOUS SYSTEM NEOPLASMS W MCC')
insert into DRGCode(Code, Name) values ('055', 'NERVOUS SYSTEM NEOPLASMS W/O MCC')
insert into DRGCode(Code, Name) values ('056', 'DEGENERATIVE NERVOUS SYSTEM DISORDERS W MCC')
insert into DRGCode(Code, Name) values ('057', 'DEGENERATIVE NERVOUS SYSTEM DISORDERS W/O MCC')
insert into DRGCode(Code, Name) values ('058', 'MULTIPLE SCLEROSIS & CEREBELLAR ATAXIA W MCC')
insert into DRGCode(Code, Name) values ('059', 'MULTIPLE SCLEROSIS & CEREBELLAR ATAXIA W CC')
insert into DRGCode(Code, Name) values ('060', 'MULTIPLE SCLEROSIS & CEREBELLAR ATAXIA W/O CC/MCC')
insert into DRGCode(Code, Name) values ('061', 'ACUTE ISCHEMIC STROKE W USE OF THROMBOLYTIC AGENT W MCC')
insert into DRGCode(Code, Name) values ('062', 'ACUTE ISCHEMIC STROKE W USE OF THROMBOLYTIC AGENT W CC')
insert into DRGCode(Code, Name) values ('063', 'ACUTE ISCHEMIC STROKE W USE OF THROMBOLYTIC AGENT W/O CC/MCC')
insert into DRGCode(Code, Name) values ('064', 'INTRACRANIAL HEMORRHAGE OR CEREBRAL INFARCTION W MCC')
insert into DRGCode(Code, Name) values ('065', 'INTRACRANIAL HEMORRHAGE OR CEREBRAL INFARCTION W CC')
insert into DRGCode(Code, Name) values ('066', 'INTRACRANIAL HEMORRHAGE OR CEREBRAL INFARCTION W/O CC/MCC')
insert into DRGCode(Code, Name) values ('067', 'NONSPECIFIC CVA & PRECEREBRAL OCCLUSION W/O INFARCT W MCC')
insert into DRGCode(Code, Name) values ('068', 'NONSPECIFIC CVA & PRECEREBRAL OCCLUSION W/O INFARCT W/O MCC')
insert into DRGCode(Code, Name) values ('069', 'TRANSIENT ISCHEMIA')
insert into DRGCode(Code, Name) values ('070', 'NONSPECIFIC CEREBROVASCULAR DISORDERS W MCC')
insert into DRGCode(Code, Name) values ('071', 'NONSPECIFIC CEREBROVASCULAR DISORDERS W CC')
insert into DRGCode(Code, Name) values ('072', 'NONSPECIFIC CEREBROVASCULAR DISORDERS W/O CC/MCC')
insert into DRGCode(Code, Name) values ('073', 'CRANIAL & PERIPHERAL NERVE DISORDERS W MCC')
insert into DRGCode(Code, Name) values ('074', 'CRANIAL & PERIPHERAL NERVE DISORDERS W/O MCC')
insert into DRGCode(Code, Name) values ('075', 'VIRAL MENINGITIS W CC/MCC')
insert into DRGCode(Code, Name) values ('076', 'VIRAL MENINGITIS W/O CC/MCC')
insert into DRGCode(Code, Name) values ('077', 'HYPERTENSIVE ENCEPHALOPATHY W MCC')
insert into DRGCode(Code, Name) values ('078', 'HYPERTENSIVE ENCEPHALOPATHY W CC')
insert into DRGCode(Code, Name) values ('079', 'HYPERTENSIVE ENCEPHALOPATHY W/O CC/MCC')
insert into DRGCode(Code, Name) values ('080', 'NONTRAUMATIC STUPOR & COMA W MCC')
insert into DRGCode(Code, Name) values ('081', 'NONTRAUMATIC STUPOR & COMA W/O MCC')
insert into DRGCode(Code, Name) values ('082', 'TRAUMATIC STUPOR & COMA, COMA >1 HR W MCC')
insert into DRGCode(Code, Name) values ('083', 'TRAUMATIC STUPOR & COMA, COMA >1 HR W CC')
insert into DRGCode(Code, Name) values ('084', 'TRAUMATIC STUPOR & COMA, COMA >1 HR W/O CC/MCC')
insert into DRGCode(Code, Name) values ('085', 'TRAUMATIC STUPOR & COMA, COMA <1 HR W MCC')
insert into DRGCode(Code, Name) values ('086', 'TRAUMATIC STUPOR & COMA, COMA <1 HR W CC')
insert into DRGCode(Code, Name) values ('087', 'TRAUMATIC STUPOR & COMA, COMA <1 HR W/O CC/MCC')
insert into DRGCode(Code, Name) values ('088', 'CONCUSSION W MCC')
insert into DRGCode(Code, Name) values ('089', 'CONCUSSION W CC')
insert into DRGCode(Code, Name) values ('090', 'CONCUSSION W/O CC/MCC')
insert into DRGCode(Code, Name) values ('091', 'OTHER DISORDERS OF NERVOUS SYSTEM W MCC')
insert into DRGCode(Code, Name) values ('092', 'OTHER DISORDERS OF NERVOUS SYSTEM W CC')
insert into DRGCode(Code, Name) values ('093', 'OTHER DISORDERS OF NERVOUS SYSTEM W/O CC/MCC')
insert into DRGCode(Code, Name) values ('094', 'BACTERIAL & TUBERCULOUS INFECTIONS OF NERVOUS SYSTEM W MCC')
insert into DRGCode(Code, Name) values ('095', 'BACTERIAL & TUBERCULOUS INFECTIONS OF NERVOUS SYSTEM W CC')
insert into DRGCode(Code, Name) values ('096', 'BACTERIAL & TUBERCULOUS INFECTIONS OF NERVOUS SYSTEM W/O CC/MCC')
insert into DRGCode(Code, Name) values ('097', 'NON-BACTERIAL INFECT OF NERVOUS SYS EXC VIRAL MENINGITIS W MCC')
insert into DRGCode(Code, Name) values ('098', 'NON-BACTERIAL INFECT OF NERVOUS SYS EXC VIRAL MENINGITIS W CC')
insert into DRGCode(Code, Name) values ('099', 'NON-BACTERIAL INFECT OF NERVOUS SYS EXC VIRAL MENINGITIS W/O CC/MCC')
insert into DRGCode(Code, Name) values ('100', 'SEIZURES W MCC')
insert into DRGCode(Code, Name) values ('101', 'SEIZURES W/O MCC')
insert into DRGCode(Code, Name) values ('102', 'HEADACHES W MCC')
insert into DRGCode(Code, Name) values ('103', 'HEADACHES W/O MCC')
insert into DRGCode(Code, Name) values ('113', 'ORBITAL PROCEDURES W CC/MCC')
insert into DRGCode(Code, Name) values ('114', 'ORBITAL PROCEDURES W/O CC/MCC')
insert into DRGCode(Code, Name) values ('115', 'EXTRAOCULAR PROCEDURES EXCEPT ORBIT')
insert into DRGCode(Code, Name) values ('116', 'INTRAOCULAR PROCEDURES W CC/MCC')
insert into DRGCode(Code, Name) values ('117', 'INTRAOCULAR PROCEDURES W/O CC/MCC')
insert into DRGCode(Code, Name) values ('121', 'ACUTE MAJOR EYE INFECTIONS W CC/MCC')
insert into DRGCode(Code, Name) values ('122', 'ACUTE MAJOR EYE INFECTIONS W/O CC/MCC')
insert into DRGCode(Code, Name) values ('123', 'NEUROLOGICAL EYE DISORDERS')
insert into DRGCode(Code, Name) values ('124', 'OTHER DISORDERS OF THE EYE W MCC')
insert into DRGCode(Code, Name) values ('125', 'OTHER DISORDERS OF THE EYE W/O MCC')
insert into DRGCode(Code, Name) values ('129', 'MAJOR HEAD & NECK PROCEDURES W CC/MCC OR MAJOR DEVICE')
insert into DRGCode(Code, Name) values ('130', 'MAJOR HEAD & NECK PROCEDURES W/O CC/MCC')
insert into DRGCode(Code, Name) values ('131', 'CRANIAL/FACIAL PROCEDURES W CC/MCC')
insert into DRGCode(Code, Name) values ('132', 'CRANIAL/FACIAL PROCEDURES W/O CC/MCC')
insert into DRGCode(Code, Name) values ('133', 'OTHER EAR, NOSE, MOUTH & THROAT O.R. PROCEDURES W CC/MCC')
insert into DRGCode(Code, Name) values ('134', 'OTHER EAR, NOSE, MOUTH & THROAT O.R. PROCEDURES W/O CC/MCC')
insert into DRGCode(Code, Name) values ('135', 'SINUS & MASTOID PROCEDURES W CC/MCC')
insert into DRGCode(Code, Name) values ('136', 'SINUS & MASTOID PROCEDURES W/O CC/MCC')
insert into DRGCode(Code, Name) values ('137', 'MOUTH PROCEDURES W CC/MCC')
insert into DRGCode(Code, Name) values ('138', 'MOUTH PROCEDURES W/O CC/MCC')
insert into DRGCode(Code, Name) values ('139', 'SALIVARY GLAND PROCEDURES')
insert into DRGCode(Code, Name) values ('146', 'EAR, NOSE, MOUTH & THROAT MALIGNANCY W MCC')
insert into DRGCode(Code, Name) values ('147', 'EAR, NOSE, MOUTH & THROAT MALIGNANCY W CC')
insert into DRGCode(Code, Name) values ('148', 'EAR, NOSE, MOUTH & THROAT MALIGNANCY W/O CC/MCC')
insert into DRGCode(Code, Name) values ('149', 'DYSEQUILIBRIUM')
insert into DRGCode(Code, Name) values ('150', 'EPISTAXIS W MCC')
insert into DRGCode(Code, Name) values ('151', 'EPISTAXIS W/O MCC')
insert into DRGCode(Code, Name) values ('152', 'OTITIS MEDIA & URI W MCC')
insert into DRGCode(Code, Name) values ('153', 'OTITIS MEDIA & URI W/O MCC')
insert into DRGCode(Code, Name) values ('154', 'OTHER EAR, NOSE, MOUTH & THROAT DIAGNOSES W MCC')
insert into DRGCode(Code, Name) values ('155', 'OTHER EAR, NOSE, MOUTH & THROAT DIAGNOSES W CC')
insert into DRGCode(Code, Name) values ('156', 'OTHER EAR, NOSE, MOUTH & THROAT DIAGNOSES W/O CC/MCC')
insert into DRGCode(Code, Name) values ('157', 'DENTAL & ORAL DISEASES W MCC')
insert into DRGCode(Code, Name) values ('158', 'DENTAL & ORAL DISEASES W CC')
insert into DRGCode(Code, Name) values ('159', 'DENTAL & ORAL DISEASES W/O CC/MCC')
insert into DRGCode(Code, Name) values ('163', 'MAJOR CHEST PROCEDURES W MCC')
insert into DRGCode(Code, Name) values ('164', 'MAJOR CHEST PROCEDURES W CC')
insert into DRGCode(Code, Name) values ('165', 'MAJOR CHEST PROCEDURES W/O CC/MCC')
insert into DRGCode(Code, Name) values ('166', 'OTHER RESP SYSTEM O.R. PROCEDURES W MCC')
insert into DRGCode(Code, Name) values ('167', 'OTHER RESP SYSTEM O.R. PROCEDURES W CC')
insert into DRGCode(Code, Name) values ('168', 'OTHER RESP SYSTEM O.R. PROCEDURES W/O CC/MCC')
insert into DRGCode(Code, Name) values ('175', 'PULMONARY EMBOLISM W MCC')
insert into DRGCode(Code, Name) values ('176', 'PULMONARY EMBOLISM W/O MCC')
insert into DRGCode(Code, Name) values ('177', 'RESPIRATORY INFECTIONS & INFLAMMATIONS W MCC')
insert into DRGCode(Code, Name) values ('178', 'RESPIRATORY INFECTIONS & INFLAMMATIONS W CC')
insert into DRGCode(Code, Name) values ('179', 'RESPIRATORY INFECTIONS & INFLAMMATIONS W/O CC/MCC')
insert into DRGCode(Code, Name) values ('180', 'RESPIRATORY NEOPLASMS W MCC')
insert into DRGCode(Code, Name) values ('181', 'RESPIRATORY NEOPLASMS W CC')
insert into DRGCode(Code, Name) values ('182', 'RESPIRATORY NEOPLASMS W/O CC/MCC')
insert into DRGCode(Code, Name) values ('183', 'MAJOR CHEST TRAUMA W MCC')
insert into DRGCode(Code, Name) values ('184', 'MAJOR CHEST TRAUMA W CC')
insert into DRGCode(Code, Name) values ('185', 'MAJOR CHEST TRAUMA W/O CC/MCC')
insert into DRGCode(Code, Name) values ('186', 'PLEURAL EFFUSION W MCC')
insert into DRGCode(Code, Name) values ('187', 'PLEURAL EFFUSION W CC')
insert into DRGCode(Code, Name) values ('188', 'PLEURAL EFFUSION W/O CC/MCC')
insert into DRGCode(Code, Name) values ('189', 'PULMONARY EDEMA & RESPIRATORY FAILURE')
insert into DRGCode(Code, Name) values ('190', 'CHRONIC OBSTRUCTIVE PULMONARY DISEASE W MCC')
insert into DRGCode(Code, Name) values ('191', 'CHRONIC OBSTRUCTIVE PULMONARY DISEASE W CC')
insert into DRGCode(Code, Name) values ('192', 'CHRONIC OBSTRUCTIVE PULMONARY DISEASE W/O CC/MCC')
insert into DRGCode(Code, Name) values ('193', 'SIMPLE PNEUMONIA & PLEURISY W MCC')
insert into DRGCode(Code, Name) values ('194', 'SIMPLE PNEUMONIA & PLEURISY W CC')
insert into DRGCode(Code, Name) values ('195', 'SIMPLE PNEUMONIA & PLEURISY W/O CC/MCC')
insert into DRGCode(Code, Name) values ('196', 'INTERSTITIAL LUNG DISEASE W MCC')
insert into DRGCode(Code, Name) values ('197', 'INTERSTITIAL LUNG DISEASE W CC')
insert into DRGCode(Code, Name) values ('198', 'INTERSTITIAL LUNG DISEASE W/O CC/MCC')
insert into DRGCode(Code, Name) values ('199', 'PNEUMOTHORAX W MCC')
insert into DRGCode(Code, Name) values ('200', 'PNEUMOTHORAX W CC')
insert into DRGCode(Code, Name) values ('201', 'PNEUMOTHORAX W/O CC/MCC')
insert into DRGCode(Code, Name) values ('202', 'BRONCHITIS & ASTHMA W CC/MCC')
insert into DRGCode(Code, Name) values ('203', 'BRONCHITIS & ASTHMA W/O CC/MCC')
insert into DRGCode(Code, Name) values ('204', 'RESPIRATORY SIGNS & SYMPTOMS')
insert into DRGCode(Code, Name) values ('205', 'OTHER RESPIRATORY SYSTEM DIAGNOSES W MCC')
insert into DRGCode(Code, Name) values ('206', 'OTHER RESPIRATORY SYSTEM DIAGNOSES W/O MCC')
insert into DRGCode(Code, Name) values ('207', 'RESPIRATORY SYSTEM DIAGNOSIS W VENTILATOR SUPPORT 96+ HOURS')
insert into DRGCode(Code, Name) values ('208', 'RESPIRATORY SYSTEM DIAGNOSIS W VENTILATOR SUPPORT <96 HOURS')
insert into DRGCode(Code, Name) values ('215', 'OTHER HEART ASSIST SYSTEM IMPLANT')
insert into DRGCode(Code, Name) values ('216', 'CARDIAC VALVE & OTH MAJ CARDIOTHORACIC PROC W CARD CATH W MCC')
insert into DRGCode(Code, Name) values ('217', 'CARDIAC VALVE & OTH MAJ CARDIOTHORACIC PROC W CARD CATH W CC')
insert into DRGCode(Code, Name) values ('218', 'CARDIAC VALVE & OTH MAJ CARDIOTHORACIC PROC W CARD CATH W/O CC/MCC')
insert into DRGCode(Code, Name) values ('219', 'CARDIAC VALVE & OTH MAJ CARDIOTHORACIC PROC W/O CARD CATH W MCC')
insert into DRGCode(Code, Name) values ('220', 'CARDIAC VALVE & OTH MAJ CARDIOTHORACIC PROC W/O CARD CATH W CC')
insert into DRGCode(Code, Name) values ('221', 'CARDIAC VALVE & OTH MAJ CARDIOTHORACIC PROC W/O CARD CATH W/O CC/MCC')
insert into DRGCode(Code, Name) values ('222', 'CARDIAC DEFIB IMPLANT W CARDIAC CATH W AMI/HF/SHOCK W MCC')
insert into DRGCode(Code, Name) values ('223', 'CARDIAC DEFIB IMPLANT W CARDIAC CATH W AMI/HF/SHOCK W/O MCC')
insert into DRGCode(Code, Name) values ('224', 'CARDIAC DEFIB IMPLANT W CARDIAC CATH W/O AMI/HF/SHOCK W MCC')
insert into DRGCode(Code, Name) values ('225', 'CARDIAC DEFIB IMPLANT W CARDIAC CATH W/O AMI/HF/SHOCK W/O MCC')
insert into DRGCode(Code, Name) values ('226', 'CARDIAC DEFIBRILLATOR IMPLANT W/O CARDIAC CATH W MCC')
insert into DRGCode(Code, Name) values ('227', 'CARDIAC DEFIBRILLATOR IMPLANT W/O CARDIAC CATH W/O MCC')
insert into DRGCode(Code, Name) values ('228', 'OTHER CARDIOTHORACIC PROCEDURES W MCC')
insert into DRGCode(Code, Name) values ('229', 'OTHER CARDIOTHORACIC PROCEDURES W CC')
insert into DRGCode(Code, Name) values ('230', 'OTHER CARDIOTHORACIC PROCEDURES W/O CC/MCC')
insert into DRGCode(Code, Name) values ('231', 'CORONARY BYPASS W PTCA W MCC')
insert into DRGCode(Code, Name) values ('232', 'CORONARY BYPASS W PTCA W/O MCC')
insert into DRGCode(Code, Name) values ('233', 'CORONARY BYPASS W CARDIAC CATH W MCC')
insert into DRGCode(Code, Name) values ('234', 'CORONARY BYPASS W CARDIAC CATH W/O MCC')
insert into DRGCode(Code, Name) values ('235', 'CORONARY BYPASS W/O CARDIAC CATH W MCC')
insert into DRGCode(Code, Name) values ('236', 'CORONARY BYPASS W/O CARDIAC CATH W/O MCC')
insert into DRGCode(Code, Name) values ('237', 'MAJOR CARDIOVASC PROCEDURES W MCC OR THORACIC AORTIC ANEURYSM REPAIR')
insert into DRGCode(Code, Name) values ('238', 'MAJOR CARDIOVASC PROCEDURES W/O MCC')
insert into DRGCode(Code, Name) values ('239', 'AMPUTATION FOR CIRC SYS DISORDERS EXC UPPER LIMB & TOE W MCC')
insert into DRGCode(Code, Name) values ('240', 'AMPUTATION FOR CIRC SYS DISORDERS EXC UPPER LIMB & TOE W CC')
insert into DRGCode(Code, Name) values ('241', 'AMPUTATION FOR CIRC SYS DISORDERS EXC UPPER LIMB & TOE W/O CC/MCC')
insert into DRGCode(Code, Name) values ('242', 'PERMANENT CARDIAC PACEMAKER IMPLANT W MCC')
insert into DRGCode(Code, Name) values ('243', 'PERMANENT CARDIAC PACEMAKER IMPLANT W CC')
insert into DRGCode(Code, Name) values ('244', 'PERMANENT CARDIAC PACEMAKER IMPLANT W/O CC/MCC')
insert into DRGCode(Code, Name) values ('245', 'AICD GENERATOR PROCEDURES')
insert into DRGCode(Code, Name) values ('246', 'PERC CARDIOVASC PROC W DRUG-ELUTING STENT W MCC OR 4+ VESSELS/STENTS')
insert into DRGCode(Code, Name) values ('247', 'PERC CARDIOVASC PROC W DRUG-ELUTING STENT W/O MCC')
insert into DRGCode(Code, Name) values ('248', 'PERC CARDIOVASC PROC W NON-DRUG-ELUTING STENT W MCC OR 4+ VES/STENTS')
insert into DRGCode(Code, Name) values ('249', 'PERC CARDIOVASC PROC W NON-DRUG-ELUTING STENT W/O MCC')
insert into DRGCode(Code, Name) values ('250', 'PERC CARDIOVASC PROC W/O CORONARY ARTERY STENT W MCC')
insert into DRGCode(Code, Name) values ('251', 'PERC CARDIOVASC PROC W/O CORONARY ARTERY STENT W/O MCC')
insert into DRGCode(Code, Name) values ('252', 'OTHER VASCULAR PROCEDURES W MCC')
insert into DRGCode(Code, Name) values ('253', 'OTHER VASCULAR PROCEDURES W CC')
insert into DRGCode(Code, Name) values ('254', 'OTHER VASCULAR PROCEDURES W/O CC/MCC')
insert into DRGCode(Code, Name) values ('255', 'UPPER LIMB & TOE AMPUTATION FOR CIRC SYSTEM DISORDERS W MCC')
insert into DRGCode(Code, Name) values ('256', 'UPPER LIMB & TOE AMPUTATION FOR CIRC SYSTEM DISORDERS W CC')
insert into DRGCode(Code, Name) values ('257', 'UPPER LIMB & TOE AMPUTATION FOR CIRC SYSTEM DISORDERS W/O CC/MCC')
insert into DRGCode(Code, Name) values ('258', 'CARDIAC PACEMAKER DEVICE REPLACEMENT W MCC')
insert into DRGCode(Code, Name) values ('259', 'CARDIAC PACEMAKER DEVICE REPLACEMENT W/O MCC')
insert into DRGCode(Code, Name) values ('260', 'CARDIAC PACEMAKER REVISION EXCEPT DEVICE REPLACEMENT W MCC')
insert into DRGCode(Code, Name) values ('261', 'CARDIAC PACEMAKER REVISION EXCEPT DEVICE REPLACEMENT W CC')
insert into DRGCode(Code, Name) values ('262', 'CARDIAC PACEMAKER REVISION EXCEPT DEVICE REPLACEMENT W/O CC/MCC')
insert into DRGCode(Code, Name) values ('263', 'VEIN LIGATION & STRIPPING')
insert into DRGCode(Code, Name) values ('264', 'OTHER CIRCULATORY SYSTEM O.R. PROCEDURES')
insert into DRGCode(Code, Name) values ('265', 'AICD LEAD PROCEDURES')
insert into DRGCode(Code, Name) values ('280', 'ACUTE MYOCARDIAL INFARCTION, DISCHARGED ALIVE W MCC')
insert into DRGCode(Code, Name) values ('281', 'ACUTE MYOCARDIAL INFARCTION, DISCHARGED ALIVE W CC')
insert into DRGCode(Code, Name) values ('282', 'ACUTE MYOCARDIAL INFARCTION, DISCHARGED ALIVE W/O CC/MCC')
insert into DRGCode(Code, Name) values ('283', 'ACUTE MYOCARDIAL INFARCTION, EXPIRED W MCC')
insert into DRGCode(Code, Name) values ('284', 'ACUTE MYOCARDIAL INFARCTION, EXPIRED W CC')
insert into DRGCode(Code, Name) values ('285', 'ACUTE MYOCARDIAL INFARCTION, EXPIRED W/O CC/MCC')
insert into DRGCode(Code, Name) values ('286', 'CIRCULATORY DISORDERS EXCEPT AMI, W CARD CATH W MCC')
insert into DRGCode(Code, Name) values ('287', 'CIRCULATORY DISORDERS EXCEPT AMI, W CARD CATH W/O MCC')
insert into DRGCode(Code, Name) values ('288', 'ACUTE & SUBACUTE ENDOCARDITIS W MCC')
insert into DRGCode(Code, Name) values ('289', 'ACUTE & SUBACUTE ENDOCARDITIS W CC')
insert into DRGCode(Code, Name) values ('290', 'ACUTE & SUBACUTE ENDOCARDITIS W/O CC/MCC')
insert into DRGCode(Code, Name) values ('291', 'HEART FAILURE & SHOCK W MCC')
insert into DRGCode(Code, Name) values ('292', 'HEART FAILURE & SHOCK W CC')
insert into DRGCode(Code, Name) values ('293', 'HEART FAILURE & SHOCK W/O CC/MCC')
insert into DRGCode(Code, Name) values ('294', 'DEEP VEIN THROMBOPHLEBITIS W CC/MCC')
insert into DRGCode(Code, Name) values ('295', 'DEEP VEIN THROMBOPHLEBITIS W/O CC/MCC')
insert into DRGCode(Code, Name) values ('296', 'CARDIAC ARREST, UNEXPLAINED W MCC')
insert into DRGCode(Code, Name) values ('297', 'CARDIAC ARREST, UNEXPLAINED W CC')
insert into DRGCode(Code, Name) values ('298', 'CARDIAC ARREST, UNEXPLAINED W/O CC/MCC')
insert into DRGCode(Code, Name) values ('299', 'PERIPHERAL VASCULAR DISORDERS W MCC')
insert into DRGCode(Code, Name) values ('300', 'PERIPHERAL VASCULAR DISORDERS W CC')
insert into DRGCode(Code, Name) values ('301', 'PERIPHERAL VASCULAR DISORDERS W/O CC/MCC')
insert into DRGCode(Code, Name) values ('302', 'ATHEROSCLEROSIS W MCC')
insert into DRGCode(Code, Name) values ('303', 'ATHEROSCLEROSIS W/O MCC')
insert into DRGCode(Code, Name) values ('304', 'HYPERTENSION W MCC')
insert into DRGCode(Code, Name) values ('305', 'HYPERTENSION W/O MCC')
insert into DRGCode(Code, Name) values ('306', 'CARDIAC CONGENITAL & VALVULAR DISORDERS W MCC')
insert into DRGCode(Code, Name) values ('307', 'CARDIAC CONGENITAL & VALVULAR DISORDERS W/O MCC')
insert into DRGCode(Code, Name) values ('308', 'CARDIAC ARRHYTHMIA & CONDUCTION DISORDERS W MCC')
insert into DRGCode(Code, Name) values ('309', 'CARDIAC ARRHYTHMIA & CONDUCTION DISORDERS W CC')
insert into DRGCode(Code, Name) values ('310', 'CARDIAC ARRHYTHMIA & CONDUCTION DISORDERS W/O CC/MCC')
insert into DRGCode(Code, Name) values ('311', 'ANGINA PECTORIS')
insert into DRGCode(Code, Name) values ('312', 'SYNCOPE & COLLAPSE')
insert into DRGCode(Code, Name) values ('313', 'CHEST PAIN')
insert into DRGCode(Code, Name) values ('314', 'OTHER CIRCULATORY SYSTEM DIAGNOSES W MCC')
insert into DRGCode(Code, Name) values ('315', 'OTHER CIRCULATORY SYSTEM DIAGNOSES W CC')
insert into DRGCode(Code, Name) values ('316', 'OTHER CIRCULATORY SYSTEM DIAGNOSES W/O CC/MCC')
insert into DRGCode(Code, Name) values ('326', 'STOMACH, ESOPHAGEAL & DUODENAL PROC W MCC')
insert into DRGCode(Code, Name) values ('327', 'STOMACH, ESOPHAGEAL & DUODENAL PROC W CC')
insert into DRGCode(Code, Name) values ('328', 'STOMACH, ESOPHAGEAL & DUODENAL PROC W/O CC/MCC')
insert into DRGCode(Code, Name) values ('329', 'MAJOR SMALL & LARGE BOWEL PROCEDURES W MCC')
insert into DRGCode(Code, Name) values ('330', 'MAJOR SMALL & LARGE BOWEL PROCEDURES W CC')
insert into DRGCode(Code, Name) values ('331', 'MAJOR SMALL & LARGE BOWEL PROCEDURES W/O CC/MCC')
insert into DRGCode(Code, Name) values ('332', 'RECTAL RESECTION W MCC')
insert into DRGCode(Code, Name) values ('333', 'RECTAL RESECTION W CC')
insert into DRGCode(Code, Name) values ('334', 'RECTAL RESECTION W/O CC/MCC')
insert into DRGCode(Code, Name) values ('335', 'PERITONEAL ADHESIOLYSIS W MCC')
insert into DRGCode(Code, Name) values ('336', 'PERITONEAL ADHESIOLYSIS W CC')
insert into DRGCode(Code, Name) values ('337', 'PERITONEAL ADHESIOLYSIS W/O CC/MCC')
insert into DRGCode(Code, Name) values ('338', 'APPENDECTOMY W COMPLICATED PRINCIPAL DIAG W MCC')
insert into DRGCode(Code, Name) values ('339', 'APPENDECTOMY W COMPLICATED PRINCIPAL DIAG W CC')
insert into DRGCode(Code, Name) values ('340', 'APPENDECTOMY W COMPLICATED PRINCIPAL DIAG W/O CC/MCC')
insert into DRGCode(Code, Name) values ('341', 'APPENDECTOMY W/O COMPLICATED PRINCIPAL DIAG W MCC')
insert into DRGCode(Code, Name) values ('342', 'APPENDECTOMY W/O COMPLICATED PRINCIPAL DIAG W CC')
insert into DRGCode(Code, Name) values ('343', 'APPENDECTOMY W/O COMPLICATED PRINCIPAL DIAG W/O CC/MCC')
insert into DRGCode(Code, Name) values ('344', 'MINOR SMALL & LARGE BOWEL PROCEDURES W MCC')
insert into DRGCode(Code, Name) values ('345', 'MINOR SMALL & LARGE BOWEL PROCEDURES W CC')
insert into DRGCode(Code, Name) values ('346', 'MINOR SMALL & LARGE BOWEL PROCEDURES W/O CC/MCC')
insert into DRGCode(Code, Name) values ('347', 'ANAL & STOMAL PROCEDURES W MCC')
insert into DRGCode(Code, Name) values ('348', 'ANAL & STOMAL PROCEDURES W CC')
insert into DRGCode(Code, Name) values ('349', 'ANAL & STOMAL PROCEDURES W/O CC/MCC')
insert into DRGCode(Code, Name) values ('350', 'INGUINAL & FEMORAL HERNIA PROCEDURES W MCC')
insert into DRGCode(Code, Name) values ('351', 'INGUINAL & FEMORAL HERNIA PROCEDURES W CC')
insert into DRGCode(Code, Name) values ('352', 'INGUINAL & FEMORAL HERNIA PROCEDURES W/O CC/MCC')
insert into DRGCode(Code, Name) values ('353', 'HERNIA PROCEDURES EXCEPT INGUINAL & FEMORAL W MCC')
insert into DRGCode(Code, Name) values ('354', 'HERNIA PROCEDURES EXCEPT INGUINAL & FEMORAL W CC')
insert into DRGCode(Code, Name) values ('355', 'HERNIA PROCEDURES EXCEPT INGUINAL & FEMORAL W/O CC/MCC')
insert into DRGCode(Code, Name) values ('356', 'OTHER DIGESTIVE SYSTEM O.R. PROCEDURES W MCC')
insert into DRGCode(Code, Name) values ('357', 'OTHER DIGESTIVE SYSTEM O.R. PROCEDURES W CC')
insert into DRGCode(Code, Name) values ('358', 'OTHER DIGESTIVE SYSTEM O.R. PROCEDURES W/O CC/MCC')
insert into DRGCode(Code, Name) values ('368', 'MAJOR ESOPHAGEAL DISORDERS W MCC')
insert into DRGCode(Code, Name) values ('369', 'MAJOR ESOPHAGEAL DISORDERS W CC')
insert into DRGCode(Code, Name) values ('370', 'MAJOR ESOPHAGEAL DISORDERS W/O CC/MCC')
insert into DRGCode(Code, Name) values ('371', 'MAJOR GASTROINTESTINAL DISORDERS & PERITONEAL INFECTIONS W MCC')
insert into DRGCode(Code, Name) values ('372', 'MAJOR GASTROINTESTINAL DISORDERS & PERITONEAL INFECTIONS W CC')
insert into DRGCode(Code, Name) values ('373', 'MAJOR GASTROINTESTINAL DISORDERS & PERITONEAL INFECTIONS W/O CC/MCC')
insert into DRGCode(Code, Name) values ('374', 'DIGESTIVE MALIGNANCY W MCC')
insert into DRGCode(Code, Name) values ('375', 'DIGESTIVE MALIGNANCY W CC')
insert into DRGCode(Code, Name) values ('376', 'DIGESTIVE MALIGNANCY W/O CC/MCC')
insert into DRGCode(Code, Name) values ('377', 'G.I. HEMORRHAGE W MCC')
insert into DRGCode(Code, Name) values ('378', 'G.I. HEMORRHAGE W CC')
insert into DRGCode(Code, Name) values ('379', 'G.I. HEMORRHAGE W/O CC/MCC')
insert into DRGCode(Code, Name) values ('380', 'COMPLICATED PEPTIC ULCER W MCC')
insert into DRGCode(Code, Name) values ('381', 'COMPLICATED PEPTIC ULCER W CC')
insert into DRGCode(Code, Name) values ('382', 'COMPLICATED PEPTIC ULCER W/O CC/MCC')
insert into DRGCode(Code, Name) values ('383', 'UNCOMPLICATED PEPTIC ULCER W MCC')
insert into DRGCode(Code, Name) values ('384', 'UNCOMPLICATED PEPTIC ULCER W/O MCC')
insert into DRGCode(Code, Name) values ('385', 'INFLAMMATORY BOWEL DISEASE W MCC')
insert into DRGCode(Code, Name) values ('386', 'INFLAMMATORY BOWEL DISEASE W CC')
insert into DRGCode(Code, Name) values ('387', 'INFLAMMATORY BOWEL DISEASE W/O CC/MCC')
insert into DRGCode(Code, Name) values ('388', 'G.I. OBSTRUCTION W MCC')
insert into DRGCode(Code, Name) values ('389', 'G.I. OBSTRUCTION W CC')
insert into DRGCode(Code, Name) values ('390', 'G.I. OBSTRUCTION W/O CC/MCC')
insert into DRGCode(Code, Name) values ('391', 'ESOPHAGITIS, GASTROENT & MISC DIGEST DISORDERS W MCC')
insert into DRGCode(Code, Name) values ('392', 'ESOPHAGITIS, GASTROENT & MISC DIGEST DISORDERS W/O MCC')
insert into DRGCode(Code, Name) values ('393', 'OTHER DIGESTIVE SYSTEM DIAGNOSES W MCC')
insert into DRGCode(Code, Name) values ('394', 'OTHER DIGESTIVE SYSTEM DIAGNOSES W CC')
insert into DRGCode(Code, Name) values ('395', 'OTHER DIGESTIVE SYSTEM DIAGNOSES W/O CC/MCC')
insert into DRGCode(Code, Name) values ('405', 'PANCREAS, LIVER & SHUNT PROCEDURES W MCC')
insert into DRGCode(Code, Name) values ('406', 'PANCREAS, LIVER & SHUNT PROCEDURES W CC')
insert into DRGCode(Code, Name) values ('407', 'PANCREAS, LIVER & SHUNT PROCEDURES W/O CC/MCC')
insert into DRGCode(Code, Name) values ('408', 'BILIARY TRACT PROC EXCEPT ONLY CHOLECYST W OR W/O C.D.E. W MCC')
insert into DRGCode(Code, Name) values ('409', 'BILIARY TRACT PROC EXCEPT ONLY CHOLECYST W OR W/O C.D.E. W CC')
insert into DRGCode(Code, Name) values ('410', 'BILIARY TRACT PROC EXCEPT ONLY CHOLECYST W OR W/O C.D.E. W/O CC/MCC')
insert into DRGCode(Code, Name) values ('411', 'CHOLECYSTECTOMY W C.D.E. W MCC')
insert into DRGCode(Code, Name) values ('412', 'CHOLECYSTECTOMY W C.D.E. W CC')
insert into DRGCode(Code, Name) values ('413', 'CHOLECYSTECTOMY W C.D.E. W/O CC/MCC')
insert into DRGCode(Code, Name) values ('414', 'CHOLECYSTECTOMY EXCEPT BY LAPAROSCOPE W/O C.D.E. W MCC')
insert into DRGCode(Code, Name) values ('415', 'CHOLECYSTECTOMY EXCEPT BY LAPAROSCOPE W/O C.D.E. W CC')
insert into DRGCode(Code, Name) values ('416', 'CHOLECYSTECTOMY EXCEPT BY LAPAROSCOPE W/O C.D.E. W/O CC/MCC')
insert into DRGCode(Code, Name) values ('417', 'LAPAROSCOPIC CHOLECYSTECTOMY W/O C.D.E. W MCC')
insert into DRGCode(Code, Name) values ('418', 'LAPAROSCOPIC CHOLECYSTECTOMY W/O C.D.E. W CC')
insert into DRGCode(Code, Name) values ('419', 'LAPAROSCOPIC CHOLECYSTECTOMY W/O C.D.E. W/O CC/MCC')
insert into DRGCode(Code, Name) values ('420', 'HEPATOBILIARY DIAGNOSTIC PROCEDURES W MCC')
insert into DRGCode(Code, Name) values ('421', 'HEPATOBILIARY DIAGNOSTIC PROCEDURES W CC')
insert into DRGCode(Code, Name) values ('422', 'HEPATOBILIARY DIAGNOSTIC PROCEDURES W/O CC/MCC')
insert into DRGCode(Code, Name) values ('423', 'OTHER HEPATOBILIARY OR PANCREAS O.R. PROCEDURES W MCC')
insert into DRGCode(Code, Name) values ('424', 'OTHER HEPATOBILIARY OR PANCREAS O.R. PROCEDURES W CC')
insert into DRGCode(Code, Name) values ('425', 'OTHER HEPATOBILIARY OR PANCREAS O.R. PROCEDURES W/O CC/MCC')
insert into DRGCode(Code, Name) values ('432', 'CIRRHOSIS & ALCOHOLIC HEPATITIS W MCC')
insert into DRGCode(Code, Name) values ('433', 'CIRRHOSIS & ALCOHOLIC HEPATITIS W CC')
insert into DRGCode(Code, Name) values ('434', 'CIRRHOSIS & ALCOHOLIC HEPATITIS W/O CC/MCC')
insert into DRGCode(Code, Name) values ('435', 'MALIGNANCY OF HEPATOBILIARY SYSTEM OR PANCREAS W MCC')
insert into DRGCode(Code, Name) values ('436', 'MALIGNANCY OF HEPATOBILIARY SYSTEM OR PANCREAS W CC')
insert into DRGCode(Code, Name) values ('437', 'MALIGNANCY OF HEPATOBILIARY SYSTEM OR PANCREAS W/O CC/MCC')
insert into DRGCode(Code, Name) values ('438', 'DISORDERS OF PANCREAS EXCEPT MALIGNANCY W MCC')
insert into DRGCode(Code, Name) values ('439', 'DISORDERS OF PANCREAS EXCEPT MALIGNANCY W CC')
insert into DRGCode(Code, Name) values ('440', 'DISORDERS OF PANCREAS EXCEPT MALIGNANCY W/O CC/MCC')
insert into DRGCode(Code, Name) values ('441', 'DISORDERS OF LIVER EXCEPT MALIG,CIRR,ALC HEPA W MCC')
insert into DRGCode(Code, Name) values ('442', 'DISORDERS OF LIVER EXCEPT MALIG,CIRR,ALC HEPA W CC')
insert into DRGCode(Code, Name) values ('443', 'DISORDERS OF LIVER EXCEPT MALIG,CIRR,ALC HEPA W/O CC/MCC')
insert into DRGCode(Code, Name) values ('444', 'DISORDERS OF THE BILIARY TRACT W MCC')
insert into DRGCode(Code, Name) values ('445', 'DISORDERS OF THE BILIARY TRACT W CC')
insert into DRGCode(Code, Name) values ('446', 'DISORDERS OF THE BILIARY TRACT W/O CC/MCC')
insert into DRGCode(Code, Name) values ('453', 'COMBINED ANTERIOR/POSTERIOR SPINAL FUSION W MCC')
insert into DRGCode(Code, Name) values ('454', 'COMBINED ANTERIOR/POSTERIOR SPINAL FUSION W CC')
insert into DRGCode(Code, Name) values ('455', 'COMBINED ANTERIOR/POSTERIOR SPINAL FUSION W/O CC/MCC')
insert into DRGCode(Code, Name) values ('456', 'SPINAL FUS EXC CERV W SPINAL CURV/MALIG/INFEC OR 9+ FUS W MCC')
insert into DRGCode(Code, Name) values ('457', 'SPINAL FUS EXC CERV W SPINAL CURV/MALIG/INFEC OR 9+ FUS W CC')
insert into DRGCode(Code, Name) values ('458', 'SPINAL FUS EXC CERV W SPINAL CURV/MALIG/INFEC OR 9+ FUS W/O CC/MCC')
insert into DRGCode(Code, Name) values ('459', 'SPINAL FUSION EXCEPT CERVICAL W MCC')
insert into DRGCode(Code, Name) values ('460', 'SPINAL FUSION EXCEPT CERVICAL W/O MCC')
insert into DRGCode(Code, Name) values ('461', 'BILATERAL OR MULTIPLE MAJOR JOINT PROCS OF LOWER EXTREMITY W MCC')
insert into DRGCode(Code, Name) values ('462', 'BILATERAL OR MULTIPLE MAJOR JOINT PROCS OF LOWER EXTREMITY W/O MCC')
insert into DRGCode(Code, Name) values ('463', 'WND DEBRID & SKN GRFT EXC HAND, FOR MUSCULO-CONN TISS DIS W MCC')
insert into DRGCode(Code, Name) values ('464', 'WND DEBRID & SKN GRFT EXC HAND, FOR MUSCULO-CONN TISS DIS W CC')
insert into DRGCode(Code, Name) values ('465', 'WND DEBRID & SKN GRFT EXC HAND, FOR MUSCULO-CONN TISS DIS W/O CC/MCC')
insert into DRGCode(Code, Name) values ('466', 'REVISION OF HIP OR KNEE REPLACEMENT W MCC')
insert into DRGCode(Code, Name) values ('467', 'REVISION OF HIP OR KNEE REPLACEMENT W CC')
insert into DRGCode(Code, Name) values ('468', 'REVISION OF HIP OR KNEE REPLACEMENT W/O CC/MCC')
insert into DRGCode(Code, Name) values ('469', 'MAJOR JOINT REPLACEMENT OR REATTACHMENT OF LOWER EXTREMITY W MCC')
insert into DRGCode(Code, Name) values ('470', 'MAJOR JOINT REPLACEMENT OR REATTACHMENT OF LOWER EXTREMITY W/O MCC')
insert into DRGCode(Code, Name) values ('471', 'CERVICAL SPINAL FUSION W MCC')
insert into DRGCode(Code, Name) values ('472', 'CERVICAL SPINAL FUSION W CC')
insert into DRGCode(Code, Name) values ('473', 'CERVICAL SPINAL FUSION W/O CC/MCC')
insert into DRGCode(Code, Name) values ('474', 'AMPUTATION FOR MUSCULOSKELETAL SYS & CONN TISSUE DIS W MCC')
insert into DRGCode(Code, Name) values ('475', 'AMPUTATION FOR MUSCULOSKELETAL SYS & CONN TISSUE DIS W CC')
insert into DRGCode(Code, Name) values ('476', 'AMPUTATION FOR MUSCULOSKELETAL SYS & CONN TISSUE DIS W/O CC/MCC')
insert into DRGCode(Code, Name) values ('477', 'BIOPSIES OF MUSCULOSKELETAL SYSTEM & CONNECTIVE TISSUE W MCC')
insert into DRGCode(Code, Name) values ('478', 'BIOPSIES OF MUSCULOSKELETAL SYSTEM & CONNECTIVE TISSUE W CC')
insert into DRGCode(Code, Name) values ('479', 'BIOPSIES OF MUSCULOSKELETAL SYSTEM & CONNECTIVE TISSUE W/O CC/MCC')
insert into DRGCode(Code, Name) values ('480', 'HIP & FEMUR PROCEDURES EXCEPT MAJOR JOINT W MCC')
insert into DRGCode(Code, Name) values ('481', 'HIP & FEMUR PROCEDURES EXCEPT MAJOR JOINT W CC')
insert into DRGCode(Code, Name) values ('482', 'HIP & FEMUR PROCEDURES EXCEPT MAJOR JOINT W/O CC/MCC')
insert into DRGCode(Code, Name) values ('483', 'MAJOR JOINT & LIMB REATTACHMENT PROC OF UPPER EXTREMITY W CC/MCC')
insert into DRGCode(Code, Name) values ('484', 'MAJOR JOINT & LIMB REATTACHMENT PROC OF UPPER EXTREMITY W/O CC/MCC')
insert into DRGCode(Code, Name) values ('485', 'KNEE PROCEDURES W PDX OF INFECTION W MCC')
insert into DRGCode(Code, Name) values ('486', 'KNEE PROCEDURES W PDX OF INFECTION W CC')
insert into DRGCode(Code, Name) values ('487', 'KNEE PROCEDURES W PDX OF INFECTION W/O CC/MCC')
insert into DRGCode(Code, Name) values ('488', 'KNEE PROCEDURES W/O PDX OF INFECTION W CC/MCC')
insert into DRGCode(Code, Name) values ('489', 'KNEE PROCEDURES W/O PDX OF INFECTION W/O CC/MCC')
insert into DRGCode(Code, Name) values ('490', 'BACK & NECK PROC EXC SPINAL FUSION W CC/MCC OR DISC DEVICE/NEUROSTIM')
insert into DRGCode(Code, Name) values ('491', 'BACK & NECK PROC EXC SPINAL FUSION W/O CC/MCC')
insert into DRGCode(Code, Name) values ('492', 'LOWER EXTREM & HUMER PROC EXCEPT HIP,FOOT,FEMUR W MCC')
insert into DRGCode(Code, Name) values ('493', 'LOWER EXTREM & HUMER PROC EXCEPT HIP,FOOT,FEMUR W CC')
insert into DRGCode(Code, Name) values ('494', 'LOWER EXTREM & HUMER PROC EXCEPT HIP,FOOT,FEMUR W/O CC/MCC')
insert into DRGCode(Code, Name) values ('495', 'LOCAL EXCISION & REMOVAL INT FIX DEVICES EXC HIP & FEMUR W MCC')
insert into DRGCode(Code, Name) values ('496', 'LOCAL EXCISION & REMOVAL INT FIX DEVICES EXC HIP & FEMUR W CC')
insert into DRGCode(Code, Name) values ('497', 'LOCAL EXCISION & REMOVAL INT FIX DEVICES EXC HIP & FEMUR W/O CC/MCC')
insert into DRGCode(Code, Name) values ('498', 'LOCAL EXCISION & REMOVAL INT FIX DEVICES OF HIP & FEMUR W CC/MCC')
insert into DRGCode(Code, Name) values ('499', 'LOCAL EXCISION & REMOVAL INT FIX DEVICES OF HIP & FEMUR W/O CC/MCC')
insert into DRGCode(Code, Name) values ('500', 'SOFT TISSUE PROCEDURES W MCC')
insert into DRGCode(Code, Name) values ('501', 'SOFT TISSUE PROCEDURES W CC')
insert into DRGCode(Code, Name) values ('502', 'SOFT TISSUE PROCEDURES W/O CC/MCC')
insert into DRGCode(Code, Name) values ('503', 'FOOT PROCEDURES W MCC')
insert into DRGCode(Code, Name) values ('504', 'FOOT PROCEDURES W CC')
insert into DRGCode(Code, Name) values ('505', 'FOOT PROCEDURES W/O CC/MCC')
insert into DRGCode(Code, Name) values ('506', 'MAJOR THUMB OR JOINT PROCEDURES')
insert into DRGCode(Code, Name) values ('507', 'MAJOR SHOULDER OR ELBOW JOINT PROCEDURES W CC/MCC')
insert into DRGCode(Code, Name) values ('508', 'MAJOR SHOULDER OR ELBOW JOINT PROCEDURES W/O CC/MCC')
insert into DRGCode(Code, Name) values ('509', 'ARTHROSCOPY')
insert into DRGCode(Code, Name) values ('510', 'SHOULDER,ELBOW OR FOREARM PROC,EXC MAJOR JOINT PROC W MCC')
insert into DRGCode(Code, Name) values ('511', 'SHOULDER,ELBOW OR FOREARM PROC,EXC MAJOR JOINT PROC W CC')
insert into DRGCode(Code, Name) values ('512', 'SHOULDER,ELBOW OR FOREARM PROC,EXC MAJOR JOINT PROC W/O CC/MCC')
insert into DRGCode(Code, Name) values ('513', 'HAND OR WRIST PROC, EXCEPT MAJOR THUMB OR JOINT PROC W CC/MCC')
insert into DRGCode(Code, Name) values ('514', 'HAND OR WRIST PROC, EXCEPT MAJOR THUMB OR JOINT PROC W/O CC/MCC')
insert into DRGCode(Code, Name) values ('515', 'OTHER MUSCULOSKELET SYS & CONN TISS O.R. PROC W MCC')
insert into DRGCode(Code, Name) values ('516', 'OTHER MUSCULOSKELET SYS & CONN TISS O.R. PROC W CC')
insert into DRGCode(Code, Name) values ('517', 'OTHER MUSCULOSKELET SYS & CONN TISS O.R. PROC W/O CC/MCC')
insert into DRGCode(Code, Name) values ('533', 'FRACTURES OF FEMUR W MCC')
insert into DRGCode(Code, Name) values ('534', 'FRACTURES OF FEMUR W/O MCC')
insert into DRGCode(Code, Name) values ('535', 'FRACTURES OF HIP & PELVIS W MCC')
insert into DRGCode(Code, Name) values ('536', 'FRACTURES OF HIP & PELVIS W/O MCC')
insert into DRGCode(Code, Name) values ('537', 'SPRAINS, STRAINS, & DISLOCATIONS OF HIP, PELVIS & THIGH W CC/MCC')
insert into DRGCode(Code, Name) values ('538', 'SPRAINS, STRAINS, & DISLOCATIONS OF HIP, PELVIS & THIGH W/O CC/MCC')
insert into DRGCode(Code, Name) values ('539', 'OSTEOMYELITIS W MCC')
insert into DRGCode(Code, Name) values ('540', 'OSTEOMYELITIS W CC')
insert into DRGCode(Code, Name) values ('541', 'OSTEOMYELITIS W/O CC/MCC')
insert into DRGCode(Code, Name) values ('542', 'PATHOLOGICAL FRACTURES & MUSCULOSKELET & CONN TISS MALIG W MCC')
insert into DRGCode(Code, Name) values ('543', 'PATHOLOGICAL FRACTURES & MUSCULOSKELET & CONN TISS MALIG W CC')
insert into DRGCode(Code, Name) values ('544', 'PATHOLOGICAL FRACTURES & MUSCULOSKELET & CONN TISS MALIG W/O CC/MCC')
insert into DRGCode(Code, Name) values ('545', 'CONNECTIVE TISSUE DISORDERS W MCC')
insert into DRGCode(Code, Name) values ('546', 'CONNECTIVE TISSUE DISORDERS W CC')
insert into DRGCode(Code, Name) values ('547', 'CONNECTIVE TISSUE DISORDERS W/O CC/MCC')
insert into DRGCode(Code, Name) values ('548', 'SEPTIC ARTHRITIS W MCC')
insert into DRGCode(Code, Name) values ('549', 'SEPTIC ARTHRITIS W CC')
insert into DRGCode(Code, Name) values ('550', 'SEPTIC ARTHRITIS W/O CC/MCC')
insert into DRGCode(Code, Name) values ('551', 'MEDICAL BACK PROBLEMS W MCC')
insert into DRGCode(Code, Name) values ('552', 'MEDICAL BACK PROBLEMS W/O MCC')
insert into DRGCode(Code, Name) values ('553', 'BONE DISEASES & ARTHROPATHIES W MCC')
insert into DRGCode(Code, Name) values ('554', 'BONE DISEASES & ARTHROPATHIES W/O MCC')
insert into DRGCode(Code, Name) values ('555', 'SIGNS & SYMPTOMS OF MUSCULOSKELETAL SYSTEM & CONN TISSUE W MCC')
insert into DRGCode(Code, Name) values ('556', 'SIGNS & SYMPTOMS OF MUSCULOSKELETAL SYSTEM & CONN TISSUE W/O MCC')
insert into DRGCode(Code, Name) values ('557', 'TENDONITIS, MYOSITIS & BURSITIS W MCC')
insert into DRGCode(Code, Name) values ('558', 'TENDONITIS, MYOSITIS & BURSITIS W/O MCC')
insert into DRGCode(Code, Name) values ('559', 'AFTERCARE, MUSCULOSKELETAL SYSTEM & CONNECTIVE TISSUE W MCC')
insert into DRGCode(Code, Name) values ('560', 'AFTERCARE, MUSCULOSKELETAL SYSTEM & CONNECTIVE TISSUE W CC')
insert into DRGCode(Code, Name) values ('561', 'AFTERCARE, MUSCULOSKELETAL SYSTEM & CONNECTIVE TISSUE W/O CC/MCC')
insert into DRGCode(Code, Name) values ('562', 'FX, SPRN, STRN & DISL EXCEPT FEMUR, HIP, PELVIS & THIGH W MCC')
insert into DRGCode(Code, Name) values ('563', 'FX, SPRN, STRN & DISL EXCEPT FEMUR, HIP, PELVIS & THIGH W/O MCC')
insert into DRGCode(Code, Name) values ('564', 'OTHER MUSCULOSKELETAL SYS & CONNECTIVE TISSUE DIAGNOSES W MCC')
insert into DRGCode(Code, Name) values ('565', 'OTHER MUSCULOSKELETAL SYS & CONNECTIVE TISSUE DIAGNOSES W CC')
insert into DRGCode(Code, Name) values ('566', 'OTHER MUSCULOSKELETAL SYS & CONNECTIVE TISSUE DIAGNOSES W/O CC/MCC')
insert into DRGCode(Code, Name) values ('573', 'SKIN GRAFT &/OR DEBRID FOR SKN ULCER OR CELLULITIS W MCC')
insert into DRGCode(Code, Name) values ('574', 'SKIN GRAFT &/OR DEBRID FOR SKN ULCER OR CELLULITIS W CC')
insert into DRGCode(Code, Name) values ('575', 'SKIN GRAFT &/OR DEBRID FOR SKN ULCER OR CELLULITIS W/O CC/MCC')
insert into DRGCode(Code, Name) values ('576', 'SKIN GRAFT &/OR DEBRID EXC FOR SKIN ULCER OR CELLULITIS W MCC')
insert into DRGCode(Code, Name) values ('577', 'SKIN GRAFT &/OR DEBRID EXC FOR SKIN ULCER OR CELLULITIS W CC')
insert into DRGCode(Code, Name) values ('578', 'SKIN GRAFT &/OR DEBRID EXC FOR SKIN ULCER OR CELLULITIS W/O CC/MCC')
insert into DRGCode(Code, Name) values ('579', 'OTHER SKIN, SUBCUT TISS & BREAST PROC W MCC')
insert into DRGCode(Code, Name) values ('580', 'OTHER SKIN, SUBCUT TISS & BREAST PROC W CC')
insert into DRGCode(Code, Name) values ('581', 'OTHER SKIN, SUBCUT TISS & BREAST PROC W/O CC/MCC')
insert into DRGCode(Code, Name) values ('582', 'MASTECTOMY FOR MALIGNANCY W CC/MCC')
insert into DRGCode(Code, Name) values ('583', 'MASTECTOMY FOR MALIGNANCY W/O CC/MCC')
insert into DRGCode(Code, Name) values ('584', 'BREAST BIOPSY, LOCAL EXCISION & OTHER BREAST PROCEDURES W CC/MCC')
insert into DRGCode(Code, Name) values ('585', 'BREAST BIOPSY, LOCAL EXCISION & OTHER BREAST PROCEDURES W/O CC/MCC')
insert into DRGCode(Code, Name) values ('592', 'SKIN ULCERS W MCC')
insert into DRGCode(Code, Name) values ('593', 'SKIN ULCERS W CC')
insert into DRGCode(Code, Name) values ('594', 'SKIN ULCERS W/O CC/MCC')
insert into DRGCode(Code, Name) values ('595', 'MAJOR SKIN DISORDERS W MCC')
insert into DRGCode(Code, Name) values ('596', 'MAJOR SKIN DISORDERS W/O MCC')
insert into DRGCode(Code, Name) values ('597', 'MALIGNANT BREAST DISORDERS W MCC')
insert into DRGCode(Code, Name) values ('598', 'MALIGNANT BREAST DISORDERS W CC')
insert into DRGCode(Code, Name) values ('599', 'MALIGNANT BREAST DISORDERS W/O CC/MCC')
insert into DRGCode(Code, Name) values ('600', 'NON-MALIGNANT BREAST DISORDERS W CC/MCC')
insert into DRGCode(Code, Name) values ('601', 'NON-MALIGNANT BREAST DISORDERS W/O CC/MCC')
insert into DRGCode(Code, Name) values ('602', 'CELLULITIS W MCC')
insert into DRGCode(Code, Name) values ('603', 'CELLULITIS W/O MCC')
insert into DRGCode(Code, Name) values ('604', 'TRAUMA TO THE SKIN, SUBCUT TISS & BREAST W MCC')
insert into DRGCode(Code, Name) values ('605', 'TRAUMA TO THE SKIN, SUBCUT TISS & BREAST W/O MCC')
insert into DRGCode(Code, Name) values ('606', 'MINOR SKIN DISORDERS W MCC')
insert into DRGCode(Code, Name) values ('607', 'MINOR SKIN DISORDERS W/O MCC')
insert into DRGCode(Code, Name) values ('614', 'ADRENAL & PITUITARY PROCEDURES W CC/MCC')
insert into DRGCode(Code, Name) values ('615', 'ADRENAL & PITUITARY PROCEDURES W/O CC/MCC')
insert into DRGCode(Code, Name) values ('616', 'AMPUTAT OF LOWER LIMB FOR ENDOCRINE,NUTRIT,& METABOL DIS W MCC')
insert into DRGCode(Code, Name) values ('617', 'AMPUTAT OF LOWER LIMB FOR ENDOCRINE,NUTRIT,& METABOL DIS W CC')
insert into DRGCode(Code, Name) values ('618', 'AMPUTAT OF LOWER LIMB FOR ENDOCRINE,NUTRIT,& METABOL DIS W/O CC/MCC')
insert into DRGCode(Code, Name) values ('619', 'O.R. PROCEDURES FOR OBESITY W MCC')
insert into DRGCode(Code, Name) values ('620', 'O.R. PROCEDURES FOR OBESITY W CC')
insert into DRGCode(Code, Name) values ('621', 'O.R. PROCEDURES FOR OBESITY W/O CC/MCC')
insert into DRGCode(Code, Name) values ('622', 'SKIN GRAFTS & WOUND DEBRID FOR ENDOC, NUTRIT & METAB DIS W MCC')
insert into DRGCode(Code, Name) values ('623', 'SKIN GRAFTS & WOUND DEBRID FOR ENDOC, NUTRIT & METAB DIS W CC')
insert into DRGCode(Code, Name) values ('624', 'SKIN GRAFTS & WOUND DEBRID FOR ENDOC, NUTRIT & METAB DIS W/O CC/MCC')
insert into DRGCode(Code, Name) values ('625', 'THYROID, PARATHYROID & THYROGLOSSAL PROCEDURES W MCC')
insert into DRGCode(Code, Name) values ('626', 'THYROID, PARATHYROID & THYROGLOSSAL PROCEDURES W CC')
insert into DRGCode(Code, Name) values ('627', 'THYROID, PARATHYROID & THYROGLOSSAL PROCEDURES W/O CC/MCC')
insert into DRGCode(Code, Name) values ('628', 'OTHER ENDOCRINE, NUTRIT & METAB O.R. PROC W MCC')
insert into DRGCode(Code, Name) values ('629', 'OTHER ENDOCRINE, NUTRIT & METAB O.R. PROC W CC')
insert into DRGCode(Code, Name) values ('630', 'OTHER ENDOCRINE, NUTRIT & METAB O.R. PROC W/O CC/MCC')
insert into DRGCode(Code, Name) values ('637', 'DIABETES W MCC')
insert into DRGCode(Code, Name) values ('638', 'DIABETES W CC')
insert into DRGCode(Code, Name) values ('639', 'DIABETES W/O CC/MCC')
insert into DRGCode(Code, Name) values ('640', 'NUTRITIONAL & MISC METABOLIC DISORDERS W MCC')
insert into DRGCode(Code, Name) values ('641', 'NUTRITIONAL & MISC METABOLIC DISORDERS W/O MCC')
insert into DRGCode(Code, Name) values ('642', 'INBORN ERRORS OF METABOLISM')
insert into DRGCode(Code, Name) values ('643', 'ENDOCRINE DISORDERS W MCC')
insert into DRGCode(Code, Name) values ('644', 'ENDOCRINE DISORDERS W CC')
insert into DRGCode(Code, Name) values ('645', 'ENDOCRINE DISORDERS W/O CC/MCC')
insert into DRGCode(Code, Name) values ('652', 'KIDNEY TRANSPLANT')
insert into DRGCode(Code, Name) values ('653', 'MAJOR BLADDER PROCEDURES W MCC')
insert into DRGCode(Code, Name) values ('654', 'MAJOR BLADDER PROCEDURES W CC')
insert into DRGCode(Code, Name) values ('655', 'MAJOR BLADDER PROCEDURES W/O CC/MCC')
insert into DRGCode(Code, Name) values ('656', 'KIDNEY & URETER PROCEDURES FOR NEOPLASM W MCC')
insert into DRGCode(Code, Name) values ('657', 'KIDNEY & URETER PROCEDURES FOR NEOPLASM W CC')
insert into DRGCode(Code, Name) values ('658', 'KIDNEY & URETER PROCEDURES FOR NEOPLASM W/O CC/MCC')
insert into DRGCode(Code, Name) values ('659', 'KIDNEY & URETER PROCEDURES FOR NON-NEOPLASM W MCC')
insert into DRGCode(Code, Name) values ('660', 'KIDNEY & URETER PROCEDURES FOR NON-NEOPLASM W CC')
insert into DRGCode(Code, Name) values ('661', 'KIDNEY & URETER PROCEDURES FOR NON-NEOPLASM W/O CC/MCC')
insert into DRGCode(Code, Name) values ('662', 'MINOR BLADDER PROCEDURES W MCC')
insert into DRGCode(Code, Name) values ('663', 'MINOR BLADDER PROCEDURES W CC')
insert into DRGCode(Code, Name) values ('664', 'MINOR BLADDER PROCEDURES W/O CC/MCC')
insert into DRGCode(Code, Name) values ('665', 'PROSTATECTOMY W MCC')
insert into DRGCode(Code, Name) values ('666', 'PROSTATECTOMY W CC')
insert into DRGCode(Code, Name) values ('667', 'PROSTATECTOMY W/O CC/MCC')
insert into DRGCode(Code, Name) values ('668', 'TRANSURETHRAL PROCEDURES W MCC')
insert into DRGCode(Code, Name) values ('669', 'TRANSURETHRAL PROCEDURES W CC')
insert into DRGCode(Code, Name) values ('670', 'TRANSURETHRAL PROCEDURES W/O CC/MCC')
insert into DRGCode(Code, Name) values ('671', 'URETHRAL PROCEDURES W CC/MCC')
insert into DRGCode(Code, Name) values ('672', 'URETHRAL PROCEDURES W/O CC/MCC')
insert into DRGCode(Code, Name) values ('673', 'OTHER KIDNEY & URINARY TRACT PROCEDURES W MCC')
insert into DRGCode(Code, Name) values ('674', 'OTHER KIDNEY & URINARY TRACT PROCEDURES W CC')
insert into DRGCode(Code, Name) values ('675', 'OTHER KIDNEY & URINARY TRACT PROCEDURES W/O CC/MCC')
insert into DRGCode(Code, Name) values ('682', 'RENAL FAILURE W MCC')
insert into DRGCode(Code, Name) values ('683', 'RENAL FAILURE W CC')
insert into DRGCode(Code, Name) values ('684', 'RENAL FAILURE W/O CC/MCC')
insert into DRGCode(Code, Name) values ('685', 'ADMIT FOR RENAL DIALYSIS')
insert into DRGCode(Code, Name) values ('686', 'KIDNEY & URINARY TRACT NEOPLASMS W MCC')
insert into DRGCode(Code, Name) values ('687', 'KIDNEY & URINARY TRACT NEOPLASMS W CC')
insert into DRGCode(Code, Name) values ('688', 'KIDNEY & URINARY TRACT NEOPLASMS W/O CC/MCC')
insert into DRGCode(Code, Name) values ('689', 'KIDNEY & URINARY TRACT INFECTIONS W MCC')
insert into DRGCode(Code, Name) values ('690', 'KIDNEY & URINARY TRACT INFECTIONS W/O MCC')
insert into DRGCode(Code, Name) values ('691', 'URINARY STONES W ESW LITHOTRIPSY W CC/MCC')
insert into DRGCode(Code, Name) values ('692', 'URINARY STONES W ESW LITHOTRIPSY W/O CC/MCC')
insert into DRGCode(Code, Name) values ('693', 'URINARY STONES W/O ESW LITHOTRIPSY W MCC')
insert into DRGCode(Code, Name) values ('694', 'URINARY STONES W/O ESW LITHOTRIPSY W/O MCC')
insert into DRGCode(Code, Name) values ('695', 'KIDNEY & URINARY TRACT SIGNS & SYMPTOMS W MCC')
insert into DRGCode(Code, Name) values ('696', 'KIDNEY & URINARY TRACT SIGNS & SYMPTOMS W/O MCC')
insert into DRGCode(Code, Name) values ('697', 'URETHRAL STRICTURE')
insert into DRGCode(Code, Name) values ('698', 'OTHER KIDNEY & URINARY TRACT DIAGNOSES W MCC')
insert into DRGCode(Code, Name) values ('699', 'OTHER KIDNEY & URINARY TRACT DIAGNOSES W CC')
insert into DRGCode(Code, Name) values ('700', 'OTHER KIDNEY & URINARY TRACT DIAGNOSES W/O CC/MCC')
insert into DRGCode(Code, Name) values ('707', 'MAJOR MALE PELVIC PROCEDURES W CC/MCC')
insert into DRGCode(Code, Name) values ('708', 'MAJOR MALE PELVIC PROCEDURES W/O CC/MCC')
insert into DRGCode(Code, Name) values ('709', 'PENIS PROCEDURES W CC/MCC')
insert into DRGCode(Code, Name) values ('710', 'PENIS PROCEDURES W/O CC/MCC')
insert into DRGCode(Code, Name) values ('711', 'TESTES PROCEDURES W CC/MCC')
insert into DRGCode(Code, Name) values ('712', 'TESTES PROCEDURES W/O CC/MCC')
insert into DRGCode(Code, Name) values ('713', 'TRANSURETHRAL PROSTATECTOMY W CC/MCC')
insert into DRGCode(Code, Name) values ('714', 'TRANSURETHRAL PROSTATECTOMY W/O CC/MCC')
insert into DRGCode(Code, Name) values ('715', 'OTHER MALE REPRODUCTIVE SYSTEM O.R. PROC FOR MALIGNANCY W CC/MCC')
insert into DRGCode(Code, Name) values ('716', 'OTHER MALE REPRODUCTIVE SYSTEM O.R. PROC FOR MALIGNANCY W/O CC/MCC')
insert into DRGCode(Code, Name) values ('717', 'OTHER MALE REPRODUCTIVE SYSTEM O.R. PROC EXC MALIGNANCY W CC/MCC')
insert into DRGCode(Code, Name) values ('718', 'OTHER MALE REPRODUCTIVE SYSTEM O.R. PROC EXC MALIGNANCY W/O CC/MCC')
insert into DRGCode(Code, Name) values ('722', 'MALIGNANCY, MALE REPRODUCTIVE SYSTEM W MCC')
insert into DRGCode(Code, Name) values ('723', 'MALIGNANCY, MALE REPRODUCTIVE SYSTEM W CC')
insert into DRGCode(Code, Name) values ('724', 'MALIGNANCY, MALE REPRODUCTIVE SYSTEM W/O CC/MCC')
insert into DRGCode(Code, Name) values ('725', 'BENIGN PROSTATIC HYPERTROPHY W MCC')
insert into DRGCode(Code, Name) values ('726', 'BENIGN PROSTATIC HYPERTROPHY W/O MCC')
insert into DRGCode(Code, Name) values ('727', 'INFLAMMATION OF THE MALE REPRODUCTIVE SYSTEM W MCC')
insert into DRGCode(Code, Name) values ('728', 'INFLAMMATION OF THE MALE REPRODUCTIVE SYSTEM W/O MCC')
insert into DRGCode(Code, Name) values ('729', 'OTHER MALE REPRODUCTIVE SYSTEM DIAGNOSES W CC/MCC')
insert into DRGCode(Code, Name) values ('730', 'OTHER MALE REPRODUCTIVE SYSTEM DIAGNOSES W/O CC/MCC')
insert into DRGCode(Code, Name) values ('734', 'PELVIC EVISCERATION, RAD HYSTERECTOMY & RAD VULVECTOMY W CC/MCC')
insert into DRGCode(Code, Name) values ('735', 'PELVIC EVISCERATION, RAD HYSTERECTOMY & RAD VULVECTOMY W/O CC/MCC')
insert into DRGCode(Code, Name) values ('736', 'UTERINE & ADNEXA PROC FOR OVARIAN OR ADNEXAL MALIGNANCY W MCC')
insert into DRGCode(Code, Name) values ('737', 'UTERINE & ADNEXA PROC FOR OVARIAN OR ADNEXAL MALIGNANCY W CC')
insert into DRGCode(Code, Name) values ('738', 'UTERINE & ADNEXA PROC FOR OVARIAN OR ADNEXAL MALIGNANCY W/O CC/MCC')
insert into DRGCode(Code, Name) values ('739', 'UTERINE,ADNEXA PROC FOR NON-OVARIAN/ADNEXAL MALIG W MCC')
insert into DRGCode(Code, Name) values ('740', 'UTERINE,ADNEXA PROC FOR NON-OVARIAN/ADNEXAL MALIG W CC')
insert into DRGCode(Code, Name) values ('741', 'UTERINE,ADNEXA PROC FOR NON-OVARIAN/ADNEXAL MALIG W/O CC/MCC')
insert into DRGCode(Code, Name) values ('742', 'UTERINE & ADNEXA PROC FOR NON-MALIGNANCY W CC/MCC')
insert into DRGCode(Code, Name) values ('743', 'UTERINE & ADNEXA PROC FOR NON-MALIGNANCY W/O CC/MCC')
insert into DRGCode(Code, Name) values ('744', 'D&C, CONIZATION, LAPAROSCOPY & TUBAL INTERRUPTION W CC/MCC')
insert into DRGCode(Code, Name) values ('745', 'D&C, CONIZATION, LAPAROSCOPY & TUBAL INTERRUPTION W/O CC/MCC')
insert into DRGCode(Code, Name) values ('746', 'VAGINA, CERVIX & VULVA PROCEDURES W CC/MCC')
insert into DRGCode(Code, Name) values ('747', 'VAGINA, CERVIX & VULVA PROCEDURES W/O CC/MCC')
insert into DRGCode(Code, Name) values ('748', 'FEMALE REPRODUCTIVE SYSTEM RECONSTRUCTIVE PROCEDURES')
insert into DRGCode(Code, Name) values ('749', 'OTHER FEMALE REPRODUCTIVE SYSTEM O.R. PROCEDURES W CC/MCC')
insert into DRGCode(Code, Name) values ('750', 'OTHER FEMALE REPRODUCTIVE SYSTEM O.R. PROCEDURES W/O CC/MCC')
insert into DRGCode(Code, Name) values ('754', 'MALIGNANCY, FEMALE REPRODUCTIVE SYSTEM W MCC')
insert into DRGCode(Code, Name) values ('755', 'MALIGNANCY, FEMALE REPRODUCTIVE SYSTEM W CC')
insert into DRGCode(Code, Name) values ('756', 'MALIGNANCY, FEMALE REPRODUCTIVE SYSTEM W/O CC/MCC')
insert into DRGCode(Code, Name) values ('757', 'INFECTIONS, FEMALE REPRODUCTIVE SYSTEM W MCC')
insert into DRGCode(Code, Name) values ('758', 'INFECTIONS, FEMALE REPRODUCTIVE SYSTEM W CC')
insert into DRGCode(Code, Name) values ('759', 'INFECTIONS, FEMALE REPRODUCTIVE SYSTEM W/O CC/MCC')
insert into DRGCode(Code, Name) values ('760', 'MENSTRUAL & OTHER FEMALE REPRODUCTIVE SYSTEM DISORDERS W CC/MCC')
insert into DRGCode(Code, Name) values ('761', 'MENSTRUAL & OTHER FEMALE REPRODUCTIVE SYSTEM DISORDERS W/O CC/MCC')
insert into DRGCode(Code, Name) values ('765', 'CESAREAN SECTION W CC/MCC')
insert into DRGCode(Code, Name) values ('766', 'CESAREAN SECTION W/O CC/MCC')
insert into DRGCode(Code, Name) values ('767', 'VAGINAL DELIVERY W STERILIZATION &/OR D&C')
insert into DRGCode(Code, Name) values ('768', 'VAGINAL DELIVERY W O.R. PROC EXCEPT STERIL &/OR D&C')
insert into DRGCode(Code, Name) values ('769', 'POSTPARTUM & POST ABORTION DIAGNOSES W O.R. PROCEDURE')
insert into DRGCode(Code, Name) values ('770', 'ABORTION W D&C, ASPIRATION CURETTAGE OR HYSTEROTOMY')
insert into DRGCode(Code, Name) values ('774', 'VAGINAL DELIVERY W COMPLICATING DIAGNOSES')
insert into DRGCode(Code, Name) values ('775', 'VAGINAL DELIVERY W/O COMPLICATING DIAGNOSES')
insert into DRGCode(Code, Name) values ('776', 'POSTPARTUM & POST ABORTION DIAGNOSES W/O O.R. PROCEDURE')
insert into DRGCode(Code, Name) values ('777', 'ECTOPIC PREGNANCY')
insert into DRGCode(Code, Name) values ('778', 'THREATENED ABORTION')
insert into DRGCode(Code, Name) values ('779', 'ABORTION W/O D&C')
insert into DRGCode(Code, Name) values ('780', 'FALSE LABOR')
insert into DRGCode(Code, Name) values ('781', 'OTHER ANTEPARTUM DIAGNOSES W MEDICAL COMPLICATIONS')
insert into DRGCode(Code, Name) values ('782', 'OTHER ANTEPARTUM DIAGNOSES W/O MEDICAL COMPLICATIONS')
insert into DRGCode(Code, Name) values ('789', 'NEONATES, DIED OR TRANSFERRED TO ANOTHER ACUTE CARE FACILITY')
insert into DRGCode(Code, Name) values ('790', 'EXTREME IMMATURITY OR RESPIRATORY DISTRESS SYNDROME, NEONATE')
insert into DRGCode(Code, Name) values ('791', 'PREMATURITY W MAJOR PROBLEMS')
insert into DRGCode(Code, Name) values ('792', 'PREMATURITY W/O MAJOR PROBLEMS')
insert into DRGCode(Code, Name) values ('793', 'FULL TERM NEONATE W MAJOR PROBLEMS')
insert into DRGCode(Code, Name) values ('794', 'NEONATE W OTHER SIGNIFICANT PROBLEMS')
insert into DRGCode(Code, Name) values ('795', 'NORMAL NEWBORN')
insert into DRGCode(Code, Name) values ('799', 'SPLENECTOMY W MCC')
insert into DRGCode(Code, Name) values ('800', 'SPLENECTOMY W CC')
insert into DRGCode(Code, Name) values ('801', 'SPLENECTOMY W/O CC/MCC')
insert into DRGCode(Code, Name) values ('802', 'OTHER O.R. PROC OF THE BLOOD & BLOOD FORMING ORGANS W MCC')
insert into DRGCode(Code, Name) values ('803', 'OTHER O.R. PROC OF THE BLOOD & BLOOD FORMING ORGANS W CC')
insert into DRGCode(Code, Name) values ('804', 'OTHER O.R. PROC OF THE BLOOD & BLOOD FORMING ORGANS W/O CC/MCC')
insert into DRGCode(Code, Name) values ('808', 'MAJOR HEMATOL/IMMUN DIAG EXC SICKLE CELL CRISIS & COAGUL W MCC')
insert into DRGCode(Code, Name) values ('809', 'MAJOR HEMATOL/IMMUN DIAG EXC SICKLE CELL CRISIS & COAGUL W CC')
insert into DRGCode(Code, Name) values ('810', 'MAJOR HEMATOL/IMMUN DIAG EXC SICKLE CELL CRISIS & COAGUL W/O CC/MCC')
insert into DRGCode(Code, Name) values ('811', 'RED BLOOD CELL DISORDERS W MCC')
insert into DRGCode(Code, Name) values ('812', 'RED BLOOD CELL DISORDERS W/O MCC')
insert into DRGCode(Code, Name) values ('813', 'COAGULATION DISORDERS')
insert into DRGCode(Code, Name) values ('814', 'RETICULOENDOTHELIAL & IMMUNITY DISORDERS W MCC')
insert into DRGCode(Code, Name) values ('815', 'RETICULOENDOTHELIAL & IMMUNITY DISORDERS W CC')
insert into DRGCode(Code, Name) values ('816', 'RETICULOENDOTHELIAL & IMMUNITY DISORDERS W/O CC/MCC')
insert into DRGCode(Code, Name) values ('820', 'LYMPHOMA & LEUKEMIA W MAJOR O.R. PROCEDURE W MCC')
insert into DRGCode(Code, Name) values ('821', 'LYMPHOMA & LEUKEMIA W MAJOR O.R. PROCEDURE W CC')
insert into DRGCode(Code, Name) values ('822', 'LYMPHOMA & LEUKEMIA W MAJOR O.R. PROCEDURE W/O CC/MCC')
insert into DRGCode(Code, Name) values ('823', 'LYMPHOMA & NON-ACUTE LEUKEMIA W OTHER O.R. PROC W MCC')
insert into DRGCode(Code, Name) values ('824', 'LYMPHOMA & NON-ACUTE LEUKEMIA W OTHER O.R. PROC W CC')
insert into DRGCode(Code, Name) values ('825', 'LYMPHOMA & NON-ACUTE LEUKEMIA W OTHER O.R. PROC W/O CC/MCC')
insert into DRGCode(Code, Name) values ('826', 'MYELOPROLIF DISORD OR POORLY DIFF NEOPL W MAJ O.R. PROC W MCC')
insert into DRGCode(Code, Name) values ('827', 'MYELOPROLIF DISORD OR POORLY DIFF NEOPL W MAJ O.R. PROC W CC')
insert into DRGCode(Code, Name) values ('828', 'MYELOPROLIF DISORD OR POORLY DIFF NEOPL W MAJ O.R. PROC W/O CC/MCC')
insert into DRGCode(Code, Name) values ('829', 'MYELOPROLIF DISORD OR POORLY DIFF NEOPL W OTHER O.R. PROC W CC/MCC')
insert into DRGCode(Code, Name) values ('830', 'MYELOPROLIF DISORD OR POORLY DIFF NEOPL W OTHER O.R. PROC W/O CC/MCC')
insert into DRGCode(Code, Name) values ('834', 'ACUTE LEUKEMIA W/O MAJOR O.R. PROCEDURE W MCC')
insert into DRGCode(Code, Name) values ('835', 'ACUTE LEUKEMIA W/O MAJOR O.R. PROCEDURE W CC')
insert into DRGCode(Code, Name) values ('836', 'ACUTE LEUKEMIA W/O MAJOR O.R. PROCEDURE W/O CC/MCC')
insert into DRGCode(Code, Name) values ('837', 'CHEMO W ACUTE LEUKEMIA AS SDX OR W HIGH DOSE CHEMO AGENT W MCC')
insert into DRGCode(Code, Name) values ('838', 'CHEMO W ACUTE LEUKEMIA AS SDX W CC OR HIGH DOSE CHEMO AGENT')
insert into DRGCode(Code, Name) values ('839', 'CHEMO W ACUTE LEUKEMIA AS SDX W/O CC/MCC')
insert into DRGCode(Code, Name) values ('840', 'LYMPHOMA & NON-ACUTE LEUKEMIA W MCC')
insert into DRGCode(Code, Name) values ('841', 'LYMPHOMA & NON-ACUTE LEUKEMIA W CC')
insert into DRGCode(Code, Name) values ('842', 'LYMPHOMA & NON-ACUTE LEUKEMIA W/O CC/MCC')
insert into DRGCode(Code, Name) values ('843', 'OTHER MYELOPROLIF DIS OR POORLY DIFF NEOPL DIAG W MCC')
insert into DRGCode(Code, Name) values ('844', 'OTHER MYELOPROLIF DIS OR POORLY DIFF NEOPL DIAG W CC')
insert into DRGCode(Code, Name) values ('845', 'OTHER MYELOPROLIF DIS OR POORLY DIFF NEOPL DIAG W/O CC/MCC')
insert into DRGCode(Code, Name) values ('846', 'CHEMOTHERAPY W/O ACUTE LEUKEMIA AS SECONDARY DIAGNOSIS W MCC')
insert into DRGCode(Code, Name) values ('847', 'CHEMOTHERAPY W/O ACUTE LEUKEMIA AS SECONDARY DIAGNOSIS W CC')
insert into DRGCode(Code, Name) values ('848', 'CHEMOTHERAPY W/O ACUTE LEUKEMIA AS SECONDARY DIAGNOSIS W/O CC/MCC')
insert into DRGCode(Code, Name) values ('849', 'RADIOTHERAPY')
insert into DRGCode(Code, Name) values ('853', 'INFECTIOUS & PARASITIC DISEASES W O.R. PROCEDURE W MCC')
insert into DRGCode(Code, Name) values ('854', 'INFECTIOUS & PARASITIC DISEASES W O.R. PROCEDURE W CC')
insert into DRGCode(Code, Name) values ('855', 'INFECTIOUS & PARASITIC DISEASES W O.R. PROCEDURE W/O CC/MCC')
insert into DRGCode(Code, Name) values ('856', 'POSTOPERATIVE OR POST-TRAUMATIC INFECTIONS W O.R. PROC W MCC')
insert into DRGCode(Code, Name) values ('857', 'POSTOPERATIVE OR POST-TRAUMATIC INFECTIONS W O.R. PROC W CC')
insert into DRGCode(Code, Name) values ('858', 'POSTOPERATIVE OR POST-TRAUMATIC INFECTIONS W O.R. PROC W/O CC/MCC')
insert into DRGCode(Code, Name) values ('862', 'POSTOPERATIVE & POST-TRAUMATIC INFECTIONS W MCC')
insert into DRGCode(Code, Name) values ('863', 'POSTOPERATIVE & POST-TRAUMATIC INFECTIONS W/O MCC')
insert into DRGCode(Code, Name) values ('864', 'FEVER')
insert into DRGCode(Code, Name) values ('865', 'VIRAL ILLNESS W MCC')
insert into DRGCode(Code, Name) values ('866', 'VIRAL ILLNESS W/O MCC')
insert into DRGCode(Code, Name) values ('867', 'OTHER INFECTIOUS & PARASITIC DISEASES DIAGNOSES W MCC')
insert into DRGCode(Code, Name) values ('868', 'OTHER INFECTIOUS & PARASITIC DISEASES DIAGNOSES W CC')
insert into DRGCode(Code, Name) values ('869', 'OTHER INFECTIOUS & PARASITIC DISEASES DIAGNOSES W/O CC/MCC')
insert into DRGCode(Code, Name) values ('870', 'SEPTICEMIA OR SEVERE SEPSIS W MV 96+ HOURS')
insert into DRGCode(Code, Name) values ('871', 'SEPTICEMIA OR SEVERE SEPSIS W/O MV 96+ HOURS W MCC')
insert into DRGCode(Code, Name) values ('872', 'SEPTICEMIA OR SEVERE SEPSIS W/O MV 96+ HOURS W/O MCC')
insert into DRGCode(Code, Name) values ('876', 'O.R. PROCEDURE W PRINCIPAL DIAGNOSES OF MENTAL ILLNESS')
insert into DRGCode(Code, Name) values ('880', 'ACUTE ADJUSTMENT REACTION & PSYCHOSOCIAL DYSFUNCTION')
insert into DRGCode(Code, Name) values ('881', 'DEPRESSIVE NEUROSES')
insert into DRGCode(Code, Name) values ('882', 'NEUROSES EXCEPT DEPRESSIVE')
insert into DRGCode(Code, Name) values ('883', 'DISORDERS OF PERSONALITY & IMPULSE CONTROL')
insert into DRGCode(Code, Name) values ('884', 'ORGANIC DISTURBANCES & MENTAL RETARDATION')
insert into DRGCode(Code, Name) values ('885', 'PSYCHOSES')
insert into DRGCode(Code, Name) values ('886', 'BEHAVIORAL & DEVELOPMENTAL DISORDERS')
insert into DRGCode(Code, Name) values ('887', 'OTHER MENTAL DISORDER DIAGNOSES')
insert into DRGCode(Code, Name) values ('894', 'ALCOHOL/DRUG ABUSE OR DEPENDENCE, LEFT AMA')
insert into DRGCode(Code, Name) values ('895', 'ALCOHOL/DRUG ABUSE OR DEPENDENCE W REHABILITATION THERAPY')
insert into DRGCode(Code, Name) values ('896', 'ALCOHOL/DRUG ABUSE OR DEPENDENCE W/O REHABILITATION THERAPY W MCC')
insert into DRGCode(Code, Name) values ('897', 'ALCOHOL/DRUG ABUSE OR DEPENDENCE W/O REHABILITATION THERAPY W/O MCC')
insert into DRGCode(Code, Name) values ('901', 'WOUND DEBRIDEMENTS FOR INJURIES W MCC')
insert into DRGCode(Code, Name) values ('902', 'WOUND DEBRIDEMENTS FOR INJURIES W CC')
insert into DRGCode(Code, Name) values ('903', 'WOUND DEBRIDEMENTS FOR INJURIES W/O CC/MCC')
insert into DRGCode(Code, Name) values ('904', 'SKIN GRAFTS FOR INJURIES W CC/MCC')
insert into DRGCode(Code, Name) values ('905', 'SKIN GRAFTS FOR INJURIES W/O CC/MCC')
insert into DRGCode(Code, Name) values ('906', 'HAND PROCEDURES FOR INJURIES')
insert into DRGCode(Code, Name) values ('907', 'OTHER O.R. PROCEDURES FOR INJURIES W MCC')
insert into DRGCode(Code, Name) values ('908', 'OTHER O.R. PROCEDURES FOR INJURIES W CC')
insert into DRGCode(Code, Name) values ('909', 'OTHER O.R. PROCEDURES FOR INJURIES W/O CC/MCC')
insert into DRGCode(Code, Name) values ('913', 'TRAUMATIC INJURY W MCC')
insert into DRGCode(Code, Name) values ('914', 'TRAUMATIC INJURY W/O MCC')
insert into DRGCode(Code, Name) values ('915', 'ALLERGIC REACTIONS W MCC')
insert into DRGCode(Code, Name) values ('916', 'ALLERGIC REACTIONS W/O MCC')
insert into DRGCode(Code, Name) values ('917', 'POISONING & TOXIC EFFECTS OF DRUGS W MCC')
insert into DRGCode(Code, Name) values ('918', 'POISONING & TOXIC EFFECTS OF DRUGS W/O MCC')
insert into DRGCode(Code, Name) values ('919', 'COMPLICATIONS OF TREATMENT W MCC')
insert into DRGCode(Code, Name) values ('920', 'COMPLICATIONS OF TREATMENT W CC')
insert into DRGCode(Code, Name) values ('921', 'COMPLICATIONS OF TREATMENT W/O CC/MCC')
insert into DRGCode(Code, Name) values ('922', 'OTHER INJURY, POISONING & TOXIC EFFECT DIAG W MCC')
insert into DRGCode(Code, Name) values ('923', 'OTHER INJURY, POISONING & TOXIC EFFECT DIAG W/O MCC')
insert into DRGCode(Code, Name) values ('927', 'EXTENSIVE BURNS OR FULL THICKNESS BURNS W MV 96+ HRS W SKIN GRAFT')
insert into DRGCode(Code, Name) values ('928', 'FULL THICKNESS BURN W SKIN GRAFT OR INHAL INJ W CC/MCC')
insert into DRGCode(Code, Name) values ('929', 'FULL THICKNESS BURN W SKIN GRAFT OR INHAL INJ W/O CC/MCC')
insert into DRGCode(Code, Name) values ('933', 'EXTENSIVE BURNS OR FULL THICKNESS BURNS W MV 96+ HRS W/O SKIN GRAFT')
insert into DRGCode(Code, Name) values ('934', 'FULL THICKNESS BURN W/O SKIN GRFT OR INHAL INJ')
insert into DRGCode(Code, Name) values ('935', 'NON-EXTENSIVE BURNS')
insert into DRGCode(Code, Name) values ('939', 'O.R. PROC W DIAGNOSES OF OTHER CONTACT W HEALTH SERVICES W MCC')
insert into DRGCode(Code, Name) values ('940', 'O.R. PROC W DIAGNOSES OF OTHER CONTACT W HEALTH SERVICES W CC')
insert into DRGCode(Code, Name) values ('941', 'O.R. PROC W DIAGNOSES OF OTHER CONTACT W HEALTH SERVICES W/O CC/MCC')
insert into DRGCode(Code, Name) values ('945', 'REHABILITATION W CC/MCC')
insert into DRGCode(Code, Name) values ('946', 'REHABILITATION W/O CC/MCC')
insert into DRGCode(Code, Name) values ('947', 'SIGNS & SYMPTOMS W MCC')
insert into DRGCode(Code, Name) values ('948', 'SIGNS & SYMPTOMS W/O MCC')
insert into DRGCode(Code, Name) values ('949', 'AFTERCARE W CC/MCC')
insert into DRGCode(Code, Name) values ('950', 'AFTERCARE W/O CC/MCC')
insert into DRGCode(Code, Name) values ('951', 'OTHER FACTORS INFLUENCING HEALTH STATUS')
insert into DRGCode(Code, Name) values ('955', 'CRANIOTOMY FOR MULTIPLE SIGNIFICANT TRAUMA')
insert into DRGCode(Code, Name) values ('956', 'LIMB REATTACHMENT, HIP & FEMUR PROC FOR MULTIPLE SIGNIFICANT TRAUMA')
insert into DRGCode(Code, Name) values ('957', 'OTHER O.R. PROCEDURES FOR MULTIPLE SIGNIFICANT TRAUMA W MCC')
insert into DRGCode(Code, Name) values ('958', 'OTHER O.R. PROCEDURES FOR MULTIPLE SIGNIFICANT TRAUMA W CC')
insert into DRGCode(Code, Name) values ('959', 'OTHER O.R. PROCEDURES FOR MULTIPLE SIGNIFICANT TRAUMA W/O CC/MCC')
insert into DRGCode(Code, Name) values ('963', 'OTHER MULTIPLE SIGNIFICANT TRAUMA W MCC')
insert into DRGCode(Code, Name) values ('964', 'OTHER MULTIPLE SIGNIFICANT TRAUMA W CC')
insert into DRGCode(Code, Name) values ('965', 'OTHER MULTIPLE SIGNIFICANT TRAUMA W/O CC/MCC')
insert into DRGCode(Code, Name) values ('969', 'HIV W EXTENSIVE O.R. PROCEDURE W MCC')
insert into DRGCode(Code, Name) values ('970', 'HIV W EXTENSIVE O.R. PROCEDURE W/O MCC')
insert into DRGCode(Code, Name) values ('974', 'HIV W MAJOR RELATED CONDITION W MCC')
insert into DRGCode(Code, Name) values ('975', 'HIV W MAJOR RELATED CONDITION W CC')
insert into DRGCode(Code, Name) values ('976', 'HIV W MAJOR RELATED CONDITION W/O CC/MCC')
insert into DRGCode(Code, Name) values ('977', 'HIV W OR W/O OTHER RELATED CONDITION')
insert into DRGCode(Code, Name) values ('981', 'EXTENSIVE O.R. PROCEDURE UNRELATED TO PRINCIPAL DIAGNOSIS W MCC')
insert into DRGCode(Code, Name) values ('982', 'EXTENSIVE O.R. PROCEDURE UNRELATED TO PRINCIPAL DIAGNOSIS W CC')
insert into DRGCode(Code, Name) values ('983', 'EXTENSIVE O.R. PROCEDURE UNRELATED TO PRINCIPAL DIAGNOSIS W/O CC/MCC')
insert into DRGCode(Code, Name) values ('984', 'PROSTATIC O.R. PROCEDURE UNRELATED TO PRINCIPAL DIAGNOSIS W MCC')
insert into DRGCode(Code, Name) values ('985', 'PROSTATIC O.R. PROCEDURE UNRELATED TO PRINCIPAL DIAGNOSIS W CC')
insert into DRGCode(Code, Name) values ('986', 'PROSTATIC O.R. PROCEDURE UNRELATED TO PRINCIPAL DIAGNOSIS W/O CC/MCC')
insert into DRGCode(Code, Name) values ('987', 'NON-EXTENSIVE O.R. PROC UNRELATED TO PRINCIPAL DIAGNOSIS W MCC')
insert into DRGCode(Code, Name) values ('988', 'NON-EXTENSIVE O.R. PROC UNRELATED TO PRINCIPAL DIAGNOSIS W CC')
insert into DRGCode(Code, Name) values ('989', 'NON-EXTENSIVE O.R. PROC UNRELATED TO PRINCIPAL DIAGNOSIS W/O CC/MCC')
insert into DRGCode(Code, Name) values ('998', 'PRINCIPAL DIAGNOSIS INVALID AS DISCHARGE DIAGNOSIS')
insert into DRGCode(Code, Name) values ('999', 'UNGROUPABLE')


if exists (select * from sys.tables where name = 'PointOfOriginCode')
	drop table dbo.PointOfOriginCode
GO

create table dbo.PointOfOriginCode (
	PointOfOriginCodeID int not null identity(1, 1),
	Code char,
	Name varchar(255),
	[Description] varchar(255), 
	
	CONSTRAINT PK_PointOfOriginCode PRIMARY KEY CLUSTERED 
	(
		PointOfOriginCodeID ASC
	)
)

-- insert some dummy records
--insert into PointOfOriginCode (Code, Name, [Description]) values ('1', 'Point of origin 1', 'description 1')
--insert into PointOfOriginCode (Code, Name, [Description]) values ('2', 'Point of origin 2', 'description 2')
--insert into PointOfOriginCode (Code, Name, [Description]) values ('A', 'Point of origin A', 'description A')

insert into PointOfOriginCode (Code, Name, [Description]) values ('1','Non-Health Care Facility Point of Origin','')
insert into PointOfOriginCode (Code, Name, [Description]) values ('2','Clinic','')
insert into PointOfOriginCode (Code, Name, [Description]) values ('4','Transfer from a Hospital (Different Facility)','')
insert into PointOfOriginCode (Code, Name, [Description]) values ('5','Transfer from a Skilled Nursing Facility (SNF) or Intermediate Care Facility (ICF)','')
insert into PointOfOriginCode (Code, Name, [Description]) values ('6','Transfer from another Health Care Facility','')
insert into PointOfOriginCode (Code, Name, [Description]) values ('7','Emergency Room','')
insert into PointOfOriginCode (Code, Name, [Description]) values ('8','Court/Law Enforcement','')
insert into PointOfOriginCode (Code, Name, [Description]) values ('9','Information not Available','')
insert into PointOfOriginCode (Code, Name, [Description]) values ('B','Transfer from Another Home Health Agency','')
insert into PointOfOriginCode (Code, Name, [Description]) values ('C','Readmission to Same Home Health Agency','')
insert into PointOfOriginCode (Code, Name, [Description]) values ('D','Transfer from One Distinct Unit of the Hospital to another Distinct Unit of the Same Hospital Resulting in a Separate Claim to the Payer','')
insert into PointOfOriginCode (Code, Name, [Description]) values ('E','Transfer from Ambulatory Surgery Center','')
insert into PointOfOriginCode (Code, Name, [Description]) values ('F','Transfer from Hospice and is Under a Hospice Plan of Care or Enrolled in a Hospice Program','')


if exists (select * from sys.tables where name = 'AdmissionTypeCode')
	drop table dbo.AdmissionTypeCode
GO

create table dbo.AdmissionTypeCode (
	AdmissionTypeCodeID int not null identity(1, 1),
	Code char,
	Name varchar(255),
	[Description] varchar(255), 
	
	CONSTRAINT PK_AdmissionTypeCode PRIMARY KEY CLUSTERED 
	(
		AdmissionTypeCodeID ASC
	)
)

-- insert some dummy records
--insert into AdmissionTypeCode (Code, Name, [Description]) values ('A', 'Admission Type Code A', 'description A')
--insert into AdmissionTypeCode (Code, Name, [Description]) values ('B', 'Admission Type Code B', 'description B')
--insert into AdmissionTypeCode (Code, Name, [Description]) values ('C', 'Admission Type Code C', 'description C')

insert into AdmissionTypeCode (Code, Name, [Description]) values ('1', 'Emergency', 'The patient requires immediate medical intervention as a result of severe, life threatening or potentially disabling conditions.')
insert into AdmissionTypeCode (Code, Name, [Description]) values ('2', 'Urgent', 'The patient requires immediate attention for the care and treatment of a physical or mental disorder.')
insert into AdmissionTypeCode (Code, Name, [Description]) values ('3', 'Elective', 'The patient''s condition permits adequate time to schedule the services.')
insert into AdmissionTypeCode (Code, Name, [Description]) values ('4', 'Newborn', 'Use of this code necessitates the use of special Point of Origin Codes (Form Locator 15).')
insert into AdmissionTypeCode (Code, Name, [Description]) values ('5', 'Trauma', 'Visit to a trauma center/hospital as licensed or designated by the state or local government authority authorized to do so, or as verified by the American College of Surgeons and involving a trauma activation.')
insert into AdmissionTypeCode (Code, Name, [Description]) values ('9', 'Information not Available', 'Information not available.')


if exists (select * from sys.tables where name = 'DischargeStatusCode')
	drop table dbo.DischargeStatusCode
GO

create table dbo.DischargeStatusCode (
	DischargeStatusCodeID int not null identity(1, 1),
	Code char(2),
	Name varchar(255),
	[Description] varchar(255), 
	
	CONSTRAINT PK_DischargeStatusCode PRIMARY KEY CLUSTERED 
	(
		DischargeStatusCodeID ASC
	)
)

-- insert some dummy records
--insert into DischargeStatusCode (Code, Name, [Description]) values ('AA', 'Patient Discharge Status AA', 'description AA')
--insert into DischargeStatusCode (Code, Name, [Description]) values ('BB', 'Patient Discharge Status BB', 'description BB')
--insert into DischargeStatusCode (Code, Name, [Description]) values ('CC', 'Patient Discharge Status CC', 'description CC')


insert into DischargeStatusCode (Code, Name, [Description]) values ('01','Discharged to Home or Self Care (Routine Discharge)','')
insert into DischargeStatusCode (Code, Name, [Description]) values ('02','Discharged/transferred to a Short-Term General Hospital for Inpatient Care','')
insert into DischargeStatusCode (Code, Name, [Description]) values ('03','Discharged/transferred to Skilled Nursing Facility (SNF) with Medicare Certification in Anticipation of Skilled Care','')
insert into DischargeStatusCode (Code, Name, [Description]) values ('04','Discharged/transferred to an Intermediate Care Facility (ICF)','')
insert into DischargeStatusCode (Code, Name, [Description]) values ('05','Discharged/transferred to a Designated Cancer Center or Children''s Hospital','Transfers to non-designated cancer hospitals should use Code 02.  A list of (National Cancer Institute) Designated Cancer Centers can be found at http://www3.cancer.gov/cancercenters/centerslist.html')
insert into DischargeStatusCode (Code, Name, [Description]) values ('06','Discharged/transferred to Home Under Care of Organized Home Health Service Organization in Anticipation of Covered Skilled Care','')
insert into DischargeStatusCode (Code, Name, [Description]) values ('07','Left Against Medical Advice or Discontinued Care','')
insert into DischargeStatusCode (Code, Name, [Description]) values ('08','Reserved for Assignment by the NUBC','')
insert into DischargeStatusCode (Code, Name, [Description]) values ('09','Admitted as an Inpatient to this Hospital','For use only on Medicare outpatient claims.  Applies only to those Medicare outpatient services that begin greater than three days prior to an admission.')
insert into DischargeStatusCode (Code, Name, [Description]) values ('20','Expired','')
insert into DischargeStatusCode (Code, Name, [Description]) values ('21','Discharged/transferred to Court/Law Enforcement','Includes transfers to incarceration facilities such as jail, prison or other detention facilities.')
insert into DischargeStatusCode (Code, Name, [Description]) values ('30','Still Patient','Used when patient is still within the same facility;  typically used when billing for leave of absence days or interim bills.')
insert into DischargeStatusCode (Code, Name, [Description]) values ('40','Expired at Home','')
insert into DischargeStatusCode (Code, Name, [Description]) values ('41','Expired in a Medical Facility (e.g. hospital, SNF, ICF, or free standing hospice)','Codes 40 and 41 are for use only on Medicare and TRICARE claims for hospice care.')
insert into DischargeStatusCode (Code, Name, [Description]) values ('42','Expired - Place Unknown','For use only on Medicare and TRICARE claims for hospice care.')
insert into DischargeStatusCode (Code, Name, [Description]) values ('43','Discharged/transferred to a Federal Health Care Facility','Discharges and transfers to a government operated health facility such as a Department of Defense hospital, a Veteran''s Administration hospital or a Veteran''s Administration nursing facility, whether the patient lives there or not.')
insert into DischargeStatusCode (Code, Name, [Description]) values ('50','Hospice - Home','')
insert into DischargeStatusCode (Code, Name, [Description]) values ('51','Hospice - Medical Facility (Certified) Providing Hospice Level of Care','')
insert into DischargeStatusCode (Code, Name, [Description]) values ('61','Discharged/transferred to a Hospital-Based Medicare Approved Swing Bed','Medicare - Used for reporting patients discharged/transferred to a SNF level of care within the hospital''s approved swing bed arrangement.')
insert into DischargeStatusCode (Code, Name, [Description]) values ('62','Discharged/transferred to an Inpatient Rehabilitation Facility (IRF) including Rehabilitation Distinct Part Units of a Hospital','')
insert into DischargeStatusCode (Code, Name, [Description]) values ('63','Discharged/transferred to a Medicare Certified Long Term Care Hospital (LTCH)','For hospitals that meet the Medicare criteria for LTCH certification.')
insert into DischargeStatusCode (Code, Name, [Description]) values ('64','Discharged/transferred to a Nursing Facility Certified under Medicaid but not Certified under Medicare','')
insert into DischargeStatusCode (Code, Name, [Description]) values ('65','Discharged/transferred to a Psychiatric Hospital or Psychiatric Distinct Part Unit of a Hospital','')
insert into DischargeStatusCode (Code, Name, [Description]) values ('66','Discharged/transferred to a Critical Access Hospital (CAH)','')
insert into DischargeStatusCode (Code, Name, [Description]) values ('70','Discharged/transferred to another Type of Health Care Institution not Defined Elsewhere in this Code List (See Code 05)','')


if exists (select * from sys.tables where name = 'ClaimType')
	drop table dbo.ClaimType
GO

create table dbo.ClaimType (
	ClaimTypeID int not null identity(0, 1),
	Caption varchar(128) not null,
	
	CONSTRAINT PK_ClaimTypeID PRIMARY KEY CLUSTERED 
	(
		ClaimTypeID ASC
	)
)

-- insert data
insert into ClaimType (Caption) values ('Professional (CMS-1500)')
insert into ClaimType (Caption) values ('Institutional (UB-04)')


-- 

if exists (select * from sys.tables where name = 'HealthCodeType')
	drop table dbo.HealthCodeType
GO

create table dbo.HealthCodeType (
	HealthCodeTypeID int not null,
	Name varchar(32),
	CONSTRAINT PK_HealthCodeTypeID PRIMARY KEY CLUSTERED 
	(
		HealthCodeTypeID ASC
	)
)
GO

insert into HealthCodeType (HealthCodeTypeID, Name) values (1, 'Condition')
insert into HealthCodeType (HealthCodeTypeID, Name) values (2, 'Occurrence')
insert into HealthCodeType (HealthCodeTypeID, Name) values (3, 'Value')
insert into HealthCodeType (HealthCodeTypeID, Name) values (4, 'Other Diagnosis')


if exists (select * from sys.tables where name = 'HealthCode')
	drop table dbo.HealthCode
GO

create table dbo.HealthCode (
	HealthCodeID int not null identity(1, 1),
	Code varchar(2) not null,
	Name varchar(255),
	HealthCodeTypeID int,
	[Description] varchar(255),
	SpansDates bit not null default 0,
	
	CONSTRAINT PK_HealthCodeID PRIMARY KEY CLUSTERED 
	(
		HealthCodeID ASC
	)
)
GO

ALTER TABLE dbo.HealthCode WITH CHECK ADD CONSTRAINT FK_HealthCode_HealthCodeType FOREIGN KEY(HealthCodeTypeID)
	REFERENCES dbo.HealthCodeType (HealthCodeTypeID)
GO

insert into HealthCode (HealthCodeTypeID, Code, Name, [Description]) values (1, '01','Military Service Related','Medical condition incurred during military service.')
insert into HealthCode (HealthCodeTypeID, Code, Name, [Description]) values (1, '02','Condition is Employment Related','Patient Alleges that medical condition is due to environment/events resulting from employment.')
insert into HealthCode (HealthCodeTypeID, Code, Name, [Description]) values (1, '03','Patient Covered by Insurance not Reflected Here','Indicates that patient/patient representative has stated that coverage may exist beyond that reflected on this bill.')
insert into HealthCode (HealthCodeTypeID, Code, Name, [Description]) values (1, '04','Information only Bill','Indicates submission of bill is for informational purposes only.  Examples would include a bill submitted as a utilization report, or a bill')
insert into HealthCode (HealthCodeTypeID, Code, Name, [Description]) values (1, '05','Lien Has Been Filed','Provider has filed legal claim for recovery of funds potentially due a patient resulting from legal action initiated by or on behalf of the patient.')
insert into HealthCode (HealthCodeTypeID, Code, Name, [Description]) values (1, '06','ESRD Patient in First 30 Months of Entitlement Covered by Employer Group Health Insurance','Code indicates Medicare as the secondary insurer because the patient also is covered through an employer group health insurance during his first 30 months of End Stage Renal Disease (ESRD) entitlement.')
insert into HealthCode (HealthCodeTypeID, Code, Name, [Description]) values (1, '07','Treatment of Non-terminal Condition for Hospice Patient','Code indicates the patient is a hospice enrollee, but the provider is not treating his terminal condition and is therefore, requesting regular Medicare reimbursement.')
insert into HealthCode (HealthCodeTypeID, Code, Name, [Description]) values (1, '08','Beneficiary would not Provide Information Concerning Other Insurance Coverage','Enter this code if the beneficiary would not provide information concerning other insurance coverage.')
insert into HealthCode (HealthCodeTypeID, Code, Name, [Description]) values (1, '09','Neither Patient nor Spouse is Employed','Indicates that in response to development questions, the patient and spouse have denied any employment.')
insert into HealthCode (HealthCodeTypeID, Code, Name, [Description]) values (1, '10','Patient and/or Spouse is Employed but no EGHP Exists','Code indicates that in response to development questions, the patient and/or spouse have indicated that one is or both are employed but have no group health insurance from an EGHP or other employer sponsored or provided health insurance')
insert into HealthCode (HealthCodeTypeID, Code, Name, [Description]) values (1, '11','Disabled Beneficiary but no LGHP','Code indicates that in response to development questions, the disabled beneficiary and/or family members have indicated that one is or more are employed but have no group health insurance from and LGHP or other employer sponsored or provided health insura')
insert into HealthCode (HealthCodeTypeID, Code, Name, [Description]) values (1, '17','Patient is Homeless','The Patient is homeless.')
insert into HealthCode (HealthCodeTypeID, Code, Name, [Description]) values (1, '18','Maiden Name Retained','A dependent spouse entitled to benefits who does not use her husband''s last name.')
insert into HealthCode (HealthCodeTypeID, Code, Name, [Description]) values (1, '19','Child Retains Mother''s Name','A patient who is a dependent child entitled to benefits and does not have its father''s last name.')
insert into HealthCode (HealthCodeTypeID, Code, Name, [Description]) values (1, '20','Beneficiary Requested Billing','Provider realizes services are non-covered level of care or excluded, but beneficiary requests determination by payer.  (Currently limited to home health and inpatient SNF claims.)')
insert into HealthCode (HealthCodeTypeID, Code, Name, [Description]) values (1, '21','Billing for Denial Notice','Provider realizes services are non-covered level of care or excluded, but requests notice from Medicare or other payer.')
insert into HealthCode (HealthCodeTypeID, Code, Name, [Description]) values (1, '22','Patient on Multiple Drug Regimen','A patient who is receiving multiple intravenous drugs while on home IV therapy.')
insert into HealthCode (HealthCodeTypeID, Code, Name, [Description]) values (1, '23','Home Care Giver Available','The patient has a caregiver available to assist him or her during self-administration of an intravenous drug.')
insert into HealthCode (HealthCodeTypeID, Code, Name, [Description]) values (1, '24','Home IV Patient also Receiving-HHA Services','The patient is under the care of Home Health Agency while receiving home IV drug therapy services.')
insert into HealthCode (HealthCodeTypeID, Code, Name, [Description]) values (1, '25','Patient is Non-U.S. Resident','The patient is not a resident of the United States.')
insert into HealthCode (HealthCodeTypeID, Code, Name, [Description]) values (1, '26','VA Eligible Patient Chooses to Receive Services in a Medicare Certified Facility','Indicates that the patient is a CA eligible patient and chooses to receive services in a Medicare certified provider instead of a VA facility.')
insert into HealthCode (HealthCodeTypeID, Code, Name, [Description]) values (1, '27','Patient Referred to a Sole Community Hospital for a Diagnostic Laboratory Test','To be reported by Sole Community hospitals only.  Report this code to indicate the patient was referred for a diagnostic laboratory test.  Do not report this code when a specimen only is referred.')
insert into HealthCode (HealthCodeTypeID, Code, Name, [Description]) values (1, '28','Patient and/or Spouse''s EGHP is Secondary to Medicare','Code indicates that in response to development questions, the patient and/or spouse have indicated that one is or both are emoployed and that there is group health insurance from an EGHP or other employer sponsored or provided health')
insert into HealthCode (HealthCodeTypeID, Code, Name, [Description]) values (1, '29','Disabled Beneficiary and/or Family Member''s LGHP is Secondary to Medicare','Code indicates that in response to development questions, the patient and/or family member(s) have indicated that one is or more are employed.  There also is group health insurance coverage from a LGHP or other')
insert into HealthCode (HealthCodeTypeID, Code, Name, [Description]) values (1, '30','Qualifying Clinical Trials','Non-research services provided to patients enrolled in a Qualified Clinical Trial.')
insert into HealthCode (HealthCodeTypeID, Code, Name, [Description]) values (1, '31','Patient is Student (Full Time - Day)','Patient declares that he or she is enrolled as a full time day student.')
insert into HealthCode (HealthCodeTypeID, Code, Name, [Description]) values (1, '32','Patient is Student (Cooperative/Work Study Program)','Self-explanatory')
insert into HealthCode (HealthCodeTypeID, Code, Name, [Description]) values (1, '33','Patient is Student (Full Time - Night)','Patient declares that he or she is enrolled as a full time night student.')
insert into HealthCode (HealthCodeTypeID, Code, Name, [Description]) values (1, '34','Patient is Student (Part Time)','Patient declares that he or she is enrolled as a part time student.')
insert into HealthCode (HealthCodeTypeID, Code, Name, [Description]) values (1, '35','','Reserved for assignment by the NUBC.')
insert into HealthCode (HealthCodeTypeID, Code, Name, [Description]) values (1, '36','General Care Patient in a Special Unit','Patient temporarily placed in special care unit bed because no general care beds available.')
insert into HealthCode (HealthCodeTypeID, Code, Name, [Description]) values (1, '37','Ward Accomodation at Patient Request','Patient assigned to ward accomodations at patient''s request.')
insert into HealthCode (HealthCodeTypeID, Code, Name, [Description]) values (1, '38','Semi-Private Room not Available','Indicates that either private or ward accomodations were assigned because semi-private accomodations were not available.')
insert into HealthCode (HealthCodeTypeID, Code, Name, [Description]) values (1, '39','Private Room Medically Necessary','Patient needs a private room for medical requirements.')
insert into HealthCode (HealthCodeTypeID, Code, Name, [Description]) values (1, '40','Same Day Transfer','Patient transferred to another facility before midnight on the day of admission.')
insert into HealthCode (HealthCodeTypeID, Code, Name, [Description]) values (1, '41','Partial Hospitalization','Indicates claim is for partial hospitalization services.')
insert into HealthCode (HealthCodeTypeID, Code, Name, [Description]) values (1, '42','Continuing Care not Related to Inpatient Hospitalization','Continuing care not related to the codition or diagnosos for which the individual reveived inpatient hospital services.')
insert into HealthCode (HealthCodeTypeID, Code, Name, [Description]) values (1, '43','Continuing Care not Provided Within Prescribed Post-discharge window','Continuing care related to the inpatient admission but the prescribed care was not provided within the post-discharge window.')
insert into HealthCode (HealthCodeTypeID, Code, Name, [Description]) values (1, '44','Inpatient Admission Changed to Outpatient ','For use on outpatient claims only, when the physician ordered inpatient services, but upon internal utilization review performed before the claim was originally submitted, the hospital determined that the services did not meet its inpatient c')
insert into HealthCode (HealthCodeTypeID, Code, Name, [Description]) values (1, '45','Ambiguous Gender Category','Claim indicates patient has ambiguous gender characteristics (e.g. transgendered or hermaphrodite).')
insert into HealthCode (HealthCodeTypeID, Code, Name, [Description]) values (1, '46','Non-availability Statement on File','A non-availability statement must be issued for each TRICARE claim for non-emergency inpatient care when the TRICARE beneficiary resides within catchment''s area (usually a 40-mile radius) of a Uniformed Services Hospital.')
insert into HealthCode (HealthCodeTypeID, Code, Name, [Description]) values (1, '47','','Reserved for assignment by the NUBC.')
insert into HealthCode (HealthCodeTypeID, Code, Name, [Description]) values (1, '48','Psychiatric Residential Treatment Centers for Children and Adolescents (RTCs)','Code to identify claims submitted by a "TRICARE - authorized" psychiatric Residential Treatment Center (RTC) for Children and Adolescents.')
insert into HealthCode (HealthCodeTypeID, Code, Name, [Description]) values (1, '49','Product Replacement withing Product Lifecycle','Replacement of a product earlier than the anticipated lifecycle due to an indication that the product is not functioning properly.')
insert into HealthCode (HealthCodeTypeID, Code, Name, [Description]) values (1, '50','Product Replacement for Known Recall of a Product','Manufacturer or FDA has identified the product for recall and therefore replacement.')
insert into HealthCode (HealthCodeTypeID, Code, Name, [Description]) values (1, '55','SNF Bed not Available','Code indicates that patient''s SNF admission was delayed more than 30 days after hospital discharge because a SNF bed was not available.')
insert into HealthCode (HealthCodeTypeID, Code, Name, [Description]) values (1, '56','Medical Appropriateness','Code indicates the patient''s SNF admission was delayed more than 30 days after hospital discharge because his condition made it inappropriate to begin active care within that period.')
insert into HealthCode (HealthCodeTypeID, Code, Name, [Description]) values (1, '57','SNF Readmission','Code indicates the patient was previously receiving Medicare covered SNF care within 30 days of this readmission.')
insert into HealthCode (HealthCodeTypeID, Code, Name, [Description]) values (1, '58','Terminated Medicare Advantage Enrolee','Code indicates that patient is a terminated enrollee in a Medicare Advantage plan whose three-day inpatient hospital stay was waived.')
insert into HealthCode (HealthCodeTypeID, Code, Name, [Description]) values (1, '59','Non-primary ESRD Facility','Code indicates that ESRD beneficiary received non-scheduled or emergency dialysis services at a facility other than his/her primary ESRD dialysis facility.')
insert into HealthCode (HealthCodeTypeID, Code, Name, [Description]) values (1, '60','Day Outlier','A hospital being paid under a prospective payment system is reporting this stay as day outlier.')
insert into HealthCode (HealthCodeTypeID, Code, Name, [Description]) values (1, '61','Cost Outlier','A hospital being paid under a prospective payment system is requesting additional payment for this stay as a cost outlier.')
insert into HealthCode (HealthCodeTypeID, Code, Name, [Description]) values (1, '66','Provider does not Wish Cost Outlier Payment','A hospital paid under a prospective payment system is NOT requesting additional payment for this stay as a cost outlier.')
insert into HealthCode (HealthCodeTypeID, Code, Name, [Description]) values (1, '67','Beneficiary Elects not to Use Life Time Reserve (LTR) Days','Indicates beneficiary elects not to use LTR days.')
insert into HealthCode (HealthCodeTypeID, Code, Name, [Description]) values (1, '68','Beneficiary Elects to use Life Time Reserve (LTR) Days','Indicates beneficiary has elected to use LTR days when charges are less than LTR co-insurance amounts.')
insert into HealthCode (HealthCodeTypeID, Code, Name, [Description]) values (1, '69','IME/DGME/N&AH Payment Only','Code indicates a request for a supplemental payment for IME/DGME/N&AH (Indirect Medical Education/Graduate Medical Education/Nursing and Allied Health).')
insert into HealthCode (HealthCodeTypeID, Code, Name, [Description]) values (1, '70','Self Administered Anemia Management Drug','Code indicates the billing is for a home dialysis patient who self administers an anemia management drug, such as erythropoietin alpha (EPO) or darbepoetin alpha.')
insert into HealthCode (HealthCodeTypeID, Code, Name, [Description]) values (1, '71','Full Care in Unit','Code indicates the billing is for a patient who received staff-assisted dialysis services in a hospital or renal dialysis facility.')
insert into HealthCode (HealthCodeTypeID, Code, Name, [Description]) values (1, '72','Self Care in Unit','Code indicates the billing is for a patient who managed his own dialysis services without staff assistance in a hospital or renal dialysis facility.')
insert into HealthCode (HealthCodeTypeID, Code, Name, [Description]) values (1, '73','Self Care Training','Code indicates the billing is for special dialysis services where a patient and his helper (if necessary) were learning to perform dialysis.')
insert into HealthCode (HealthCodeTypeID, Code, Name, [Description]) values (1, '74','Home','Code indicates the billing is for a patient who received dialysis services at home, but where code 75 below does not apply.')
insert into HealthCode (HealthCodeTypeID, Code, Name, [Description]) values (1, '75','Home - 100 Percent Reimbursement','Code indicates the billing is for a patient who received dialysis services at home, using a dialysis machine that was purchased by Medicare under the 100 percent program. (Code is no longer used for Medicare.)')
insert into HealthCode (HealthCodeTypeID, Code, Name, [Description]) values (1, '76','Back-up in Facility Dialysis','Code indicates the billing is for a home dialysis patient who received back-up dialysis in a facility.')
insert into HealthCode (HealthCodeTypeID, Code, Name, [Description]) values (1, '77','Provider Accepts or is Obligated/Required due to a Contractual Arrangement or Law to Accept Payment by a Primary Payer as Payment in Full.','Code indicates you have accepted or are obligated/required due to a contractual arrangement or law to accept payment as payment in full.  Therefore, no payment is due.  (If Medicare, prepare the bill as a no payment bill See Medicare Manual instructions.)')
insert into HealthCode (HealthCodeTypeID, Code, Name, [Description]) values (1, '78','New Coverage not Implemented by Managed Care Plan','Billing is for a newly covered service for which the managed care plan/HMO does not pay.  (Note:  For outpatient bills Condition Code 04 should be omitted).')
insert into HealthCode (HealthCodeTypeID, Code, Name, [Description]) values (1, '79','CORF Services Provided Offsite','Enter this code to indicate that physical therapy, occupational therapy, or speech pathology services were provided offsite.')
insert into HealthCode (HealthCodeTypeID, Code, Name, [Description]) values (1, '80','Home Dialysis - Nursing Facility','Home dialysis furnished in a SNF or nursing facility.')
insert into HealthCode (HealthCodeTypeID, Code, Name, [Description]) values (1, 'A0','TRICARE External Partnership Program','This code identifies TRICARE claims submitted under the External Partnership Program.')
insert into HealthCode (HealthCodeTypeID, Code, Name, [Description]) values (1, 'A1','EPSDT/CHAP','Early and Periodic Screening Diagnosis and Treatment.')
insert into HealthCode (HealthCodeTypeID, Code, Name, [Description]) values (1, 'A2','Physically Handicapped Children''s Program','Services provided under this proram receive special funding through Title VII of the Social Security Act or the TRICARE program for the Handicapped.')
insert into HealthCode (HealthCodeTypeID, Code, Name, [Description]) values (1, 'A3','Special Federal Funding','This code has been designed for uniform use as defined by state law.')
insert into HealthCode (HealthCodeTypeID, Code, Name, [Description]) values (1, 'A4','Family Planning','This code has been designed for uniform use as defined by state law.')
insert into HealthCode (HealthCodeTypeID, Code, Name, [Description]) values (1, 'A5','Disability','This code has been designed for uniform use as defined by state law.')
insert into HealthCode (HealthCodeTypeID, Code, Name, [Description]) values (1, 'A6','Vaccines/Medicare 100% Payment','This code identifies that pneumococcal pneumonia and influenza vaccine services are reimbursed under special Medicare program provisions and Medicare deductible and coinsurance requirements do not apply.')
insert into HealthCode (HealthCodeTypeID, Code, Name, [Description]) values (1, 'A9','Second Opinion Surgery','Services requested to support second opinion on surgery.  Part B deductible and coinsurance do not apply.')
insert into HealthCode (HealthCodeTypeID, Code, Name, [Description]) values (1, 'AA','Abortion Performed due to Rape','Code indicates abortion performed due to rape.')
insert into HealthCode (HealthCodeTypeID, Code, Name, [Description]) values (1, 'AB','Abortion Performed due to Incest','Code indicates abortion performed due to incident of incest.')
insert into HealthCode (HealthCodeTypeID, Code, Name, [Description]) values (1, 'AC','Abortion Performed due to Serious Fetal Genetic Defect, Deformity, or Adnormality','Code indicates abortion performed due to a genetic defect, a deformity, or abnormality to the fetus.')
insert into HealthCode (HealthCodeTypeID, Code, Name, [Description]) values (1, 'AD','Abortion Performed due to a Life Endangering Physical Condition','Abortion performed due to a life endangering physical condition caused by, or, arising from or exacerbated by the pregnancy itself.')
insert into HealthCode (HealthCodeTypeID, Code, Name, [Description]) values (1, 'AE','Abortion Performed due to Physical Health of Mother that is not Life Endangering','Abortion performed due to physical health of mother that is not life endangering.')
insert into HealthCode (HealthCodeTypeID, Code, Name, [Description]) values (1, 'AF','Abortion Performed due to Emotional/psychological Health of the Mother','Abortion performed due to emotional/psychological health of the mother.')
insert into HealthCode (HealthCodeTypeID, Code, Name, [Description]) values (1, 'AG','Abortion Performed due to Social or Economic Reasons','Abortion performed due to social or economic reasons.')
insert into HealthCode (HealthCodeTypeID, Code, Name, [Description]) values (1, 'AH','Elective Abortion','Elective abortion')
insert into HealthCode (HealthCodeTypeID, Code, Name, [Description]) values (1, 'AI','Sterilization','Sterilization')
insert into HealthCode (HealthCodeTypeID, Code, Name, [Description]) values (1, 'AJ','Payer Responsible for Co-payment','Payer responsible for co-payment.')
insert into HealthCode (HealthCodeTypeID, Code, Name, [Description]) values (1, 'AK','Air Ambulance Required','For ambulance claims.  Air ambulance required; time needed to transport poses a threat.')
insert into HealthCode (HealthCodeTypeID, Code, Name, [Description]) values (1, 'AL','Specialized Treatment/bed Unavailable - Alternate Facility Transport','For ambulance claims.  Specialized treatment/bed unavailable.  Transport to alternate facility.')
insert into HealthCode (HealthCodeTypeID, Code, Name, [Description]) values (1, 'AM','Non-emergency Medically Necessary Stretcher Transport Required','For ambulance claims.  Non-emergency medically necessary stretcher transport required.')
insert into HealthCode (HealthCodeTypeID, Code, Name, [Description]) values (1, 'AN','Preadmission Screening not Required','Person meets the criteria for an exemption from preadmission screening.')
insert into HealthCode (HealthCodeTypeID, Code, Name, [Description]) values (1, 'B0','Medicare Coordinate Care Demonstration Claim','Patient is participant in the Medicare Coordination Care Demonstration.')
insert into HealthCode (HealthCodeTypeID, Code, Name, [Description]) values (1, 'B1','Beneficiary is Ineligible for Demonstration Program','Beneficiary is ineligible for demonstration program.')
insert into HealthCode (HealthCodeTypeID, Code, Name, [Description]) values (1, 'B2','Critical Access Hospital Ambulance Attestation','Attestation by Critical Access Hospital that it meets the criteria for exemption from the ambulance fee schedule.')
insert into HealthCode (HealthCodeTypeID, Code, Name, [Description]) values (1, 'B3','Pregnancy Indicator','Indicates patient is pregnant.  Required when mandated by law; determination of pregnancy completed in compliance with applicable law.')
insert into HealthCode (HealthCodeTypeID, Code, Name, [Description]) values (1, 'B4','Admission Unrelated to Discharge on Same Day','Report code when a patient is discharged/transferred from an acute care PPS hospital on the same day for symptoms unrelated to and/or not for evaluation and management of , the prior stay''s medical condition.')
insert into HealthCode (HealthCodeTypeID, Code, Name, [Description]) values (1, 'C1','Approved as Billed','The services provided for this billing period have been reviewed by the QIO or intermediary, as appropriate, and are fully approved including any day or cost outlier.')
insert into HealthCode (HealthCodeTypeID, Code, Name, [Description]) values (1, 'C2','Automatic Approval as Billed Based on Focused Review','This should include only categories of cases that the QIO has determined it need not review under focused review program.  (No longer used for Medicare.)')
insert into HealthCode (HealthCodeTypeID, Code, Name, [Description]) values (1, 'C3','Partial Approval','The services provided for this billing period have been reviewed by the QIO or intermediary, as appropriate, and some portion has been denied (days, or services).')
insert into HealthCode (HealthCodeTypeID, Code, Name, [Description]) values (1, 'C4','Admission/Services Denied','This should only be used to indicate that all of the services were denied by the QIO.')
insert into HealthCode (HealthCodeTypeID, Code, Name, [Description]) values (1, 'C5','Post Payment Review Applicable','This should be used indicated that the QIO review will take place after payment.')
insert into HealthCode (HealthCodeTypeID, Code, Name, [Description]) values (1, 'C6','Admission Preauthorization','The QIO authorized this admission/service but has not reviewed the services provided.')
insert into HealthCode (HealthCodeTypeID, Code, Name, [Description]) values (1, 'C7','Extended Authorization','The QIO authorized these services for an extended length of time but has not reviewed the services provided.')
insert into HealthCode (HealthCodeTypeID, Code, Name, [Description]) values (1, 'D0','Changes to Services Dates','Changes to service Dates.')
insert into HealthCode (HealthCodeTypeID, Code, Name, [Description]) values (1, 'D1','Changes to Charges','Changes to charges.')
insert into HealthCode (HealthCodeTypeID, Code, Name, [Description]) values (1, 'D2','Changes in Revenue Codes/HCPCS/HIPPS Rate Codes','Report this claim change reason code on a replacement claim (Bill Type Frequency Code 7) to reflect a change in Revenue Codes (FL42)/HCPCS/HIPPS Rate Codes (FL44).')
insert into HealthCode (HealthCodeTypeID, Code, Name, [Description]) values (1, 'D3','Second or Subsequent Interim PPS Bill','Second or subsequent Interim PPS bill.')
insert into HealthCode (HealthCodeTypeID, Code, Name, [Description]) values (1, 'D4','Change in clinical codes (ICD) for Diagnosis and/or Procedure Codes','Report this claim change reason code on a replacement claim (Bill Type Frequency Code 7) to reflect a change in diagnosis (FL67) and procedure codes (FL74).')
insert into HealthCode (HealthCodeTypeID, Code, Name, [Description]) values (1, 'D5','Cancel to Correct Insured''s ID or Provider ID','Cancel only to correct insured''s ID or provider identification number.')
insert into HealthCode (HealthCodeTypeID, Code, Name, [Description]) values (1, 'D6','Cancel Only to Repay a Duplicate or OIG Overpayment','Cancel only to repay a duplicate payment or OIG overpayment.  (Includes cancellation of an outpatient bill containing services required to be included on the inpatient bill.)')
insert into HealthCode (HealthCodeTypeID, Code, Name, [Description]) values (1, 'D7','Change to Make Medicare the Secondary Payer','Change to make Medicare the secondary payer.')
insert into HealthCode (HealthCodeTypeID, Code, Name, [Description]) values (1, 'D8','Change to Make Medicare the Primary Payer','Change to make Medicare the primary payer.')
insert into HealthCode (HealthCodeTypeID, Code, Name, [Description]) values (1, 'D9','Any Other Change','Any other change.')
insert into HealthCode (HealthCodeTypeID, Code, Name, [Description]) values (1, 'DR','Disaster Related','Used to identify claims that are or may be impacted by specific payer/health plan policies related to a national or regional disaster.')
insert into HealthCode (HealthCodeTypeID, Code, Name, [Description]) values (1, 'E0','Change in Patient Status','Change in patient status.')
insert into HealthCode (HealthCodeTypeID, Code, Name, [Description]) values (1, 'G0','Distinct Medical Visit','Report this code when multiple medical visits occurred on the same day in the same revenue center but the visits were distinct and constituted independent visits.  An example of such a situation would be a beneficiary going to')
insert into HealthCode (HealthCodeTypeID, Code, Name, [Description]) values (1, 'H0','Delayed Filing; Statement of Intent Submitted','Code indicates submission of "Statement of Intent" within the qualifying period to specifically identify the existence of another third pary liability situation.')
insert into HealthCode (HealthCodeTypeID, Code, Name, [Description]) values (1, 'H2','Discharged by a Hospice Provider for Cause','Discharged by a hospice provider for cause. (Effective 1/1/09)')
insert into HealthCode (HealthCodeTypeID, Code, Name, [Description]) values (1, 'P0','','Reserved for PUBLIC HEALTH DATA REPORTING.')
insert into HealthCode (HealthCodeTypeID, Code, Name, [Description]) values (1, 'P1','Do Not Resuscitate Order (DNR)','FOR PUBLIC HEALTH REPORTING ONLY.  Code indicates that a DNR order was written at the time of or within the first 24 hours of the patient''s admission to the hospital and is clearly documented in the patient''s medical record.')
insert into HealthCode (HealthCodeTypeID, Code, Name, [Description]) values (1, 'W0','United Mine Workers of America (UMWA) Demonstration Indicator','Used for United Mine Workers of America (UMWA) demonstration indicator ONLY.')
insert into HealthCode (HealthCodeTypeID, Code, Name, [Description]) values (1, 'W1','','Reserved for assignment by the NUBC.')
insert into HealthCode (HealthCodeTypeID, Code, Name, [Description]) values (1, 'W2','Duplicate of Original Bill','Code indicates bill is exact duplicate of the original bill submitted.  (Effective 10/1/08)')
insert into HealthCode (HealthCodeTypeID, Code, Name, [Description]) values (1, 'W3','Level I Appeal','Code indicates bill is submitted for reconsideration; the Level of appeal/reconsideration (I) is specified/defined by the payer.  (Effective 10/1/08)')
insert into HealthCode (HealthCodeTypeID, Code, Name, [Description]) values (1, 'W4','Level II Appeal','Code indicates bill is submitted for reconsideration; the Level of appeal/reconsideration (II) is specified/defined by the payer.  (Effective 10/1/08)')
insert into HealthCode (HealthCodeTypeID, Code, Name, [Description]) values (1, 'W5','Level III Appeal','Code indicates bill is submitted for reconsideration; the Level of appeal/reconsideration (III) is specified/defined by the payer.  (Effective 10/1/08)')

insert into HealthCode (HealthCodeTypeID, Code, Name, [Description]) values (2, '01','Accident/Medical Coverage','Code indicating accident-related injury for which there is medical payment coverage.  Provider the date of accident/injury.')
insert into HealthCode (HealthCodeTypeID, Code, Name, [Description]) values (2, '02','No Fault Insurance Involved - Including Auto Accident/Other','')
insert into HealthCode (HealthCodeTypeID, Code, Name, [Description]) values (2, '03','Accident/Tort Liability','')
insert into HealthCode (HealthCodeTypeID, Code, Name, [Description]) values (2, '04','Accident/Employment Related','')
insert into HealthCode (HealthCodeTypeID, Code, Name, [Description]) values (2, '05','Accident/No Medical or Liability Coverage','')
insert into HealthCode (HealthCodeTypeID, Code, Name, [Description]) values (2, '06','Crime Victim','')
insert into HealthCode (HealthCodeTypeID, Code, Name, [Description]) values (2, '09','Start of Infertility Treatment Cycle','')
insert into HealthCode (HealthCodeTypeID, Code, Name, [Description]) values (2, '10','Last Menstrual Period','')
insert into HealthCode (HealthCodeTypeID, Code, Name, [Description]) values (2, '11','Onset of Symptoms/Illness','')
insert into HealthCode (HealthCodeTypeID, Code, Name, [Description]) values (2, '12','Date of Onset for a Chronically Dependent Individual','')
insert into HealthCode (HealthCodeTypeID, Code, Name, [Description]) values (2, '16','Date of Last Therapy','')
insert into HealthCode (HealthCodeTypeID, Code, Name, [Description]) values (2, '17','Date Outpatient Occupational Therapy Plan Established or Last Reviewed','')
insert into HealthCode (HealthCodeTypeID, Code, Name, [Description]) values (2, '18','Date of Retirement - Patient/Beneficiary','')
insert into HealthCode (HealthCodeTypeID, Code, Name, [Description]) values (2, '19','Date of Retirement - Spouse','')
insert into HealthCode (HealthCodeTypeID, Code, Name, [Description]) values (2, '20','Date Guarantee Payment Began','')
insert into HealthCode (HealthCodeTypeID, Code, Name, [Description]) values (2, '21','Date UR Notice Received','')
insert into HealthCode (HealthCodeTypeID, Code, Name, [Description]) values (2, '22','Date Active Care Ended','')
insert into HealthCode (HealthCodeTypeID, Code, Name, [Description]) values (2, '23','Payer Code','')
insert into HealthCode (HealthCodeTypeID, Code, Name, [Description]) values (2, '24','Date Insurance Denied','')
insert into HealthCode (HealthCodeTypeID, Code, Name, [Description]) values (2, '25','Date Benefits Terminated by Primary Payer','')
insert into HealthCode (HealthCodeTypeID, Code, Name, [Description]) values (2, '26','Date SNF Bed Became Available','')
insert into HealthCode (HealthCodeTypeID, Code, Name, [Description]) values (2, '27','Date of Hospice Certification or Re-certification','')
insert into HealthCode (HealthCodeTypeID, Code, Name, [Description]) values (2, '28','Date Comprehensive Outpatient Rehabilitation Plan Established or Last Reviewed','')
insert into HealthCode (HealthCodeTypeID, Code, Name, [Description]) values (2, '29','Date Outpatient Physical Therapy Plan Established or Last Reviewed','')
insert into HealthCode (HealthCodeTypeID, Code, Name, [Description]) values (2, '30','Date Outpatient Speech Pathology Plan Established or Last Reviewed','')
insert into HealthCode (HealthCodeTypeID, Code, Name, [Description]) values (2, '31','Date Beneficiary Notified of Intent to Bill (Accomodations)','')
insert into HealthCode (HealthCodeTypeID, Code, Name, [Description]) values (2, '32','Date Beneficiary Notified of Intent to Bill (Procedures or Treatments)','')
insert into HealthCode (HealthCodeTypeID, Code, Name, [Description]) values (2, '33','First Day of the Coordination Period for ESRD Beneficiaries Covered by EGHP','')
insert into HealthCode (HealthCodeTypeID, Code, Name, [Description]) values (2, '34','Date of Election of Extended Care Facilities','')
insert into HealthCode (HealthCodeTypeID, Code, Name, [Description]) values (2, '35','Date Treatment Started for Physical Therapy','')
insert into HealthCode (HealthCodeTypeID, Code, Name, [Description]) values (2, '36','Date of Inpatient Hospital Discharge for Covered Transplant Patients','')
insert into HealthCode (HealthCodeTypeID, Code, Name, [Description]) values (2, '37','Date of Inpatient Hospital Discharge for Non-covered Transplant Patient','')
insert into HealthCode (HealthCodeTypeID, Code, Name, [Description]) values (2, '38','Date Treatment Started for Home IV Therapy','')
insert into HealthCode (HealthCodeTypeID, Code, Name, [Description]) values (2, '39','Date Discharged on a Continuous Course of IV Therapy','')
insert into HealthCode (HealthCodeTypeID, Code, Name, [Description]) values (2, '40','Scheduled Date of Admission','')
insert into HealthCode (HealthCodeTypeID, Code, Name, [Description]) values (2, '41','Date of Discharge','')
insert into HealthCode (HealthCodeTypeID, Code, Name, [Description]) values (2, '42','Date of Discharge', 'Use only when "Through" date in Form Locator 06 (Statement Covers Period) is not the actual discharge date and the frequency code in Form Locator 04 is that of a final bill')
insert into HealthCode (HealthCodeTypeID, Code, Name, [Description]) values (2, '43','Scheduled Date of Canceled Surgery','')
insert into HealthCode (HealthCodeTypeID, Code, Name, [Description]) values (2, '44','Date Treatment Started Occupational Therapy','')
insert into HealthCode (HealthCodeTypeID, Code, Name, [Description]) values (2, '45','Date Treatment Started for Speech Therapy','')
insert into HealthCode (HealthCodeTypeID, Code, Name, [Description]) values (2, '46','Date Treatment Started for Cardiac Rehabilitation','')
insert into HealthCode (HealthCodeTypeID, Code, Name, [Description]) values (2, '47','Date Cost Outlier Status Begins','')
insert into HealthCode (HealthCodeTypeID, Code, Name, [Description]) values (2, 'A1','Birth Date - Insured A','')
insert into HealthCode (HealthCodeTypeID, Code, Name, [Description]) values (2, 'A2','Effective Date - Insured A Policy','')
insert into HealthCode (HealthCodeTypeID, Code, Name, [Description]) values (2, 'A3','Benefits Exhausted - Payer A','')
insert into HealthCode (HealthCodeTypeID, Code, Name, [Description]) values (2, 'A4','Split Bill Date','')
insert into HealthCode (HealthCodeTypeID, Code, Name, [Description]) values (2, 'B1','Birth Date - Insured B','')
insert into HealthCode (HealthCodeTypeID, Code, Name, [Description]) values (2, 'B2','Effective Date - Insured B Policy','')
insert into HealthCode (HealthCodeTypeID, Code, Name, [Description]) values (2, 'B3','Benefits Exhausted - Payer B','')
insert into HealthCode (HealthCodeTypeID, Code, Name, [Description]) values (2, 'C1','Birth Date - Insured C','')
insert into HealthCode (HealthCodeTypeID, Code, Name, [Description]) values (2, 'C2','Effective Date - Insured C Policy','')
insert into HealthCode (HealthCodeTypeID, Code, Name, [Description]) values (2, 'C3','Benefits Exhausted - Payer C','')
insert into HealthCode (HealthCodeTypeID, Code, Name, [Description]) values (2, 'DR','','Reserved for Disaster Related Occurrence Code.')
insert into HealthCode (HealthCodeTypeID, Code, Name, [Description]) values (2, '70','Qualifying Stay Dates for SNF Use Only','')
insert into HealthCode (HealthCodeTypeID, Code, Name, [Description]) values (2, '71','Prior Stay Dates','')
insert into HealthCode (HealthCodeTypeID, Code, Name, [Description]) values (2, '72','First/Last Visit Dates','')
insert into HealthCode (HealthCodeTypeID, Code, Name, [Description]) values (2, '73','Benefit Eligibility Period','')
insert into HealthCode (HealthCodeTypeID, Code, Name, [Description]) values (2, '74','Non-covered Level of Care/Leave of Absence Dates','')
insert into HealthCode (HealthCodeTypeID, Code, Name, [Description]) values (2, '75','SNF Level of Care Dates','')
insert into HealthCode (HealthCodeTypeID, Code, Name, [Description]) values (2, '76','Patient Liability','')
insert into HealthCode (HealthCodeTypeID, Code, Name, [Description]) values (2, '77','Provider Liability Period','')
insert into HealthCode (HealthCodeTypeID, Code, Name, [Description]) values (2, '78','SNF Prior Stay Dates','')
insert into HealthCode (HealthCodeTypeID, Code, Name, [Description]) values (2, '79','Payer Code','')
insert into HealthCode (HealthCodeTypeID, Code, Name, [Description]) values (2, '80','Prior Same-SNF Stay Dates for Payment Ban Purposes','')
insert into HealthCode (HealthCodeTypeID, Code, Name, [Description]) values (2, 'M0','QIO/UR Approved Stay Dates','')
insert into HealthCode (HealthCodeTypeID, Code, Name, [Description]) values (2, 'M1','Provider Liability - No Utilization','')
insert into HealthCode (HealthCodeTypeID, Code, Name, [Description]) values (2, 'M2','Inpatient Respite Date','')
insert into HealthCode (HealthCodeTypeID, Code, Name, [Description]) values (2, 'M3','ICF Level of Care ','')
insert into HealthCode (HealthCodeTypeID, Code, Name, [Description]) values (2, 'M4','Residential Level of Care','')


insert into HealthCode (HealthCodeTypeID, Code, Name, [Description]) values (3, '01','Most Common Semi-private Rate','To provide for the recording of hospital''s most common semi-private rate.')
insert into HealthCode (HealthCodeTypeID, Code, Name, [Description]) values (3, '02','Hospital has no Semi-private Rooms','')
insert into HealthCode (HealthCodeTypeID, Code, Name, [Description]) values (3, '04','Professional Component Charges which are Combined Billed','')
insert into HealthCode (HealthCodeTypeID, Code, Name, [Description]) values (3, '05','Professional Component Included in Charges and also Billed Separate to Carrier','')
insert into HealthCode (HealthCodeTypeID, Code, Name, [Description]) values (3, '06','Blood Deductible','')
insert into HealthCode (HealthCodeTypeID, Code, Name, [Description]) values (3, '08','Life Time Reserve Amount in the First Calendar Year','')
insert into HealthCode (HealthCodeTypeID, Code, Name, [Description]) values (3, '09','Coinsurance Amount in the First Calendar Year','')
insert into HealthCode (HealthCodeTypeID, Code, Name, [Description]) values (3, '10','Lifetime Reserve Amount in the Second Calendar Year','')
insert into HealthCode (HealthCodeTypeID, Code, Name, [Description]) values (3, '11','Coinsurance Amount in the Second Calendar Year','')
insert into HealthCode (HealthCodeTypeID, Code, Name, [Description]) values (3, '12','Working Aged Beneficiary/Spouse with Employer Group Health Plan','')
insert into HealthCode (HealthCodeTypeID, Code, Name, [Description]) values (3, '13','ESRD Beneficiary in a Medicare Coordination Period with an Employer Group Health Plan','')
insert into HealthCode (HealthCodeTypeID, Code, Name, [Description]) values (3, '14','No-Fault, Including Auto/Other','')
insert into HealthCode (HealthCodeTypeID, Code, Name, [Description]) values (3, '15','Worker''s Compensation','')
insert into HealthCode (HealthCodeTypeID, Code, Name, [Description]) values (3, '16','PHS, or Other Federal Agency','')
insert into HealthCode (HealthCodeTypeID, Code, Name, [Description]) values (3, '21','Catastrophic','')
insert into HealthCode (HealthCodeTypeID, Code, Name, [Description]) values (3, '22','Surplus','')
insert into HealthCode (HealthCodeTypeID, Code, Name, [Description]) values (3, '23','Recurring Monthly Income','')
insert into HealthCode (HealthCodeTypeID, Code, Name, [Description]) values (3, '24','Medicaid Rate Code','')
insert into HealthCode (HealthCodeTypeID, Code, Name, [Description]) values (3, '25','Offset to the Patient-Payment Amount - Prescription Drugs','')
insert into HealthCode (HealthCodeTypeID, Code, Name, [Description]) values (3, '26','Offset to the Patient-Payment Amount - Hearing and Ear Services','')
insert into HealthCode (HealthCodeTypeID, Code, Name, [Description]) values (3, '27','Offset to the Patient-Payment Amount - Vision and Eye Services','')
insert into HealthCode (HealthCodeTypeID, Code, Name, [Description]) values (3, '28','Offset to the Patient-Payment Amount - Dental Services','')
insert into HealthCode (HealthCodeTypeID, Code, Name, [Description]) values (3, '29','Offset to the Patient-Payment Amount - Chiropractic Services','')
insert into HealthCode (HealthCodeTypeID, Code, Name, [Description]) values (3, '30','Preadmission Testing','')
insert into HealthCode (HealthCodeTypeID, Code, Name, [Description]) values (3, '31','Patient Liability Amount','')
insert into HealthCode (HealthCodeTypeID, Code, Name, [Description]) values (3, '32','Multiple Patient Ambulance Transport','')
insert into HealthCode (HealthCodeTypeID, Code, Name, [Description]) values (3, '33','Offset to the Patient-Payment Amount - Podiatric Sercvices','')
insert into HealthCode (HealthCodeTypeID, Code, Name, [Description]) values (3, '34','Offset to the Patient-Payment Amount - Other Medical Services','')
insert into HealthCode (HealthCodeTypeID, Code, Name, [Description]) values (3, '35','Offset to the Patient-Payment Amount - Health Insurance Premiums','')
insert into HealthCode (HealthCodeTypeID, Code, Name, [Description]) values (3, '37','Units of Blood Furnished','')
insert into HealthCode (HealthCodeTypeID, Code, Name, [Description]) values (3, '38','Blood Deductible Units','')
insert into HealthCode (HealthCodeTypeID, Code, Name, [Description]) values (3, '39','Units of Blood Replaced','')
insert into HealthCode (HealthCodeTypeID, Code, Name, [Description]) values (3, '40','New Coverage not Implemented by HMO (for inpatient service only)','')
insert into HealthCode (HealthCodeTypeID, Code, Name, [Description]) values (3, '41','Black Lung','')
insert into HealthCode (HealthCodeTypeID, Code, Name, [Description]) values (3, '42','VA','')
insert into HealthCode (HealthCodeTypeID, Code, Name, [Description]) values (3, '43','Disabled Beneficiary Under Age 65 with LGHP','')
insert into HealthCode (HealthCodeTypeID, Code, Name, [Description]) values (3, '44','Amount Provider Agreed to Accept from Primary Payer when this Amount is less than Charges but Higher than Payment Received','')
insert into HealthCode (HealthCodeTypeID, Code, Name, [Description]) values (3, '45','Accident Hour','')
insert into HealthCode (HealthCodeTypeID, Code, Name, [Description]) values (3, '46','Number of Grace Days','')
insert into HealthCode (HealthCodeTypeID, Code, Name, [Description]) values (3, '47','Any Liability Insurance','')
insert into HealthCode (HealthCodeTypeID, Code, Name, [Description]) values (3, '48','Hemoglobin Reading','')
insert into HealthCode (HealthCodeTypeID, Code, Name, [Description]) values (3, '49','Hematocrit Reading','')
insert into HealthCode (HealthCodeTypeID, Code, Name, [Description]) values (3, '50','Physical Therapy Visits','')
insert into HealthCode (HealthCodeTypeID, Code, Name, [Description]) values (3, '51','Occupational Therapy Visits','')
insert into HealthCode (HealthCodeTypeID, Code, Name, [Description]) values (3, '52','Speech Therapy Visits','')
insert into HealthCode (HealthCodeTypeID, Code, Name, [Description]) values (3, '53','Cardiac Rehab Visits','')
insert into HealthCode (HealthCodeTypeID, Code, Name, [Description]) values (3, '54','Newborn Birth Weight in Grams','')
insert into HealthCode (HealthCodeTypeID, Code, Name, [Description]) values (3, '55','Eligibility Threshold for Charity Care','')
insert into HealthCode (HealthCodeTypeID, Code, Name, [Description]) values (3, '56','Skilled Nurse - Home Visit Hours (HHA only)','')
insert into HealthCode (HealthCodeTypeID, Code, Name, [Description]) values (3, '57','Home Health Aide - Home Visit Hours (HHA only)','')
insert into HealthCode (HealthCodeTypeID, Code, Name, [Description]) values (3, '58','Arterial Blood Gas (PO2/PA2)','')
insert into HealthCode (HealthCodeTypeID, Code, Name, [Description]) values (3, '59','Oxygen Saturation (O2 Sat/Oximetry)','')
insert into HealthCode (HealthCodeTypeID, Code, Name, [Description]) values (3, '60','HHA Branch MSA','')
insert into HealthCode (HealthCodeTypeID, Code, Name, [Description]) values (3, '61','Place of Residence where Service is Furnished (HHA and Hospice)','')
insert into HealthCode (HealthCodeTypeID, Code, Name, [Description]) values (3, '66','Medicaid Spend Down Amount','')
insert into HealthCode (HealthCodeTypeID, Code, Name, [Description]) values (3, '67','Peritoneal Dialysis','')
insert into HealthCode (HealthCodeTypeID, Code, Name, [Description]) values (3, '68','EPO - Drug','')
insert into HealthCode (HealthCodeTypeID, Code, Name, [Description]) values (3, '69','State Charity Care Percent','')
insert into HealthCode (HealthCodeTypeID, Code, Name, [Description]) values (3, '80','Covered Days','')
insert into HealthCode (HealthCodeTypeID, Code, Name, [Description]) values (3, '81','Non-covered Days','')
insert into HealthCode (HealthCodeTypeID, Code, Name, [Description]) values (3, '82','Co-insurance Days','')
insert into HealthCode (HealthCodeTypeID, Code, Name, [Description]) values (3, '83','Lifetime Reserve Days','')
insert into HealthCode (HealthCodeTypeID, Code, Name, [Description]) values (3, 'A0','Special ZIP Code Reporting','')
insert into HealthCode (HealthCodeTypeID, Code, Name, [Description]) values (3, 'A1','Deductible Payer A','')
insert into HealthCode (HealthCodeTypeID, Code, Name, [Description]) values (3, 'A2','Coinsurance Payer A','')
insert into HealthCode (HealthCodeTypeID, Code, Name, [Description]) values (3, 'A3','Estimated Responsibility Payer A','')
insert into HealthCode (HealthCodeTypeID, Code, Name, [Description]) values (3, 'A4','Covered Self-administrable Drugs - Emergency','')
insert into HealthCode (HealthCodeTypeID, Code, Name, [Description]) values (3, 'A5','Covered Self-administrable Drugs - not Self-administrable in the Form and Situation Furnished to Patient','')
insert into HealthCode (HealthCodeTypeID, Code, Name, [Description]) values (3, 'A6','Covered Self-administrable Drugs - Diagnostic Study and Other','')
insert into HealthCode (HealthCodeTypeID, Code, Name, [Description]) values (3, 'A7','Co-payment Payer A','')
insert into HealthCode (HealthCodeTypeID, Code, Name, [Description]) values (3, 'A8','Patient Weight','')
insert into HealthCode (HealthCodeTypeID, Code, Name, [Description]) values (3, 'A9','Patient Height','')
insert into HealthCode (HealthCodeTypeID, Code, Name, [Description]) values (3, 'AA','Regulatory Surcharges, Assessments, Allowances or Health Care Related Taxes Payer A','')
insert into HealthCode (HealthCodeTypeID, Code, Name, [Description]) values (3, 'AB','Other Assessments or Allowances (e.g., Medical Education) Payer A','')
insert into HealthCode (HealthCodeTypeID, Code, Name, [Description]) values (3, 'B1','Deductible Payer B','')
insert into HealthCode (HealthCodeTypeID, Code, Name, [Description]) values (3, 'B2','Coinsurance Payer B','')
insert into HealthCode (HealthCodeTypeID, Code, Name, [Description]) values (3, 'B3','Estimated Responsibility Payer B','')
insert into HealthCode (HealthCodeTypeID, Code, Name, [Description]) values (3, 'B7','Co-payment Payer B','')
insert into HealthCode (HealthCodeTypeID, Code, Name, [Description]) values (3, 'BA','Regulatory Surcharges, Assessments, Allowances or Health Care Related Taxes Payer B','')
insert into HealthCode (HealthCodeTypeID, Code, Name, [Description]) values (3, 'BB','Other Assessments or Allowances (e.g., Medical Education) Payer B','')
insert into HealthCode (HealthCodeTypeID, Code, Name, [Description]) values (3, 'C1','Deductible Payer C','')
insert into HealthCode (HealthCodeTypeID, Code, Name, [Description]) values (3, 'C2','Coinsurance Payer C','')
insert into HealthCode (HealthCodeTypeID, Code, Name, [Description]) values (3, 'C3','Estimated Responsibility Payer C','')
insert into HealthCode (HealthCodeTypeID, Code, Name, [Description]) values (3, 'C7','Co-payment Payer C','')
insert into HealthCode (HealthCodeTypeID, Code, Name, [Description]) values (3, 'CA','Regulatory Surcharges, Assessments, Allowances or Health Care Related Taxes Payer C','')
insert into HealthCode (HealthCodeTypeID, Code, Name, [Description]) values (3, 'CB','Other Assessments or Allowances (e.g., Medical Education) Payer C','')
insert into HealthCode (HealthCodeTypeID, Code, Name, [Description]) values (3, 'D3','Patient Estimated Responsibility','')
insert into HealthCode (HealthCodeTypeID, Code, Name, [Description]) values (3, 'D4','Clinical Trial Number Assigned by NLM/NIH','')
insert into HealthCode (HealthCodeTypeID, Code, Name, [Description]) values (3, 'FC','Patient Paid Amount','')
insert into HealthCode (HealthCodeTypeID, Code, Name, [Description]) values (3, 'FD','Credit Received from the Manufacturer for a Replaced Medical Device','')
insert into HealthCode (HealthCodeTypeID, Code, Name, [Description]) values (3, 'G8','Facility where Inpatient Hospice Service is Delivered','')
insert into HealthCode (HealthCodeTypeID, Code, Name, [Description]) values (3, 'Y1','Part A Demonstration Payment','')
insert into HealthCode (HealthCodeTypeID, Code, Name, [Description]) values (3, 'Y2','Part B Demonstration Payment','')
insert into HealthCode (HealthCodeTypeID, Code, Name, [Description]) values (3, 'Y3','Part B Coinsurance','')
insert into HealthCode (HealthCodeTypeID, Code, Name, [Description]) values (3, 'Y4','Conventional Provider Payment Amount for Non-Demonstration Claims','')



if exists (select * from sys.tables where name = 'BillType')
	drop table dbo.BillType
GO

create table dbo.BillType (
	BillTypeID int not null identity(1, 1),
	Code varchar(3) not null,
	Name varchar(255),
	
	CONSTRAINT PK_BillTypeID PRIMARY KEY CLUSTERED 
	(
		BillTypeID ASC
	)
)
GO
--insert into BillType (Code, Name) values ('TB1', 'Type of bill 1');
--insert into BillType (Code, Name) values ('TB2', 'Type of bill 2');
--insert into BillType (Code, Name) values ('TB3', 'Type of bill 3');


insert into BillType (Code, Name) values ('011','Hospital Inpatient (Including Medicare Part A)')
insert into BillType (Code, Name) values ('012','Hospital Inpatient (Medicare Part B only)')
insert into BillType (Code, Name) values ('013','Hospital Outpatient')
insert into BillType (Code, Name) values ('014','Hospital - Laboratory Services Provided to Non-patients')
insert into BillType (Code, Name) values ('018','Hospital - Swing Beds')
insert into BillType (Code, Name) values ('021','Skilled Nursing - Inpatient (Including Medicare Part A)')
insert into BillType (Code, Name) values ('022','Skilled Nursing - Inpatient (Medicare Part B only)')
insert into BillType (Code, Name) values ('023','Skilled Nursing - Outpatient')
insert into BillType (Code, Name) values ('028','Skilled Nursing - Swing Beds')
insert into BillType (Code, Name) values ('032','Home Health - Inpatient (plan of treatment under Part B only)')
insert into BillType (Code, Name) values ('033','Home Health - Outpatient (plan of treatment under Part A, including DME under Part A)')
insert into BillType (Code, Name) values ('034','Home Health - Other (for medical and surgical services not under a plan of treatment)')
insert into BillType (Code, Name) values ('041','Religious Non-Medical Health Care Institutions - Hospital Inpatient')
insert into BillType (Code, Name) values ('042','Reserved for Assignment by NUBC')
insert into BillType (Code, Name) values ('043','Religious Non-Medical Health Care Institutions - Outpatient Services')
insert into BillType (Code, Name) values ('065','Intermediate Care - Level I')
insert into BillType (Code, Name) values ('066','Intermediate Care - Level II')
insert into BillType (Code, Name) values ('071','Clinic - Rural Health')
insert into BillType (Code, Name) values ('072','Clinic - Hospital Based or Independent Renal Dialysis Center')
insert into BillType (Code, Name) values ('073','Clinic - Freestanding')
insert into BillType (Code, Name) values ('074','Clinic - Outpatient Rehabilitation Facility (ORF)')
insert into BillType (Code, Name) values ('075','Clinic - Comprehensive Outpatient Rehabilitation Facility (CORF)')
insert into BillType (Code, Name) values ('076','Clinic - Community Mental Health Center')
insert into BillType (Code, Name) values ('077','Clinic - Federally Qualified Health Center (FQHC)  (Effective 4/1/10)')
insert into BillType (Code, Name) values ('078','Reserved for Assignment by NUBC')
insert into BillType (Code, Name) values ('079','Clinic - Other')
insert into BillType (Code, Name) values ('080','Reserved for Assignment by NUBC')
insert into BillType (Code, Name) values ('081','Special Facility - Hospice (non-hospital based)')
insert into BillType (Code, Name) values ('082','Special Facility - Hospice (hospital based)')
insert into BillType (Code, Name) values ('083','Special Facility - Ambulatory Surgery Center')
insert into BillType (Code, Name) values ('084','Special Facility - Free Standing Birthing Center')
insert into BillType (Code, Name) values ('085','Special Facility - Critical Access Hospital')
insert into BillType (Code, Name) values ('086','Special Facility - Residential Facility')
insert into BillType (Code, Name) values ('089','Special Facility - Other')


-- aka - Frequency Code
create table dbo.SubmitReason (
	SubmitReasonID int not null identity(1, 1),
	Code char(1) not null,
	Name varchar(255),
	[Description] varchar(255),
	
	CONSTRAINT PK_SubmitReasonID PRIMARY KEY CLUSTERED 
	(
		SubmitReasonID ASC
	)
)
GO

--insert into SubmitReason (Code, Name) values ('1', 'Submit Reason 1')
--insert into SubmitReason (Code, Name) values ('2', 'Submit Reason 2')
--insert into SubmitReason (Code, Name) values ('7', 'Replacement of Prior Claim')
--insert into SubmitReason (Code, Name) values ('8', 'Void/Cancel of Prior Claim')

insert into SubmitReason (Code, Name) values ('0', 'Non-Payment/Zero')
insert into SubmitReason (Code, Name) values ('1', 'Admit Through Discharge Claim (a)')
insert into SubmitReason (Code, Name) values ('2', 'Interim - First Claim')
insert into SubmitReason (Code, Name) values ('3', 'Interim - Continuing Claim (b)')
insert into SubmitReason (Code, Name) values ('4', 'Interim - Last Claim (b)')
insert into SubmitReason (Code, Name) values ('5', 'Late Charge(s) Only')
--insert into SubmitReason (Code, Name) values ('6', '')
insert into SubmitReason (Code, Name) values ('7', 'Replacement of Prior Claim (a)')
insert into SubmitReason (Code, Name) values ('8', 'Void/Cancel of Prior Claim (a)')
insert into SubmitReason (Code, Name) values ('9', 'Final Claim for a Home Health PPS Episode')
insert into SubmitReason (Code, Name) values ('A', 'Admission/Election Notice')
insert into SubmitReason (Code, Name) values ('B', 'Hospice/CMS Coordinated Care Demonstration/Religious Non-Medical Health Care Institution/Centers of Excellence Demonstration/Provider Partnerships Demonstration')
insert into SubmitReason (Code, Name) values ('C', 'Hospice Change of Provider Notice')
insert into SubmitReason (Code, Name) values ('D', 'Hospice/CMS Coordinated Care Demonstration/Religious Non-Medical Health Care Institution/Centers of Excellence Demonstration/Provider Partnerships Demonstration Void/Cancel')
insert into SubmitReason (Code, Name) values ('E', 'Hospice Change of Ownership')
insert into SubmitReason (Code, Name) values ('F', 'Beneficiary Initiated Adjustment Claim')
insert into SubmitReason (Code, Name) values ('G', 'CWF Initiated Adjustment Claim')
insert into SubmitReason (Code, Name) values ('H', 'CMS Initiated Adjustment')
insert into SubmitReason (Code, Name) values ('I', 'Intermediary Adjustment Claim (Other than QIO or Provider)')
insert into SubmitReason (Code, Name) values ('J', 'Initiated Adjustment Claim - Other')
insert into SubmitReason (Code, Name) values ('K', 'OIG Initiated Adjustment Claim')
insert into SubmitReason (Code, Name) values ('M', 'MSP Initiated Adjustment Claim')
insert into SubmitReason (Code, Name) values ('O', 'Nonpayment/Zero Claims')
insert into SubmitReason (Code, Name) values ('P', 'QIO Adjustment Claim')
insert into SubmitReason (Code, Name) values ('Q', 'Claim Submitted for Reconsideration Outside of Timely Limits')
insert into SubmitReason (Code, Name) values ('X', 'Void/Cancel a Prior Abbreviated Encounter Submission')
insert into SubmitReason (Code, Name) values ('Y', 'Replacement of Prior Abbreviated Encounter Submission')
insert into SubmitReason (Code, Name) values ('Z', 'New Abbreviated Encounter Submission')



/************************** REVENUE CODES RELATED ****************************************/

if exists (select * from sys.tables where name = 'RevenueCode')
	drop table dbo.RevenueCode
GO

if exists (select * from sys.tables where name = 'RevenueCodeCategory')
	drop table dbo.RevenueCodeCategory
GO

if exists (select * from sys.tables where name = 'RevenueCodeUnit')
	drop table dbo.RevenueCodeUnit
GO

create table dbo.RevenueCodeUnit (
	RevenueCodeUnitID int not null identity(1, 1),
	Name varchar(32) not null,

	CONSTRAINT PK_RevenueCodeUnitID PRIMARY KEY CLUSTERED 
	(
		RevenueCodeUnitID ASC
	)
)
GO

create table dbo.RevenueCodeCategory (
	RevenueCodeCategoryID int not null identity(1, 1),
	Name varchar(255) not null,
	[Description] varchar(255),
	
	CONSTRAINT PK_RevenueCodeCategoryID PRIMARY KEY CLUSTERED 
	(
		RevenueCodeCategoryID ASC
	)
)
GO

create table dbo.RevenueCode (
	RevenueCodeID int not null identity(1, 1),
	Code varchar(4) not null,
	SubcategoryDefinition varchar(255),
	StandardAbbrevation varchar(255),
	RevenueCodeUnitID int,
	HCPCS bit default 0,
	RevenueCategoryID int,
	
	CONSTRAINT PK_RevenueCodeID PRIMARY KEY CLUSTERED 
	(
		RevenueCodeID ASC
	)
)
GO

insert into dbo.RevenueCodeUnit (Name) values ('Days')
insert into dbo.RevenueCodeUnit (Name) values ('Tests')
insert into dbo.RevenueCodeUnit (Name) values ('Pints')
insert into dbo.RevenueCodeUnit (Name) values ('Treatment')
insert into dbo.RevenueCodeUnit (Name) values ('HCPCS')
insert into dbo.RevenueCodeUnit (Name) values ('Visit')
insert into dbo.RevenueCodeUnit (Name) values ('Mile')
insert into dbo.RevenueCodeUnit (Name) values ('Item')
insert into dbo.RevenueCodeUnit (Name) values ('Hour')
insert into dbo.RevenueCodeUnit (Name) values ('Unit')
insert into dbo.RevenueCodeUnit (Name) values ('Each')
insert into dbo.RevenueCodeUnit (Name) values ('Sessions')

insert into dbo.RevenueCodeCategory (Name) values ('Revenue Category 1')
--insert into dbo.RevenueCodeCategory (Name) values ('Revenue Category 2')

insert into dbo.RevenueCode (Code, RevenueCodeUnitID, StandardAbbrevation) values ('490', 1, 'Ambulatory Surgical Center')
--insert into dbo.RevenueCode (Code, RevenueCodeUnitID) values ('Rev2', 2)
